{"acq_vals": [3.585711766631493], "deepest_minima": [-3.5777059440733865]}