{"query_points": [[2.0816122875535896, 1.882194820088337], [2.3823362927583087, 2.6404174928035147], [2.2416299132802404, 2.925683191291272], [2.2824910811399413, 2.167210741014177], [4.935856806521116, 4.463416623502218], [4.06855018954143, 4.9046363797213175], [3.778621666422547, 5.074529646419991], [4.426828305797017, 4.543493499963672]], "observations": [[-2.1401625145808794], [-3.375422691635322], [-3.5777059440733865], [-2.641426776885055], [2.724134719290305], [-1.708258925122209], [-2.6524950286839157], [0.007984225347172469]]}