{"acq_vals": [20.93547089237959, 15.967676513981523, 12.217209425004082, 76.11362155468365, 990.4029538524802, 959.8719326122972, 442.2106188298031, 309.5814717258794, 339.48147493402746, 111.29658711479416, 138.35381312792637, 251.3477676711717, 248.07134226366654, 194.98650663394463, 103.97443524644133, 172.31656243919727, 62.8985120167371, 58.188464576077635, 47.55726351576853, 37.283398594203994, 159.3145503994379, 53.3913918790723, 69.04382675321014, 19.877492840110904, 13.196070051309198, 62.54358253735026, 60.454162255159964, 17.887460805273054, 67.90617582932694, 1.8138883252593652, 18.060918579819102, 41.415090227974986, 20.75402409796915, 44.668332226141246, 19.249143823564484, 14.574027073881489, 19.25961258425554, 2.4396980216534065, 26.299159015456482, 4.315773181635412, 9.29368838664026, 15.862723010614035, 10.491562238630125, 8.02702380683943, 10.224451233469292, 7.183392766047185, 3.956109491181986, 0.11276123492734769, 6.428153322929583, 0.6059223426017905], "deepest_minima": [1.4257801708299667, 1.4257801708299667, 1.4257801708299667, -7.402008447272237, -7.402008447272237, -7.402008447272237, -7.402008447272237, -7.418592830537818, -7.418592830537818, -7.448153674195055, -7.448153674195055, -7.448153674195055, -7.448153674195055, -7.448153674195055, -7.448153674195055, -7.448153674195055, -7.448153674195055, -7.448153674195055, -7.448153674195055, -7.515753457613755, -7.515753457613755, -7.515753457613755, -7.515753457613755, -7.515753457613755, -7.515753457613755, -7.515753457613755, -7.515753457613755, -7.515753457613755, -7.515753457613755, -7.515753457613755, -7.515753457613755, -7.515753457613755, -7.515753457613755, -7.515753457613755, -7.515753457613755, -7.515753457613755, -7.515753457613755, -7.515753457613755, -7.515753457613755, -7.515753457613755, -7.515753457613755, -7.515753457613755, -7.515753457613755, -7.515753457613755, -7.515753457613755, -7.515753457613755, -7.515753457613755, -7.515753457613755, -7.515753457613755, -7.515753457613755], "norm_en": -307917.97903379245}