{"acq_vals": [19.352026683333236, 11.628170180540474, 14.885420321739911, 521.1592158909988, 68.01770262128362, 214.54132385625152, 360.8174190880667, 22.05451030316194, 113.76255103293639, 288.9353003108964, 298.1628032388708, 60.02039832047069, 79.4765438923868, 98.86514343817754, 81.4721430348368, 96.4580582108499, 71.20847091814832, 108.95747962411147, 15.015514406177514, 64.92832675962727, 15.460197385056766, 50.24128365849477, 12.348452646077106, 12.533297318032966, 31.848991460083727, 1.6591553683062303, 3.8140857824777443, 20.021051535256138, 7.829009771581645, 7.410481597789308, 0.8949709542077658, 0.8607433439460555, 29.54555512576388, 32.29726194178364, 24.497570319120438, 0.6728379828863197, 6.847398034555436, 4.587206334721561, 6.718802338818598, 0.9161811084853538, 0.16431201273902207, 0.08421189985847377, 13.04632476554843, 6.6442545245019256, 10.98630200677422, 6.146612717673372, 0.11920465776620394, 0.09314297207447453, 7.037826715032854, 0.07549843092238007], "deepest_minima": [-7.417279913148377, -7.417279913148377, -7.417279913148377, -7.417279913148377, -7.417279913148377, -7.417279913148377, -7.417279913148377, -7.417279913148377, -7.417279913148377, -7.417279913148377, -7.417279913148377, -7.417279913148377, -7.417279913148377, -7.417279913148377, -7.454203495581169, -7.454203495581169, -7.454203495581169, -7.454203495581169, -7.454203495581169, -7.454203495581169, -7.454203495581169, -7.454203495581169, -7.454203495581169, -7.454203495581169, -7.454203495581169, -7.454203495581169, -7.454203495581169, -7.454203495581169, -7.454203495581169, -7.454203495581169, -7.464865276240744, -7.464865276240744, -7.464865276240744, -7.464865276240744, -7.464865276240744, -7.464865276240744, -7.464865276240744, -7.464865276240744, -7.464865276240744, -7.46838608320104, -7.46838608320104, -7.46838608320104, -7.46838608320104, -7.46838608320104, -7.46838608320104, -7.46838608320104, -7.46838608320104, -7.46838608320104, -7.46838608320104, -7.46838608320104], "norm_en": -307917.97903379245}