{"acq_vals": [531.6949513103167, 348.5191130090714, 296.0387348806134, 313.97665504414846, 210.66293995994116, 352.65080332393734, 211.32208018707217, 246.58227100495924, 204.01245719272305, 203.31893111967472, 173.29328080736454, 162.95672902968084, 164.2293912955782, 67.62859764010248, 138.13990920540715, 126.07356174408685, 140.58836750083404, 123.12722877552532, 72.06385794721147, 112.4991601689152, 125.36438713409078, 120.42250358036337, 102.8426660395977, 39.63714839280199, 52.59142298603073, 59.20026836237221, 133.23990307775654, 89.54204263040026, 63.67773049683649, 83.678470607466, 45.930047408968804, 70.911500521474, 45.32128932369239, 73.85974373000742, 66.25000513579391, 64.33652041962412, 75.97639326911253, 63.66082399833201, 26.635138723342838, 48.84098960330635, 53.63543459966891, 83.14998550228783, 93.43202585517986, 61.60509233293896, 48.519006664692164, 87.34551060803744, 117.99571045961743, 115.55980858449585, 81.07212011362432, 85.75601076508082], "deepest_minima": [-1.9322158227441832, -1.9322158227441832, -1.9322158227441832, -1.9322158227441832, -1.9866372691467404, -1.9866372691467404, -1.9866372691467404, -2.2017703970195726, -2.2017703970195726, -2.2017703970195726, -2.2017703970195726, -2.2017703970195726, -2.2017703970195726, -2.2017703970195726, -2.2017703970195726, -2.2017703970195726, -2.2017703970195726, -2.2017703970195726, -2.2017703970195726, -2.2017703970195726, -2.2017703970195726, -2.2017703970195726, -2.2017703970195726, -2.2017703970195726, -2.2017703970195726, -2.227815859252587, -2.227815859252587, -2.227815859252587, -2.227815859252587, -2.227815859252587, -2.227815859252587, -2.227815859252587, -2.227815859252587, -2.227815859252587, -2.227815859252587, -2.227815859252587, -2.227815859252587, -2.227815859252587, -2.227815859252587, -2.227815859252587, -2.227815859252587, -2.227815859252587, -2.227815859252587, -2.227815859252587, -2.227815859252587, -2.227815859252587, -2.227815859252587, -2.227815859252587, -2.227815859252587, -2.227815859252587], "norm_en": -577108.3228092517}