{"acq_vals": [91.25548153509168, 78.61271111811725, 78.5483758354308, 77.36021877419388, 67.45120801125954, 70.29565360664914, 141.49490546211135, 100.27116577888944, 99.31348523669479, 73.1228289598623, 86.02406691839975, 100.23807271866347, 79.6591119456306, 77.82899880976382, 104.45043373074246, 93.38785848070945, 80.58715041174055, 92.26045540864851, 112.02736221536664, 77.37204502426856, 109.89547865981986, 77.41729730601776, 68.77687137475351, 110.2089992744884, 73.86798705874665, 75.99379594609898, 104.07837094744202, 83.83115170026757, 64.98142362463103, 62.68599043565514, 63.111448759834474, 80.50809496039271, 74.10457739505736, 78.09631416895157, 47.38002766430365, 67.6311036386309, 51.80272980031688, 43.186514573686324, 63.13789876254876, 68.13381790656594, 60.355726821231286, 65.89686317991925, 42.44363411539981, 80.53021824905066, 70.08949803626558, 72.9653943675963, 64.3556461507545, 58.25356661739635, 56.98255197390878, 48.01319004206324], "deepest_minima": [-0.3251201829989441, -0.4204516927129589, -0.4204516927129589, -0.4204516927129589, -0.4204516927129589, -0.4204516927129589, -0.4204516927129589, -0.4204516927129589, -0.4204516927129589, -0.4204516927129589, -0.4204516927129589, -0.4204516927129589, -0.4204516927129589, -0.4204516927129589, -0.4204516927129589, -0.4204516927129589, -0.4204516927129589, -0.4204516927129589, -0.4204516927129589, -0.4204516927129589, -0.4204516927129589, -0.4204516927129589, -0.4204516927129589, -0.4204516927129589, -0.4204516927129589, -0.4204516927129589, -0.4204516927129589, -0.4204516927129589, -0.4204516927129589, -0.4204516927129589, -0.5458820024505258, -0.5458820024505258, -0.5458820024505258, -0.5458820024505258, -0.5458820024505258, -0.5458820024505258, -0.5458820024505258, -0.5458820024505258, -0.5458820024505258, -0.5458820024505258, -0.5458820024505258, -0.5458820024505258, -0.5458820024505258, -0.5458820024505258, -0.5458820024505258, -0.5458820024505258, -0.5458820024505258, -0.5458820024505258, -0.5458820024505258, -0.5458820024505258], "norm_en": -335430.48746516433}