{"acq_vals": [630.1431410212429, 538.3758416718495, 513.4470639192097, 501.35707949559765, 500.0776893097537, 502.29545584989427, 486.41326536738546, 481.5076385597553, 477.92097950833283, 313.9862801008151, 303.7960313601948, 282.91228862233635, 255.7309674340584, 207.15983622573833, 201.06577867370694, 173.14293573615674, 205.85432035098916, 178.26443204902404, 206.29339125252744, 178.88781818740065, 164.6758721081027, 200.48617841646987, 171.6990476208567, 143.06458728346482, 142.41385774932579, 144.30725246596796, 148.77854008114926, 163.390937169595, 117.29821082925382, 97.29431265337914, 94.74385415062437, 100.62182392759911, 94.12026962405294, 89.93010212726242, 102.01446489845843, 95.46155173905849, 113.11072066654103, 95.05762104570935, 91.51080658474426, 119.49450848507067, 87.72039218271729, 89.64166244569279, 96.25403443980234, 88.84387173301234, 83.259391584264, 85.91165302351952, 83.11029320391825, 92.77665307254526, 82.61641163141105, 112.58621202098314], "deepest_minima": [2.427312563639134, 2.427312563639134, 2.427312563639134, 2.427312563639134, 2.427312563639134, 2.427312563639134, 2.427312563639134, 1.858899028331507, 1.858899028331507, 1.858899028331507, 1.858899028331507, 1.858899028331507, 1.858899028331507, 1.858899028331507, 1.858899028331507, 0.7164270538487472, 0.7164270538487472, 0.7164270538487472, 0.7164270538487472, 0.7164270538487472, 0.7164270538487472, 0.7164270538487472, 0.7164270538487472, 0.7164270538487472, 0.7164270538487472, 0.11009935417678207, 0.11009935417678207, -1.6868238151655532, -1.6868238151655532, -1.6868238151655532, -1.6868238151655532, -1.6868238151655532, -1.6868238151655532, -1.6868238151655532, -1.6868238151655532, -1.6868238151655532, -1.6868238151655532, -1.6868238151655532, -1.6868238151655532, -1.6868238151655532, -1.6868238151655532, -1.6868238151655532, -1.6868238151655532, -1.6868238151655532, -1.6868238151655532, -1.6868238151655532, -1.6868238151655532, -1.6868238151655532, -1.6868238151655532, -1.6868238151655532]}