{"acq_vals": [830.5635700862643, 739.1044987476944, 619.0223771666504, 509.9147225260529, 557.5121300970782, 558.3175242124281, 535.1956771413903, 493.0769930318308, 546.7804441500429, 514.4474597066296, 419.7505648011866, 492.08076172019304, 380.6215825513272, 345.74654012603816, 371.41467645473494, 398.8075982953076, 274.9829651306675, 262.2804941918274, 288.00164200027456, 318.91189486271736, 182.25452193634405, 205.3953338583275, 260.8461103862872, 328.21038529388323, 235.9037177204864, 208.15656468551742, 229.01263278525693, 209.48211866046117, 177.71304483764308, 244.76573671660512, 219.95339864008588, 221.19255400207825, 272.46854911109426, 231.78520152667375, 224.2892651324812, 163.6305971610954, 142.17045582372077, 192.4435973894659, 144.0132532362466, 179.10923614941095, 240.0324122432956, 209.5117834308028, 279.8539994256154, 125.99607994122974, 222.44826174317353, 137.45932261764534, 180.343011312663, 74.16091651555735, 129.3734510528858, 124.80230475468667], "deepest_minima": [0.523777139140293, 0.523777139140293, 0.523777139140293, 0.523777139140293, 0.523777139140293, 0.4653374592307955, 0.4653374592307955, -1.298647283576429, -1.298647283576429, -2.1444767664652318, -2.1444767664652318, -2.1444767664652318, -2.1444767664652318, -2.1444767664652318, -2.1444767664652318, -2.1444767664652318, -2.1444767664652318, -2.1970015689730644, -2.1970015689730644, -2.1970015689730644, -2.1970015689730644, -2.1970015689730644, -2.1970015689730644, -2.1970015689730644, -2.1970015689730644, -2.1970015689730644, -2.1970015689730644, -2.1970015689730644, -2.1970015689730644, -2.1970015689730644, -2.1970015689730644, -2.1970015689730644, -2.1970015689730644, -2.1970015689730644, -2.1970015689730644, -2.1970015689730644, -2.1970015689730644, -2.1970015689730644, -2.1970015689730644, -2.1970015689730644, -2.1970015689730644, -2.1970015689730644, -2.1970015689730644, -2.1970015689730644, -2.1970015689730644, -2.1970015689730644, -2.1970015689730644, -2.1970015689730644, -2.1970015689730644, -2.1970015689730644], "norm_en": -1056417.0631725974}