{"acq_vals": [22.52123276349036, 18.31055414320511, 9.986464185541028, 18.683870858118382, 11.599209245940914, 9.415328567228295, 59.24653869972774, 28.91177977070205, 33.16745408231673, 5.819917466664391, 2.0668525084241587, 25.757194177303425, 6.224617021671171, 1.3640511454426694, 20.793309482570237, 5.701209939400563, 22.24094960438306, 9.134328636283461, 9.208948514918383, 26.412564744812297, 21.967724097428253, 4.025897943766885, 8.22319296260899, 18.01880287626472, 34.884762947981876, 25.518194541866954, 13.642408809500653, 3.5933402810381962, 6.52078977855459, 11.984189640258494, 18.274118210282648, 18.210451529607425, 0.18324273057534932, 0.16866028948453798, 0.11091088781472534, 0.09207577184838556, 7.044048367491293, 7.107580290932064, 3.2551562803427165, 0.11164186551582132, 4.573728703297248, 0.08288153084708938, 0.06610392296079226, 0.05733040945688117, 0.053458526893791714, 0.048881597803529075], "deepest_minima": [-7.441177800705191, -7.441177800705191, -7.441177800705191, -7.441177800705191, -7.441177800705191, -7.441177800705191, -7.441177800705191, -7.441177800705191, -7.441177800705191, -7.441177800705191, -7.472670237184502, -7.472670237184502, -7.472670237184502, -7.472670237184502, -7.472670237184502, -7.472670237184502, -7.472670237184502, -7.472670237184502, -7.472670237184502, -7.472670237184502, -7.472670237184502, -7.473417499335483, -7.473417499335483, -7.473417499335483, -7.473417499335483, -7.473417499335483, -7.473417499335483, -7.473417499335483, -7.473417499335483, -7.473417499335483, -7.473417499335483, -7.473417499335483, -7.473417499335483, -7.473417499335483, -7.473417499335483, -7.473417499335483, -7.473417499335483, -7.473417499335483, -7.473417499335483, -7.473417499335483, -7.473417499335483, -7.473417499335483, -7.473417499335483, -7.473417499335483, -7.473417499335483, -7.473417499335483], "norm_en": -307917.97903379245}