{"acq_vals": [39911.650528376515, 48778.81323523454, 54224.541100129325, 56502.768504882486, 37010.549829633266, 47153.564397262846, 47816.83517285636, 49007.72799375881, 48715.497283514094, 42962.79113563421, 44154.715484283064, 6223.375667984507, 44766.615835972814, 30417.03752347734, 39518.53900753151, 37290.323024226236, 39223.63427622587, 36283.59726534523, 38878.28711559283, 41432.733967139655, 40335.24014573222, 37462.879710732006, 39885.36271741552, 38694.547654674985, 37844.28210819488, 32957.164870997534, 31190.611616628812, 30369.57893507827, 33468.91576285202, 29510.09759107546, 46415.05782167315, 7835471.3146121, 7113150.8889002735, 6803515.691841473, 8930741.896729339, 7402715.1810774775, 7594461.057687118, 4554415.231408884, 5113178.0816979455, 8436026.081361724, 6483388.161063256, 7017741.987832129, 6840926.669028098, 5612259.234813829, 6540442.106274908, 7214946.163504168, 5458158.323774507, 6785691.346741722, 5742180.518520027, 4653247.698486601], "deepest_minima": [-1.8436294556595385, -1.8436294556595385, -1.8436294556595385, -1.8436294556595385, -1.8436294556595385, -1.8436294556595385, -1.8436294556595385, -1.8436294556595385, -1.8436294556595385, -1.8436294556595385, -1.8436294556595385, -1.8436294556595385, -1.8436294556595385, -1.8436294556595385, -1.8436294556595385, -1.8436294556595385, -1.8436294556595385, -1.8436294556595385, -1.8436294556595385, -1.8436294556595385, -1.8436294556595385, -1.8436294556595385, -1.8436294556595385, -1.8436294556595385, -1.8436294556595385, -1.8436294556595385, -1.8436294556595385, -1.8436294556595385, -1.8436294556595385, -1.8436294556595385, -1.8436294556595385, -1.8436294556595385, -1.8436294556595385, -1.8436294556595385, -1.8436294556595385, -1.8436294556595385, -1.8436294556595385, -1.8436294556595385, -1.8436294556595385, -1.8436294556595385, -1.8436294556595385, -1.8436294556595385, -1.8436294556595385, -1.8436294556595385, -1.8436294556595385, -1.8436294556595385, -1.8436294556595385, -1.8436294556595385, -1.8436294556595385, -1.8436294556595385], "norm_en": -1056417.0631725974}