{"acq_vals": [610.6998844815105, 318.1153316221414, 243.16732486991995, 329.20540357188094, 234.7794238966644, 180.79164602276887, 256.7009216841073, 136.17875795849977, 106.24733846493424, 173.1965895539944, 199.35629740195583, 115.58187145562398, 163.83692890831512, 202.12849637288915, 140.62250679273453, 73.281651487287, 101.42020512201825, 112.69693108021647, 76.35322851157939, 171.07279290486443, 113.79666526739445, 176.11684648378517, 82.33879015935351, 88.20600546437916, 106.9121403907036, 88.46219508938155, 91.54442856101281, 88.09473165757127, 44.54653663310057, 43.45664517584338, 81.75462430767121, 45.61499725989851, 41.461077665305304, 39.72251064714101, 77.85006847955728, 123.8298657242432, 65.10146745861002, 74.91539778901331, 82.7025587154023, 53.04307605713547, 48.888966216156604, 78.7881997990954, 70.92498654565216, 60.47416346434056, 59.97772775286957, 71.75993499833908, 46.24829013781334, 67.59902519972847, 38.47521830717586, 77.16031241179721], "deepest_minima": [-0.8496466042706743, -0.8496466042706743, -0.8496466042706743, -0.8496466042706743, -0.8496466042706743, -0.8496466042706743, -0.8496466042706743, -0.8496466042706743, -0.8496466042706743, -0.8496466042706743, -0.8496466042706743, -0.8496466042706743, -0.8496466042706743, -0.8496466042706743, -0.8496466042706743, -0.8496466042706743, -0.8496466042706743, -2.059943199506961, -2.238203227519989, -2.238203227519989, -2.238203227519989, -2.238203227519989, -2.238203227519989, -2.238203227519989, -2.238203227519989, -2.238203227519989, -2.238203227519989, -2.238203227519989, -2.238203227519989, -2.238203227519989, -2.238203227519989, -2.238203227519989, -2.238203227519989, -2.238203227519989, -2.238203227519989, -2.238203227519989, -2.238203227519989, -2.238203227519989, -2.238203227519989, -2.238203227519989, -2.238203227519989, -2.238203227519989, -2.238203227519989, -2.238203227519989, -2.238203227519989, -2.238203227519989, -2.238203227519989, -2.238203227519989, -2.238203227519989, -2.238203227519989], "norm_en": -577108.3228092517}