{"acq_vals": [40.14367027574835, 34.346319016168785, 52.90920245325075, 46.852566065700145, 38.88536879353241, 40.754615488983774, 36.647386693705734, 42.56987391735441, 35.89854935994566, 36.197677941793366, 34.27308220048916, 89.54568745126831, 84.66361283315057, 79.71255419861942, 75.6246726628929, 75.11994088125887, 74.58824479548768, 71.94004685415965, 73.28393487361132, 69.88326365425188, 69.50190268955693, 70.83519695240258, 68.5805067033062, 67.29097785570484, 71.41478647826052, 67.33901504269666, 66.08890897019444, 67.62376987748974, 64.98366296891191, 64.54061582457788, 64.13762477997955, 40.08617058441434, 33.159199918170934, 36.982722968775164, 31.953235855716503, 32.2914240481038, 29.197813248950816, 25.129095311577547, 23.727392718634107, 26.905611051112587, 20.96613625191468, 32.58624178459565, 26.742291208216923, 26.002351973801826, 20.723760501838797, 22.817917462266756, 17.45347321239938, 18.055132998485327, 22.574687953956904, 17.969700856274038], "deepest_minima": [-0.2974947210168466, -0.40402214939240366, -2.184673593263142, -2.184673593263142, -2.184673593263142, -2.184673593263142, -2.184673593263142, -2.184673593263142, -2.184673593263142, -2.184673593263142, -2.184673593263142, -2.184673593263142, -2.184673593263142, -2.184673593263142, -2.184673593263142, -2.184673593263142, -2.184673593263142, -2.184673593263142, -2.184673593263142, -2.184673593263142, -2.184673593263142, -2.184673593263142, -2.184673593263142, -2.184673593263142, -2.184673593263142, -2.184673593263142, -2.184673593263142, -2.184673593263142, -2.184673593263142, -2.184673593263142, -2.184673593263142, -2.184673593263142, -2.184673593263142, -2.184673593263142, -2.184673593263142, -2.184673593263142, -2.184673593263142, -2.184673593263142, -2.184673593263142, -2.184673593263142, -2.184673593263142, -2.184673593263142, -2.184673593263142, -2.184673593263142, -2.184673593263142, -2.184673593263142, -2.184673593263142, -2.184673593263142, -2.184673593263142, -2.184673593263142], "norm_en": -577108.3228092517}