{"acq_vals": [140.15494453313167, 137.08268482258393, 120.75529694693869, 114.60964259704406, 110.6351806901194, 98.22287530264549, 98.40320395785236, 91.4628677315304, 93.08748984579427, 88.91758365566314, 96.04700256831354, 81.42095460418672, 86.68664917956873, 76.40729977705078, 87.48940122349632, 75.33971427607055, 68.55893591822627, 72.99044602878018, 68.73927081644297, 70.625306027857, 70.6063982986011, 61.728861265489044, 153.49920274156932, 134.2155313348789, 149.69572367058936, 133.88328896183984, 124.73355034637069, 123.13557051688754, 116.14291696373749, 113.21297391147893, 118.33197862849757, 107.67167694469853, 117.38034508883085, 105.39324484116614, 107.27393814757222, 107.94500343519933, 110.34290305991783, 104.36945615676169, 99.85869390699358, 95.98384897774231, 97.03445603418201, 103.94595980808765, 101.81390039253778, 93.26331729906045, 97.99757315639275, 94.75345162628841, 92.36494730590978, 87.57883529651569, 87.95312823008796, 104.55560529243868], "deepest_minima": [0.1424336472991854, 0.1424336472991854, 0.022300469398032874, 0.022300469398032874, 0.022300469398032874, -0.12190555763663724, -0.19510216085473076, -0.38838331174338236, -0.38838331174338236, -0.38838331174338236, -0.38838331174338236, -0.38838331174338236, -0.38838331174338236, -1.2516414818819612, -1.365695385611616, -1.365695385611616, -1.365695385611616, -1.365695385611616, -1.487458071380388, -1.487458071380388, -1.487458071380388, -1.487458071380388, -1.487458071380388, -1.487458071380388, -1.487458071380388, -1.487458071380388, -1.487458071380388, -1.487458071380388, -1.487458071380388, -1.487458071380388, -1.487458071380388, -1.487458071380388, -1.487458071380388, -1.487458071380388, -1.487458071380388, -1.487458071380388, -1.487458071380388, -1.487458071380388, -1.487458071380388, -1.487458071380388, -1.487458071380388, -1.487458071380388, -1.487458071380388, -1.487458071380388, -1.487458071380388, -1.487458071380388, -1.487458071380388, -1.487458071380388, -1.487458071380388, -1.487458071380388], "norm_en": -335430.48746516433}