{"acq_vals": [546.0977815140316, 522.0607458358983, 507.40160527861536, 502.4216216841253, 499.4997000980248, 491.5417077067914, 484.2134509221274, 478.35525835116886, 471.724505813711, 464.64337139167753, 458.55189782041595, 449.2559293927853, 457.09301708282226, 448.8222104399182, 388.448569966299, 387.5396639202223, 377.5744149754612, 381.4925327258976, 372.0838710009805, 367.3540997700126, 374.0528137256027, 363.7411550437154, 354.24465836970955, 403.13382807888144, 373.74764272476057, 358.506257585373, 349.399795581097, 357.2234902490354, 356.24125716799796, 478.59774776651363, 407.0032960172282, 346.40916551162513, 467.61321903110434, 342.6963620263822, 359.54694597240206, 346.17027959561216, 340.1098832633051, 339.47131487517396, 373.3588690515862, 330.09624383498834, 327.3555934773894, 412.28947890544913, 315.4248030949955, 335.5039139598934, 312.46246913618177, 309.495949289875, 329.5521838848827, 312.79073307886773, 316.3278156311026, 328.98933885952897], "deepest_minima": [-1.5577833869028836, -1.5577833869028836, -1.5577833869028836, -1.5577833869028836, -2.013160570990294, -2.013160570990294, -2.013160570990294, -2.013160570990294, -2.013160570990294, -2.013160570990294, -2.013160570990294, -2.013160570990294, -10.766379753942601, -10.766379753942601, -10.766379753942601, -10.766379753942601, -10.766379753942601, -10.766379753942601, -10.766379753942601, -10.766379753942601, -10.766379753942601, -10.766379753942601, -10.766379753942601, -10.766379753942601, -10.766379753942601, -10.766379753942601, -10.766379753942601, -10.766379753942601, -10.766379753942601, -10.766379753942601, -10.766379753942601, -10.766379753942601, -10.766379753942601, -10.766379753942601, -10.766379753942601, -10.766379753942601, -10.766379753942601, -10.766379753942601, -10.766379753942601, -10.766379753942601, -10.766379753942601, -10.766379753942601, -10.766379753942601, -10.766379753942601, -10.766379753942601, -10.766379753942601, -10.766379753942601, -10.766379753942601, -10.766379753942601, -10.766379753942601], "norm_en": -717119.659190258}