{"acq_vals": [694.6393635177858, 1070.7623150836398, 755.3664211780823, 603.9388309509146, 209.62772812073084, 338.5474747218961, 328.7963665204015, 211.49879421127036, 78.13725187918261, 185.67063911580416, 135.07178919481942, 126.02868460544323, 82.40896133174212, 88.26922291903745, 85.12065104037305, 53.85108015814957, 23.107947550862008, 31.913022403446767, 23.488619897228816, 38.54582801858932, 38.41240139012269, 7.53015658411585, 54.41801653823091, 46.568323752254265, 8.869501367549814, 6.9960262432714595, 46.4434525064982, 27.254081635414565, 14.452003200835362, 39.60324889289348, 8.909806924513495, 30.74100952901593, 1.257988424096599, 13.975877765527784, 17.95627204373858, 7.24697990362018, 17.975476055261186, 14.01764446497674, 1.461526191693648, 1.1628813889463943, 10.241418371953369, 9.226739576266302, 1.3186302575357334, 7.616739225079386, 4.9891235526190085, 6.436084803478924, 6.868595255488144, 0.17762469473260326, 0.4012509990484317, 0.10309861304494916], "deepest_minima": [-0.7385642621666193, -6.092670995160006, -6.092670995160006, -6.092670995160006, -6.092670995160006, -6.092670995160006, -6.092670995160006, -6.092670995160006, -6.092670995160006, -6.092670995160006, -6.092670995160006, -6.777733631373849, -6.777733631373849, -6.777733631373849, -6.777733631373849, -6.777733631373849, -6.777733631373849, -6.777733631373849, -6.777733631373849, -6.777733631373849, -6.777733631373849, -6.777733631373849, -6.777733631373849, -6.777733631373849, -6.777733631373849, -6.777733631373849, -6.777733631373849, -6.777733631373849, -6.777733631373849, -6.777733631373849, -6.777733631373849, -6.777733631373849, -6.777733631373849, -6.777733631373849, -6.777733631373849, -6.777733631373849, -6.777733631373849, -6.777733631373849, -6.777733631373849, -6.777733631373849, -6.777733631373849, -6.777733631373849, -6.777733631373849, -6.777733631373849, -6.777733631373849, -6.777733631373849, -6.777733631373849, -6.777733631373849, -6.777733631373849, -6.777733631373849], "norm_en": -499298.5107466433}