{"acq_vals": [590.8840514194655, 1029.1007024736414, 996.2238410584482, 970.6454719491106, 948.4516178916961, 938.6182675003557, 930.6499613100989, 930.4136636031855, 918.0838363949334, 967.6096456761962, 942.227300953806, 906.3115457410826, 886.0574054862739, 879.3729413557929, 934.9010637465561, 879.3785755740455, 839.1172360390137, 818.0885462171999, 835.6149161197983, 868.8692777309458, 850.0811166459789, 803.7638466113343, 811.5417500997387, 810.8500428091633, 785.6634184439285, 781.3015390254851, 768.9265760118446, 774.9722021475558, 810.6900073001093, 764.0437198977162, 759.1243219812067, 799.5881228040626, 750.8443206658891, 777.4142817003193, 771.7499217812936, 728.4401518395641, 747.6946971706103, 743.8537563172545, 748.7623964915473, 738.9326397548923, 784.3203746878559, 746.7807455111553, 719.5080265050709, 721.4873408775806, 717.03763878406, 716.8709459113984, 710.0578005257237, 721.6706769738636, 728.6074761182613, 682.2346027054703], "deepest_minima": [-2.692770498804748, -2.692770498804748, -2.692770498804748, -2.692770498804748, -2.692770498804748, -2.692770498804748, -2.692770498804748, -2.692770498804748, -2.692770498804748, -2.692770498804748, -2.692770498804748, -2.692770498804748, -2.692770498804748, -2.692770498804748, -2.692770498804748, -2.692770498804748, -2.692770498804748, -2.692770498804748, -2.692770498804748, -2.692770498804748, -2.692770498804748, -2.692770498804748, -2.692770498804748, -2.692770498804748, -2.692770498804748, -2.692770498804748, -2.692770498804748, -2.692770498804748, -2.692770498804748, -2.692770498804748, -2.692770498804748, -2.692770498804748, -2.692770498804748, -2.692770498804748, -2.692770498804748, -2.692770498804748, -2.692770498804748, -2.692770498804748, -2.692770498804748, -2.692770498804748, -2.692770498804748, -2.692770498804748, -2.692770498804748, -2.692770498804748, -2.692770498804748, -2.692770498804748, -2.692770498804748, -2.692770498804748, -2.692770498804748, -2.692770498804748]}