{"acq_vals": [3532.1755155503142, 3299.7985480507814, 2986.6121844908707, 2535.134872551387, 2137.1724749808204, 1934.3991749109339, 1827.176110457004, 2071.4113683881214, 1915.6439120662203, 2187.8718963353153, 1324.1055967726504, 1640.2021860810223, 1735.5626006926332, 1781.590657837249, 1551.461155942188, 2043.4676817640102, 1721.8503369091354, 1774.2636821772887, 1533.112629990232, 1190.707864386859, 1285.9810034240807, 1521.6165544999328, 1948.9046895429833, 1064.295927160568, 1357.709691910117, 1790.3468947181586, 2000.2757265286787, 1436.7780871528828, 1467.949116658135, 1334.2709620246885, 1560.2467977989677, 1689.5772867302273, 834.8771931721509, 940.447089349544, 1656.684856745629, 1598.6779465030522, 1103.743019477705, 1285.1512976618117, 1679.4205843547245, 1186.63570724307, 1510.110544923541, 1712.9440449101824, 1920.7528762853817, 915.0526613183918, 327.3882413462236, 1378.5342935724007, 991.7743516937076, 1663.5774874697206, 577.7296533802718, 1670.5919044105888], "deepest_minima": [-0.513040465884842, -12.377615860546939, -26.636873995885253, -26.636873995885253, -26.636873995885253, -26.636873995885253, -26.636873995885253, -26.636873995885253, -26.636873995885253, -26.636873995885253, -26.636873995885253, -26.636873995885253, -26.636873995885253, -26.636873995885253, -26.636873995885253, -26.636873995885253, -26.850852354546078, -26.850852354546078, -26.850852354546078, -26.850852354546078, -26.850852354546078, -26.850852354546078, -26.850852354546078, -26.850852354546078, -26.850852354546078, -26.850852354546078, -26.850852354546078, -26.850852354546078, -26.850852354546078, -26.850852354546078, -26.850852354546078, -26.850852354546078, -26.850852354546078, -26.850852354546078, -26.850852354546078, -26.850852354546078, -26.850852354546078, -26.850852354546078, -26.858409974491224, -27.090792893548496, -27.090792893548496, -27.090792893548496, -27.090792893548496, -27.090792893548496, -27.090792893548496, -27.090792893548496, -27.090792893548496, -27.090792893548496, -27.090792893548496, -27.090792893548496], "norm_en": -682511.0441145345}