{"acq_vals": [89.34882789207059, 231.08732085194313, 192.9689296327527, 150.8266825490725, 132.03979185457004, 135.60523109057658, 112.5793826933892, 116.22847602165466, 118.5256888412569, 101.70691317304296, 128.79765144801902, 114.05144344554425, 99.08966855749487, 77.64612209418836, 82.40504642054199, 75.36062352782169, 69.93321892587697, 74.25917441925121, 92.48557200608498, 67.64837653019039, 75.18524650904524, 66.83038265843263, 64.08347043164994, 63.33775524871029, 57.0091727267228, 71.99070422711782, 63.32071998820051, 60.661890087779035, 55.86426743464586, 56.39392328948664, 53.77851751209748, 56.29909226527646, 48.450427592491, 52.74716854096218, 53.93295600902391, 51.22794659171279, 47.628594562153864, 43.886085808686914, 44.1659169609664, 42.005899873576745, 37.120517924786085, 37.58962993586488, 40.320497542663446, 39.812931119678105, 39.64188446556886, 52.87156284984453, 42.25311838480159, 40.09857940152996, 50.562758779650544, 37.58330352037483], "deepest_minima": [0.9243421361898072, 0.8729057417949662, 0.8729057417949662, 0.8729057417949662, 0.8729057417949662, 0.8729057417949662, 0.8729057417949662, 0.8729057417949662, 0.8729057417949662, 0.8729057417949662, 0.781113414966967, -0.16377894859761, -0.16377894859761, -0.16377894859761, -0.16377894859761, -0.16377894859761, -0.16377894859761, -0.16377894859761, -0.16377894859761, -0.16377894859761, -0.16377894859761, -0.16377894859761, -0.16377894859761, -0.16377894859761, -0.16377894859761, -0.16377894859761, -0.16377894859761, -0.16377894859761, -0.16377894859761, -0.5007344466284849, -0.5007344466284849, -0.5007344466284849, -0.5007344466284849, -0.5007344466284849, -0.5007344466284849, -0.5007344466284849, -0.5007344466284849, -0.5007344466284849, -0.5007344466284849, -0.5007344466284849, -0.5007344466284849, -0.5007344466284849, -0.5007344466284849, -0.5007344466284849, -0.5007344466284849, -0.5007344466284849, -0.5007344466284849, -0.5007344466284849, -0.5007344466284849, -0.5007344466284849]}