{"acq_vals": [80.29974170226978], "deepest_minima": [1.4114630841067992]}