{"acq_vals": [20.656467651454467, 21.092949226475902, 7.700643143107856, 10.364739832097015, 13.779050257303226, 5.888914603951975, 6.675094666607886, 36.31589910173121, 45.51580268732655, 157.08695956601082, 84.8743127592038, 54.68015328045493, 96.80827344809919, 94.47074620801247, 25.09639707009275, 49.72075349332066, 35.37501688666526, 24.868104751193375, 27.56312883678851, 105.76931856882621, 113.72117482106107, 18.850618777375466, 72.13094810001675, 48.429245146474656, 14.374882364119198, 9.345551582817416, 53.507596213241584, 33.570974156646834, 35.28732247142103, 19.572345748477773, 0.6703121993265326, 4.572814654530679, 4.816344192568683, 0.4772241517011187, 4.521951143203298, 16.106892924907967, 20.107608112816852, 4.566018455367393, 0.17730244748550672, 0.1391488861236118, 14.676203734418868, 0.11330516453426752, 4.643538974293048, 0.14166008147590237, 3.158975256033656, 0.09805033694146914, 2.5079114581955193, 0.07359776044631872, 4.7078036136080605, 5.570005681193471], "deepest_minima": [-7.446609711623751, -7.446609711623751, -7.446609711623751, -7.446609711623751, -7.4508629814954475, -7.4508629814954475, -7.4508629814954475, -7.4508629814954475, -7.4508629814954475, -7.4508629814954475, -7.4508629814954475, -7.4508629814954475, -7.4508629814954475, -7.4508629814954475, -7.4508629814954475, -7.4508629814954475, -7.4508629814954475, -7.4508629814954475, -7.4508629814954475, -7.4508629814954475, -7.4508629814954475, -7.4508629814954475, -7.4508629814954475, -7.4508629814954475, -7.4508629814954475, -7.4508629814954475, -7.4508629814954475, -7.4508629814954475, -7.4508629814954475, -7.4508629814954475, -7.454742543108296, -7.454742543108296, -7.454742543108296, -7.5201760426862165, -7.5201760426862165, -7.5201760426862165, -7.5201760426862165, -7.5201760426862165, -7.5201760426862165, -7.5201760426862165, -7.5201760426862165, -7.5201760426862165, -7.5201760426862165, -7.5201760426862165, -7.5201760426862165, -7.5201760426862165, -7.5201760426862165, -7.5201760426862165, -7.5201760426862165, -7.5201760426862165], "norm_en": -307917.97903379245}