{"acq_vals": [29.961447797094987, 29.66038780099504, 36.799570263368864, 22.786722639127998, 43.3901647898965, 39.16072548852488, 34.70864186436448, 31.860560598180196, 32.254458778838774, 34.1632471474486, 30.03425973964736, 30.79358630340714, 29.745008751463416, 29.66597822040522, 33.00905280099607, 35.64225356876589, 34.790701579499284, 25.835725158607204, 24.015656077955196, 24.284797992482417, 23.895576950025493, 23.063747260327208, 25.433448523061248, 29.34839599875037, 138.07166272696188, 126.5756687432439, 120.8749304030404, 134.99186096499855, 112.44720603418352, 104.3658498806942, 107.5757773831521, 131.91485346636986, 125.04217077728927, 123.54869742185655, 128.5641362872255, 112.7413746257604, 114.68805380675563, 126.47376861162732, 107.61144497968797, 121.19512931985946, 127.16016575312561, 109.47764034647362, 103.38884691241987, 91.38922772031158, 106.43333512907672, 118.07007255125387, 122.13394139049649, 120.71711725982257, 142.49465451057705, 135.21956699346947], "deepest_minima": [0.6270759529434144, -2.032543988432735, -2.032543988432735, -2.032543988432735, -2.032543988432735, -2.5537528165150434, -2.5537528165150434, -2.5537528165150434, -2.5537528165150434, -2.5537528165150434, -2.5537528165150434, -2.5537528165150434, -2.5537528165150434, -2.5537528165150434, -2.5537528165150434, -2.5537528165150434, -2.5537528165150434, -2.5537528165150434, -2.5537528165150434, -2.5537528165150434, -2.5537528165150434, -2.5537528165150434, -2.5537528165150434, -2.5537528165150434, -2.5537528165150434, -2.5537528165150434, -2.5537528165150434, -2.5537528165150434, -2.5537528165150434, -2.5537528165150434, -2.5537528165150434, -2.5537528165150434, -2.5537528165150434, -2.5537528165150434, -2.5537528165150434, -2.5537528165150434, -2.5537528165150434, -2.5537528165150434, -2.5537528165150434, -2.5537528165150434, -3.470355195691809, -3.470355195691809, -3.470355195691809, -3.470355195691809, -3.470355195691809, -3.470355195691809, -3.470355195691809, -3.470355195691809, -3.470355195691809, -3.470355195691809]}