{"acq_vals": [39.694690697265145, 34.57764188934359, 22.586904164384183, 18.770585248910006, 8.114425742087787, 10.833879752316733, 11.79670979850376, 3.4388432093719463, 20.00945259933107, 19.384748940106093, 8.272100133523422, 17.147347583707397, 4.717847841107402, 6.370182922926704, 19.421630986824333, 8.991900777166132, 7.541266885594724, 12.88806350383622, 11.809719718426694, 7.59286390634159, 4.910146438666112, 11.843671392855365, 7.226890676253441, 4.348843603310102, 2.1503744485072604, 2.6885057091896103, 3.989412028341027, 2.4460784918277936, 5.880313411749803, 8.834801796567799, 0.9028849135838751, 4.547330769809791, 9.42667230984856, 4.439022650737052, 1.9368349456277594, 2.268269353450454, 2.007320127371832, 1.5602855859132658, 3.6410414084173692, 2.0321266144283454, 1.0450164343972408, 1.9938169798164527, 2.4428072637834504, 3.995142748306032, 78.5915629666465, 340.79250931314283, 979.9443521847617, 257.14981505236784, 171.9348682778563, 913.3718973585972], "deepest_minima": [-2.560310921864584, -2.560310921864584, -2.560310921864584, -2.560310921864584, -2.560310921864584, -2.577626393234823, -2.577626393234823, -2.577626393234823, -2.577626393234823, -2.577626393234823, -2.577626393234823, -2.577626393234823, -2.577626393234823, -2.578044840367511, -2.578044840367511, -2.5947233475744724, -2.5947233475744724, -2.5947233475744724, -2.5947233475744724, -2.5947233475744724, -2.5947233475744724, -2.5947233475744724, -2.5947233475744724, -2.5947233475744724, -2.5947233475744724, -2.5947233475744724, -2.5947233475744724, -2.5947233475744724, -2.5947233475744724, -2.5947233475744724, -2.5947233475744724, -2.5947233475744724, -2.5947233475744724, -2.5947233475744724, -2.5947233475744724, -2.5947233475744724, -2.5947233475744724, -2.5947233475744724, -2.5947233475744724, -2.5947233475744724, -2.5947233475744724, -2.5947233475744724, -2.5947233475744724, -2.5947233475744724, -2.5947233475744724, -2.5947233475744724, -2.5947233475744724, -2.5947233475744724, -2.5947233475744724, -2.5947233475744724], "norm_en": -493124.6701872513}