{"acq_vals": [20.793484787792984, 14.995938262539541, 12.146874279796517, 19.404346322518165, 16.834934359442723, 17.053082233603558, 11.80683404375714, 13.191383909579447, 16.40025931618395, 12.224550419160533, 8.550763421781555, 5.654433195368726, 5.991677906344565, 5.597157982208893, 9.833171921018799, 8.186214622127197, 14.580895767918795, 9.109648938594754, 9.581888796969421, 7.8133781165921565, 7.817636607793054, 8.976006988888534, 8.181600473991589, 8.061279822561886, 7.74704664334275, 6.187741648170419, 6.8440535511045395, 3.920925925935608, 109.8035623897799, 75.49054308633136, 54.88574157256078, 34.23381922706529, 44.63532304441524, 35.44898464336767, 30.917383086493547, 24.07377309812091, 29.52208965584962, 34.09080855735737, 22.69900582854073, 18.467414934607447, 19.27689943839227, 15.731294559635716, 11.573428521802148, 46.36024530692796, 30.527643199118565, 30.841638669042187, 31.926159200509023, 280.75209759689005, 291.9186543551795, 214.7428032823849], "deepest_minima": [-7.439750680408906, -7.439750680408906, -7.439750680408906, -7.439750680408906, -7.439750680408906, -7.439750680408906, -7.472825508157257, -7.472825508157257, -7.472825508157257, -7.472825508157257, -7.472825508157257, -7.472825508157257, -7.472825508157257, -7.472825508157257, -7.472825508157257, -7.472825508157257, -7.472825508157257, -7.472825508157257, -7.472825508157257, -7.472825508157257, -7.472825508157257, -7.472825508157257, -7.472825508157257, -7.472825508157257, -7.472825508157257, -7.472825508157257, -7.472825508157257, -7.472825508157257, -7.472825508157257, -7.472825508157257, -7.472825508157257, -7.472825508157257, -7.472825508157257, -7.472825508157257, -7.472825508157257, -7.472825508157257, -7.472825508157257, -7.472825508157257, -7.472825508157257, -7.472825508157257, -7.472825508157257, -7.472825508157257, -7.472825508157257, -7.472825508157257, -7.472825508157257, -7.472825508157257, -7.472825508157257, -7.472825508157257, -7.472825508157257, -7.472825508157257], "norm_en": -307917.97903379245}