{"acq_vals": [112.0182288449552, 140.03981309296293, 107.39687105745284, 87.06918272307344, 97.96540372587961, 63.34428338818382, 69.35624962597589, 67.48829671459241, 64.00826835603934, 50.8876357520641, 46.233952057396614, 44.49507183089479, 67.00086300569887, 83.31218173741227, 116.10185619081278, 90.55104211193265, 98.7801552555239, 110.69140111545764, 101.0936070449918, 83.67683379133949, 91.83853759159273, 79.70522659825949, 73.3723266894001, 73.01832119659294, 68.07899958284241, 73.13738480150535, 68.04817642645143, 63.624622511526844, 60.78735355168917, 63.198803493984705, 66.24133009770209, 60.59137884172011, 56.47888517268454, 57.72905831741369, 58.07193827601614, 53.04207728157506, 51.50637386255447, 47.28197994060545, 54.10668706786824, 46.91486034708952, 45.49253148884558, 51.12836968217854, 47.46653705815623, 57.293015571544515, 48.211821614358925, 48.22390047253673, 44.231751901204156, 42.188373316666045, 54.463354443460545, 41.33379333287491], "deepest_minima": [2.7125286793452688, 2.7125286793452688, 2.583445437368937, -2.001918569265399, -2.001918569265399, -2.001918569265399, -2.001918569265399, -2.001918569265399, -2.001918569265399, -2.001918569265399, -2.001918569265399, -2.001918569265399, -2.001918569265399, -2.001918569265399, -2.001918569265399, -2.001918569265399, -2.001918569265399, -2.001918569265399, -2.001918569265399, -2.001918569265399, -2.001918569265399, -2.001918569265399, -2.001918569265399, -2.001918569265399, -2.001918569265399, -2.001918569265399, -2.001918569265399, -2.001918569265399, -2.001918569265399, -2.001918569265399, -2.001918569265399, -2.001918569265399, -2.001918569265399, -2.001918569265399, -2.001918569265399, -2.001918569265399, -2.001918569265399, -2.001918569265399, -2.001918569265399, -2.001918569265399, -2.001918569265399, -2.001918569265399, -2.001918569265399, -2.001918569265399, -2.001918569265399, -2.001918569265399, -2.001918569265399, -2.001918569265399, -2.001918569265399, -2.001918569265399]}