{"acq_vals": [355.10929781630335, 381.8641133363919, 7570.408823730311, 8277.255158745615, 4881.453314629953, 5197.533135171345, 4267.413118583515, 7380.071051590653, 8548.947252872891, 8440.669356215803, 7143.425822749743, 3600.3264590389904, 7797.783401642199, 7540.003968454324, 6064.3471372813165, 6878.509663819748, 6787.485027251725, 6870.143214737112, 7125.663591445669, 6518.569468342499, 6699.202384634164, 5620.236236419494, 5214.936950741144, 5772.716809368488, 5250.85327651713, 5539.951653135402, 5553.03358979296, 5310.9161350917, 5072.752701164583, 1045.0793846632798, 5201.737343928745, 4674.00076017516, 5631.325479039419, 3439.1858080291095, 3068.6644665393856, 1341.1410331426428, 4393.730094506228, 3872.504430063387, 6763.283260426674, 6816.556205717546, 4105.847626719311, 4268.814009731382, 2327.983880102587, 1852.148061164276, 3093.7709555465567, 3247.0193566642456, 6398.084590149731, 6155.763692124735, 6339.56190730019, 3203.1410820349597], "deepest_minima": [-0.740081979194656, -0.740081979194656, -0.740081979194656, -0.8298946742434055, -0.8298946742434055, -0.8298946742434055, -1.6268824385479093, -1.6268824385479093, -3.0950209910515696, -3.0950209910515696, -3.0950209910515696, -3.0950209910515696, -3.0950209910515696, -3.0950209910515696, -3.0950209910515696, -3.0950209910515696, -3.0950209910515696, -3.0950209910515696, -3.0950209910515696, -3.0950209910515696, -3.0950209910515696, -3.0950209910515696, -3.0950209910515696, -3.0950209910515696, -3.0950209910515696, -3.0950209910515696, -3.0950209910515696, -3.0950209910515696, -3.0950209910515696, -3.0950209910515696, -3.0950209910515696, -3.0950209910515696, -3.0950209910515696, -3.0950209910515696, -3.0950209910515696, -3.0950209910515696, -3.0950209910515696, -3.0950209910515696, -3.0950209910515696, -3.0950209910515696, -3.0950209910515696, -3.0950209910515696, -3.0950209910515696, -3.0950209910515696, -3.0950209910515696, -3.0950209910515696, -3.0950209910515696, -3.0950209910515696, -3.0950209910515696, -3.0950209910515696], "norm_en": -1056417.0631725974}