{"acq_vals": [37.23835770307656, 215.62654968000652, 163.8782691348416, 143.62911474689543, 139.0154201104902, 131.63703507055686, 116.37672173175727, 118.42732868592554, 118.68608935910082, 110.63279261844563, 111.25744476581274, 118.31922734456512, 110.42692838226344, 158.56231334547496, 153.417579128821, 129.10840384097895, 142.80219464715833, 121.43707287992876, 115.34043767359768, 120.6375792744008, 107.80048223127774, 124.47929091194813, 113.55461922813201, 110.65812619517621, 99.22982302746195, 96.0033503980015, 117.16374812722063, 94.36322236650678, 100.42835386842657, 92.28660357629393, 96.44755054674657, 111.89721276684989, 92.82595850795481, 90.85285180567708, 96.87265814158503, 85.08453861970582, 81.34844017105335, 87.19316183422723, 82.6575514571322, 95.74215107257787, 85.83457612085309, 87.34335296444104, 79.85458308458703, 77.07317440714812, 72.08723920336202, 78.25905571865053, 65.07793633083459, 73.24418016725981, 67.81779998479591, 64.99083633984516], "deepest_minima": [-0.1220199764939025, -0.37623742286814377, -0.5829158131964505, -0.5829158131964505, -1.4943002997897565, -1.4943002997897565, -1.4943002997897565, -1.4943002997897565, -1.4943002997897565, -1.4943002997897565, -1.4943002997897565, -1.4943002997897565, -1.4943002997897565, -1.4943002997897565, -1.4943002997897565, -1.4943002997897565, -1.4943002997897565, -1.4943002997897565, -1.4943002997897565, -1.4943002997897565, -1.4943002997897565, -1.4943002997897565, -1.4943002997897565, -1.4943002997897565, -1.4943002997897565, -1.4943002997897565, -1.4943002997897565, -1.4943002997897565, -1.4943002997897565, -1.4943002997897565, -1.4943002997897565, -1.4943002997897565, -1.4943002997897565, -1.4943002997897565, -1.4943002997897565, -1.4943002997897565, -1.4943002997897565, -1.4943002997897565, -1.4943002997897565, -1.4943002997897565, -1.4943002997897565, -1.4943002997897565, -1.4943002997897565, -1.4943002997897565, -1.4943002997897565, -1.4943002997897565, -1.4943002997897565, -1.4943002997897565, -1.4943002997897565, -1.4943002997897565], "norm_en": -335430.48746516433}