{"acq_vals": [11.561496631268678, 9.373793149923886, 15.034139350064423, 8.034057695172992, 523.8825064337396, 449.7426553959583, 310.2521469789869, 290.50151591502146, 269.66800035389406, 167.56608726390985, 153.78459020056167, 217.88306276507657, 172.26894929475142, 106.3204342850952, 104.25406292400397, 105.24028139255799, 89.30799583778013, 78.72874285462072, 56.30187303876937, 61.19729980078866, 43.01455565087637, 37.31130605511191, 32.074970310037244, 25.421750278855693, 22.63636678120024, 22.707309251477188, 21.13834263597991, 15.80164477720295, 13.879692282636944, 12.807292446170884, 13.788231475031768, 13.032653326474266, 10.148713818561378, 8.626119118513445, 7.964061519455803, 7.81385206283551, 7.010039437740672, 8.508531041060516, 7.394629812229943, 5.335513629725506, 5.009445670153355, 5.480626188643711, 6.515398982558401, 4.698399729681983, 4.353789571073039, 2.898545560540171, 4.96238648974343, 4.0530445110968465, 5.074115178819475, 6.591444839644749], "deepest_minima": [-7.371070872293785, -7.371070872293785, -7.371070872293785, -7.371070872293785, -7.371070872293785, -7.371070872293785, -7.371070872293785, -7.371070872293785, -7.371070872293785, -7.436915632744785, -7.436915632744785, -7.436915632744785, -7.436915632744785, -7.436915632744785, -7.436915632744785, -7.436915632744785, -7.436915632744785, -7.436915632744785, -7.436915632744785, -7.436915632744785, -7.436915632744785, -7.436915632744785, -7.436915632744785, -7.436915632744785, -7.436915632744785, -7.436915632744785, -7.436915632744785, -7.436915632744785, -7.436915632744785, -7.436915632744785, -7.4713414871366695, -7.4713414871366695, -7.4713414871366695, -7.484473111166153, -7.484473111166153, -7.484473111166153, -7.484473111166153, -7.484473111166153, -7.484473111166153, -7.484473111166153, -7.484473111166153, -7.484473111166153, -7.484473111166153, -7.484473111166153, -7.484473111166153, -7.484473111166153, -7.484473111166153, -7.484473111166153, -7.484473111166153, -7.484473111166153], "norm_en": -307917.97903379245}