{"acq_vals": [12.083057945858602, 39.882684533747174, 32.17927461396829, 27.9129618563535, 24.16512408895973, 27.06038165701186, 22.076547947274406, 21.437579754552424, 21.41780766279779, 9.264616375341411, 8.989606331977075, 9.28256499180004, 8.824390358780228, 8.682244952174887, 8.662271780624438, 8.909856531847275, 5.349089428979229, 5.596757335981296, 6.276347147911865, 6.402364281955599, 5.83688316693436, 6.135024917091456, 5.794269811529082, 6.122677621824061, 6.028041768996257, 7.01229510193497, 5.866478420145259, 5.7760814020787485, 5.923227563156554, 5.550057721877589, 5.571803432426427, 5.559063612526726, 5.556772837085796, 5.5933938448403975, 5.585363488575997, 5.570254972766527, 5.568488680828994, 5.510258613625955, 6.038717525025267, 6.53583129983485, 7.212751577783822, 6.189707040630372, 7.3707652845565965, 7.318200806621487, 7.912729692948512, 7.578340648745645, 7.578323994556258, 7.578334414447294, 8.107278971148489, 8.125437789504454], "deepest_minima": [-8.125389059714507, -8.162577753595542, -8.162577753595542, -8.162577753595542, -8.162577753595542, -8.162577753595542, -8.162577753595542, -8.162577753595542, -8.162577753595542, -8.162577753595542, -8.162577753595542, -8.162577753595542, -8.162577753595542, -8.162577753595542, -8.162577753595542, -8.179727113689296, -8.179727113689296, -8.179727113689296, -8.179727113689296, -8.179727113689296, -8.179727113689296, -8.179727113689296, -8.179727113689296, -8.179727113689296, -8.179727113689296, -8.179727113689296, -8.179727113689296, -8.179727113689296, -8.179727113689296, -8.179727113689296, -8.179727113689296, -8.179727113689296, -8.179727113689296, -8.179727113689296, -8.179727113689296, -8.179727113689296, -8.179727113689296, -8.179727113689296, -8.179727113689296, -8.179727113689296, -8.179727113689296, -8.179727113689296, -8.179727113689296, -8.179727113689296, -8.179727113689296, -8.179727113689296, -8.179727113689296, -8.179727113689296, -8.179727113689296, -8.179727113689296], "norm_en": -341603.9614621028}