{"acq_vals": [9.700892211858724, 8.337209989949601, 8.208428642340976, 7.049235401833677, 6.36390536830911, 5.118930452207589, 4.631222398339162, 15.32015758313383, 11.231354328142169, 9.394322516265477, 9.347182027437123, 9.365429516196006, 9.274907168772263, 13.006173204469084, 12.843429050204819, 12.302736603150567, 16.42663822300779, 16.425728399227943, 16.378342544272353, 16.377393097099326, 16.37824837144197, 16.994772025678145, 16.973948164108407, 19.88119199671013, 17.113248625285127, 19.719629944732617, 19.8124164301894, 19.59800006122014, 19.56143379631173, 19.604002389422316, 19.492943962557685, 3392.622655468732, 2986.5264408244793, 2419.161273763142, 1796.873015649401, 1783.2446386129513, 1869.9961613179971, 2000.4844901991185, 1837.812559983746, 2629.3017837864986, 2408.1217096016444, 9404.783356601849, 8659.259822057253, 13916.763147969456, 11562.28479281509, 10211.647253970757, 14462.675246364288, 13191.8738875721, 13717.04610062163, 11256.202850535039], "deepest_minima": [-2.528501592518296, -2.567196914635133, -2.567196914635133, -2.595143687329255, -2.595143687329255, -2.595143687329255, -2.595143687329255, -2.595143687329255, -2.595143687329255, -2.595143687329255, -2.595143687329255, -2.595143687329255, -2.595143687329255, -2.595143687329255, -2.595143687329255, -2.595143687329255, -2.595143687329255, -2.595143687329255, -2.595143687329255, -2.595143687329255, -2.595143687329255, -2.595143687329255, -2.595143687329255, -2.595143687329255, -2.595143687329255, -2.595143687329255, -2.595143687329255, -2.595143687329255, -2.595143687329255, -2.595143687329255, -2.595143687329255, -2.595143687329255, -2.595143687329255, -2.595143687329255, -2.595143687329255, -2.595143687329255, -2.595143687329255, -2.595143687329255, -2.595143687329255, -2.595143687329255, -2.595143687329255, -2.595143687329255, -2.595143687329255, -2.595143687329255, -2.595143687329255, -2.595143687329255, -2.595143687329255, -2.595143687329255, -2.595143687329255, -2.595143687329255]}