{"acq_vals": [287.0749864287534, 227.2387995044477, 175.83284162224587, 179.28720364777845, 143.41437534097417, 166.1720929764744, 131.79130583988365, 85.4009460654816, 92.22644317190701, 121.33991186604972, 119.96142320707268, 126.37300970021575, 96.16838919683299, 63.23274078986591, 69.54409401344638, 90.40422120098866, 51.36179898557015, 93.3753745654862, 64.625121236354, 115.69873431269234, 57.93956235587483, 55.39560566503884, 35.02939428982512, 47.75170364082268, 28.55454444023182, 24.860140700917878, 44.17799263423916, 26.472557371025168, 45.83676603185693, 51.613786734061364, 45.078592989359194, 66.41165443345794, 51.46706404815422, 60.753621294062036, 59.86905151793824, 51.12254366764959, 55.650547187290215, 38.464985652083534, 19.165510541832102, 33.56872533354739, 38.81819590773629, 35.88314242640613, 12.874277889614074, 16.43943336780043, 43.488218256380605, 22.074608080381296, 25.23969086223168, 19.88418551986428, 25.70565982576164, 64.33704983669743], "deepest_minima": [2.6351089380914345, 2.6351089380914345, 2.6351089380914345, 2.6351089380914345, 2.6351089380914345, 2.287595692323521, 2.287595692323521, 2.287595692323521, 2.287595692323521, 2.287595692323521, 2.015889599570073, 2.015889599570073, 2.015889599570073, 2.015889599570073, 0.8543502383399755, 0.8543502383399755, 0.6511865548673086, 0.6511865548673086, 0.6511865548673086, 0.6511865548673086, 0.6511865548673086, 0.6511865548673086, 0.6511865548673086, 0.6511865548673086, 0.6511865548673086, 0.6511865548673086, 0.6511865548673086, 0.6511865548673086, 0.6511865548673086, 0.6511865548673086, 0.6511865548673086, 0.6511865548673086, 0.6511865548673086, 0.6511865548673086, 0.6511865548673086, 0.034534291829913855, -1.4731278301915154, -1.4731278301915154, -1.4731278301915154, -1.4731278301915154, -1.4731278301915154, -1.4731278301915154, -1.4731278301915154, -1.4731278301915154, -1.4731278301915154, -1.4731278301915154, -1.4731278301915154, -1.4731278301915154, -1.4731278301915154, -1.4731278301915154]}