{"query_points": [[2.218327114284044, 5.320805740692613], [3.6114892668113066, 5.167560933911053], [2.6570249149507923, 4.996824008212537], [3.304776367325673, 4.860483621971679], [5.8137869709021635, 1.690447394331315], [3.515869204693748, 2.6421080743496006], [4.849230789124402, 1.871522457052258], [4.029790056739033, 2.1208791497731223], [3.7623760151822037, 0.6409159767347816], [3.438480690358104, 1.4310655346806813], [3.440413507824886, 0.9776813933595161], [3.3725486008865846, 1.3204800705328656], [3.8208299374889956, 3.9911075706925465], [3.579623806025519, 4.052771079535404], [3.756494705268064, 3.979001059818478], [3.5223647143195618, 4.180903627432785], [3.23635427149023, 2.0743384334449626], [3.5293845457525483, 2.4343430202652545], [3.5220108715087037, 2.154364384204653], [3.509057859034101, 2.615851810853499], [3.6210515335749536, 5.672445175648195], [3.6277440198405593, 5.5968480723706975], [3.6166300285621897, 5.174868988384658], [3.650977686095821, 5.4185784512593935], [3.301965708659874, 2.049313919683968], [3.494765975164526, 2.597283128798459], [3.5094295894768694, 2.1183671525508316], [3.5082155142677682, 2.2862069390011346], [3.3204759241053026, 2.089869487044952], [3.526058585824219, 2.208214013544495], [3.502036733837932, 2.6122471538298377], [3.523381705853574, 2.3772154138356676], [3.5195080206930487, 5.678384194912232], [3.71409924213438, 5.256391706974976], [3.67049987497794, 5.457369869863386], [3.616206074944251, 5.1746533084003135], [3.972420765600643, 5.353021743338], [3.880523184932676, 5.320175502331602], [3.6363774564469984, 5.1838330464098075], [3.7134323900213757, 5.262353531718186], [3.373170193167102, 2.080373812871853], [3.480085624003745, 2.225127667282914], [3.490975059003918, 2.600597474424971], [3.458247354963058, 2.392753541499326]], "observations": [[4.992315528332256], [0.028717968612909317], [3.2750111042987555], [0.5037224980769679], [10.25309964409098], [0.1307200841838494], [4.821430065669119], [1.5851265826495364], [2.3238315212074667], [0.33288500539492816], [0.7387801273725927], [0.35976967099122703], [2.788093574112281], [2.3717063061194494], [2.633662731386721], [2.3205868146615103], [0.7753882714314386], [0.2860056513454765], [0.43458061828278005], [0.12250750872772187], [0.7590236908290535], [0.5612543161259964], [-0.01849763887003064], [0.18572265189141035], [0.6507697524502873], [0.13702185242436826], [0.4602844931650907], [0.3691580517916009], [0.6045120933558792], [0.3980858544819057], [0.1403521813917905], [0.29946232214570045], [0.9098066642181948], [0.04455022583715618], [0.2637258025351912], [-0.027256881701759994], [0.7411084523191676], [0.4212953485548496], [0.01319081336259842], [0.09970586828421801], [0.5352224475936964], [0.38045452686492354], [0.1542203453136608], [0.29669304995331913]]}