{"acq_vals": [2.4713433151720996, 6.800197597593577, 2.662424383227064, 2.504527757071483, 0.27248209276893803, 0.14074020380124883, 0.09774952559244454, 0.4670523358358449, 0.1340508358467643], "deepest_minima": [0.07813098875340074, -0.01986981008667499, -0.01986981008667499, -0.01986981008667499, -0.01986981008667499, -0.01986981008667499, -0.01986981008667499, -0.01986981008667499, -0.01986981008667499], "norm_en": -715268.6969642891}