{"acq_vals": [244.32483995817094, 215.52204217180665, 178.66942695437947, 196.21429417108297, 182.5282326454441, 178.99443702571878, 190.0166651644005, 157.28661681136973, 149.02662233825842, 183.6247586490966, 179.16368225826074, 191.28836232601998, 208.0175124586858, 156.67087053619946, 141.03288923050212, 125.70309676995728, 117.82218256028447, 148.2595687972514, 112.2930065467475, 129.78027904451122, 78.16202804505875, 441.6291114834059, 178.5076674360331, 175.6464415115203, 447.47681956896685, 477.94729877057307, 445.80075808053573, 560.0878230680096, 401.7247283071098, 394.0628209671366, 385.8424616628694, 454.5869109734512, 164.18055157631397, 193.80390034414887, 224.02633023661141, 327.4936706799954, 390.7556406316576, 402.5066940573306, 394.1687981739232, 239.87628586041723, 371.07774600853696, 341.7935819684018, 218.21190694152742, 395.5221645541742, 316.464359862974, 241.42017768533327, 295.4962439909308, 292.0961117564589, 279.9025692682867, 317.0107942239988], "deepest_minima": [-1.6492719578091055, -1.6492719578091055, -2.582988471724093, -2.582988471724093, -2.582988471724093, -2.582988471724093, -2.582988471724093, -2.582988471724093, -2.582988471724093, -2.582988471724093, -2.582988471724093, -2.582988471724093, -2.582988471724093, -2.582988471724093, -2.582988471724093, -2.582988471724093, -2.582988471724093, -2.582988471724093, -3.7119753761217, -3.7119753761217, -3.7119753761217, -3.7119753761217, -3.7119753761217, -3.7119753761217, -3.7119753761217, -3.7119753761217, -3.7119753761217, -3.7119753761217, -3.7119753761217, -3.7119753761217, -3.7119753761217, -3.7119753761217, -3.7119753761217, -3.7119753761217, -3.7119753761217, -3.7119753761217, -3.7119753761217, -3.7119753761217, -3.7119753761217, -3.7119753761217, -3.7119753761217, -3.7119753761217, -3.7119753761217, -3.7119753761217, -3.7119753761217, -3.7119753761217, -3.7119753761217, -3.7119753761217, -3.7119753761217, -3.7119753761217]}