{"acq_vals": [630.8277472548031, 606.5079351198862, 498.73013415585285, 470.05182082183524, 393.3430473401617, 369.3390221992775, 421.99872059256523, 457.9996695518631, 415.7221521230214, 304.54513780831985, 336.79510721181566, 363.49591735205036, 382.4316505261826, 391.41268605366287, 325.3584099328101, 365.29117793153017, 289.37569163477696, 294.39129704654124, 331.0336849010253, 216.01222927815456, 326.5582438376513, 322.7097573621673, 242.29734635184468, 277.13989057779787, 225.23033083297665, 266.46481688008686, 94.5862884790643, 96.77180876604035, 111.10975585882507, 94.51614761653161, 74.74959198266644, 88.07489752254992, 87.00872698857937, 71.75668720719014, 80.18924092270113, 43.63961582173129, 95.71461277529485, 80.89026221896282, 97.17661304898378, 88.4798391049639, 59.47149839346452, 68.75401005997921, 83.8588670963873, 61.629952980798315, 69.74135556056501, 59.85416164255444, 94.13734728550169, 77.84560148255754, 49.96347776228901, 72.043785297854], "deepest_minima": [0.054495872696861625, 0.00163068191614002, -0.675017406232655, -0.675017406232655, -0.675017406232655, -1.6222083262982778, -1.6222083262982778, -1.6222083262982778, -1.6222083262982778, -1.6222083262982778, -1.6222083262982778, -1.6222083262982778, -3.043969686725177, -3.043969686725177, -3.043969686725177, -3.043969686725177, -3.043969686725177, -3.043969686725177, -3.043969686725177, -3.043969686725177, -3.043969686725177, -3.043969686725177, -3.043969686725177, -3.043969686725177, -3.043969686725177, -3.043969686725177, -3.043969686725177, -3.043969686725177, -3.043969686725177, -3.043969686725177, -3.043969686725177, -3.043969686725177, -3.043969686725177, -3.043969686725177, -3.043969686725177, -3.043969686725177, -3.043969686725177, -3.043969686725177, -3.043969686725177, -3.043969686725177, -3.043969686725177, -3.043969686725177, -3.043969686725177, -3.043969686725177, -3.043969686725177, -3.043969686725177, -3.043969686725177, -3.043969686725177, -3.043969686725177, -3.043969686725177], "norm_en": -335430.48746516433}