{"acq_vals": [58.36794228705172, 51.35010465850306, 27.99335068091086, 41.708439323219594, 12.103789019643571, 47.12681455830209, 19.88549812341246, 37.08599705718002, 16.54500345638897, 14.39002100427948, 19.726489489200716, 24.602272798212486, 15.609873166544167, 18.478300030251482, 10.335524475679575, 10.68943103903685, 4.083611857058196, 32.83899500035142, 43.29921732870008, 30.330236521477236, 37.97580365309814, 35.75316178988257, 26.37761733388477, 31.57249396069363, 36.003618542420845, 25.390051969806755, 23.022214810872743, 26.24388107655195, 10.897393527025223, 18.524208235740744, 11.725733409130006, 19.945187888921748, 6.871870078381836, 24.469565716714694, 23.65007551060484, 20.165940042781234, 28.60701940709249, 22.470794714713456, 23.960882251005373, 12.711615453004079, 15.104662454019147, 13.352548066706422, 31.815701403481174, 17.263064525912455, 21.29364833032618, 16.53573239548795, 15.091546396460865, 22.088634953614726, 18.385490878414316, 13.38893066506655], "deepest_minima": [-2.098217391758226, -2.098217391758226, -2.098217391758226, -2.098217391758226, -2.098217391758226, -2.098217391758226, -2.098217391758226, -2.098217391758226, -2.098217391758226, -2.098217391758226, -2.098217391758226, -2.098217391758226, -2.098217391758226, -2.098217391758226, -2.098217391758226, -2.098217391758226, -2.099837842863053, -2.099837842863053, -2.099837842863053, -2.099837842863053, -2.099837842863053, -2.099837842863053, -2.099837842863053, -2.099837842863053, -2.099837842863053, -2.099837842863053, -2.099837842863053, -2.099837842863053, -2.099837842863053, -2.099837842863053, -2.099837842863053, -2.099837842863053, -2.099837842863053, -2.099837842863053, -2.099837842863053, -2.099837842863053, -2.099837842863053, -2.099837842863053, -2.099837842863053, -2.099837842863053, -2.099837842863053, -2.099837842863053, -2.099837842863053, -2.099837842863053, -2.2298909226665273, -2.2298909226665273, -2.2298909226665273, -2.2298909226665273, -2.2298909226665273, -2.2298909226665273], "norm_en": -577108.3228092517}