{"acq_vals": [37.94746988417047, 57.79799089181184, 34.355145809693006, 18.959527542371358, 29.915738896061253, 18.66512909192305, 30.665856073618592, 26.96128160678301, 34.52814182945992, 19.219621816428624, 10.974993182545731, 440.13382498139555, 241.39147552671875, 212.7502374391694, 984.5407706861989, 366.47710176259454, 4120.081950833616, 20701.725925796312, 4439.018020105992, 7031.558705616723, 18465.899306571875, 719.002096077428, 9773.946577161236, 6389.028094531653, 7907.783534996338, 3912.2706997050873, 16719.238229337698, 5394.758992533146, 1390.7060022826852, 5205.6037125339935, 9911.041833540712, 5613.606438792767, 1301.3902172019828, 9009.265939982359, 2737.797928876477, 158.96132669751682, 7307.009321521045, 5895.356390485585, 3655.6415668629425, 6439.804283316961, 4306.8937530293115, 1758.9517753478078, 7042.872024695658, 1583.9249524604654, 8376.82628961185, 4018.508540845785, 1017.7314496583286, 636.4850171415812, 820.6543110402159, 4012.9885584429117], "deepest_minima": [-2.5199228069977835, -2.521393948351033, -2.521393948351033, -2.5773314393591136, -2.5773314393591136, -2.5773314393591136, -2.5773314393591136, -2.5773314393591136, -2.5773314393591136, -2.5773314393591136, -2.5773314393591136, -2.5773314393591136, -2.5773314393591136, -2.5773314393591136, -2.5773314393591136, -2.5773314393591136, -2.5773314393591136, -2.5773314393591136, -2.5773314393591136, -2.5773314393591136, -2.5773314393591136, -2.5773314393591136, -2.5773314393591136, -2.5773314393591136, -2.5773314393591136, -2.5773314393591136, -2.5773314393591136, -2.5773314393591136, -2.5773314393591136, -2.5773314393591136, -2.5773314393591136, -2.5773314393591136, -2.5773314393591136, -2.5918496221420355, -2.5918496221420355, -2.5918496221420355, -2.5918496221420355, -2.5918496221420355, -2.5918496221420355, -2.5918496221420355, -2.5918496221420355, -2.5918496221420355, -2.5918496221420355, -2.5918496221420355, -2.5918496221420355, -2.5918496221420355, -2.5918496221420355, -2.5918496221420355, -2.5918496221420355, -2.5918496221420355], "norm_en": -493124.6701872513}