{"acq_vals": [32.51335726622104, 29.432042463589326, 25.80395664141018, 21.400534362441235, 20.874921539100534, 12.856709344385434, 33.621063762560205, 22.985838127997695, 17.537746440442174, 11.198590694683514, 9.50364871920287, 9.93856551139517, 10.929448690531844, 9.665734816150962, 7.3402654742123286, 7.364464415590083, 5.2150309289260735, 597.614380783568, 497.30740426432186, 400.93271733815504, 340.44412190189416, 277.19141305368805, 245.57349513232373, 190.53875933029437, 169.757972224931, 130.2397691186045, 125.43302613804406, 90.91590086510149, 270.95684442943855, 772.5226057027133, 751.077914427492, 637.4764186676748, 520.2571477185304, 1132.9194707053537, 828.6845073120435, 1004.6193701332734, 573.3902012179952, 483.0350365375065, 406.1760031427438, 355.8213073100842, 271.2275009771728, 269.71039061777714, 270.7764074858435, 265.8586139852325, 206.2652274835801, 217.4058863541247, 167.44064564865553, 204.2967524398324, 138.75773614748394, 251.50881121374476], "deepest_minima": [-6.836225645674858, -6.836225645674858, -6.836225645674858, -6.836225645674858, -6.836225645674858, -6.836225645674858, -6.836225645674858, -6.836225645674858, -6.836225645674858, -6.836225645674858, -6.836225645674858, -6.836225645674858, -6.836225645674858, -6.836225645674858, -6.836225645674858, -6.836225645674858, -6.836225645674858, -6.836225645674858, -6.836225645674858, -6.836225645674858, -6.836225645674858, -6.836225645674858, -6.836225645674858, -6.836225645674858, -6.836225645674858, -6.836225645674858, -6.836225645674858, -6.836225645674858, -6.836225645674858, -6.836225645674858, -6.836225645674858, -6.836225645674858, -6.836225645674858, -6.836225645674858, -6.836225645674858, -6.836225645674858, -6.836225645674858, -6.836225645674858, -6.836225645674858, -6.836225645674858, -6.836225645674858, -6.836225645674858, -6.836225645674858, -6.836225645674858, -6.836225645674858, -6.836225645674858, -6.836225645674858, -6.836225645674858, -6.836225645674858, -6.836225645674858], "norm_en": -499298.5107466433}