{"acq_vals": [19.708798869304882, 26.098332210659144, 20.032375266047513, 17.882964051348818, 16.1864509662387, 15.639231676077653, 11.210594741413383, 8.880038597318734, 9.35828296794529, 9.94604781933567, 23.02771362203877, 11.205322578210291, 9.881860688844757, 10.15188849491285, 6.397094139002044, 8.414369760713837, 3.1364715684169235, 494.49829219777246, 358.3311016185171, 262.34516171524143, 219.4899755434214, 198.86480683937273, 163.65255894169485, 184.1086577459333, 158.87835479343246, 122.9051881002312, 105.42644320411276, 78.33291950630242, 67.37247566266373, 58.922970184497665, 49.233646203735134, 52.074449163347964, 37.34126734570709, 26.304732571363335, 22.16222179730358, 23.256499085965547, 18.606528032904382, 18.910636186386867, 36.02740375299457, 35.240370249176955, 29.22104035147246, 30.71391397596744, 30.465859933678093, 27.96232406369656, 26.27564143783197, 48.76560170694411, 32.19563655935847, 19.614412053747046, 14.732003447887504, 9.940697394306826], "deepest_minima": [-1.594104841351509, -1.594104841351509, -1.6015335200354457, -1.6015335200354457, -1.6015335200354457, -1.6015335200354457, -1.6015335200354457, -1.6015335200354457, -1.6015335200354457, -1.6015335200354457, -1.6015335200354457, -1.6015335200354457, -1.6015335200354457, -1.6015335200354457, -6.070763322873972, -6.070763322873972, -6.070763322873972, -6.070763322873972, -6.070763322873972, -6.070763322873972, -6.070763322873972, -6.070763322873972, -6.070763322873972, -6.070763322873972, -6.070763322873972, -6.088582097610924, -6.088582097610924, -6.088582097610924, -6.088582097610924, -6.088582097610924, -6.088582097610924, -6.088582097610924, -6.088582097610924, -6.088582097610924, -6.088582097610924, -6.088582097610924, -6.088582097610924, -6.088582097610924, -6.114689161826391, -6.114689161826391, -6.114689161826391, -6.788599154970143, -6.788599154970143, -6.788599154970143, -6.788599154970143, -6.788599154970143, -6.788599154970143, -6.788599154970143, -6.788599154970143, -6.788599154970143], "norm_en": -499298.5107466433}