{"acq_vals": [536.5710809974559, 551.2184395690147, 495.34087229556815, 450.6815654434339, 470.71386143922047, 430.86880919530705, 440.44603596895024, 377.2793198319068, 375.9240051851831, 371.4203096737754, 377.83558814551054, 381.6625508632509, 139.88753187597553, 194.86346117580203, 124.28260066628651, 164.27876354782092, 112.54980712889999, 127.25382563592048, 111.42055709103141, 138.4753882932873, 116.19687207337363, 149.2851114475718, 119.63471308318289, 156.8200734094921, 134.28833544403878, 93.05905704574411, 112.89170114017855, 118.61307194313478, 135.00375987945378, 137.70946259480831, 117.32998913652935, 120.31557824222503, 90.72984672549032, 102.66284293638846, 109.57507246508062, 92.56391055759097, 130.04569725129136, 101.64887399504325, 129.7480997330338, 60.339959279595234, 56.151695610418436, 42.729394987099546, 31.168854721627746, 44.15568090441718, 59.229207777021266, 158.09680187423118, 270.2766749299369, 155.48755436915542, 176.58231172684165, 313.69301402629884], "deepest_minima": [-0.7048605589661747, -0.7048605589661747, -0.7048605589661747, -0.7048605589661747, -0.7048605589661747, -2.040802729781717, -2.040802729781717, -2.040802729781717, -2.040802729781717, -2.040802729781717, -2.040802729781717, -2.040802729781717, -2.040802729781717, -2.040802729781717, -2.040802729781717, -2.040802729781717, -2.040802729781717, -2.040802729781717, -2.040802729781717, -2.040802729781717, -2.040802729781717, -2.040802729781717, -2.040802729781717, -2.040802729781717, -2.040802729781717, -2.040802729781717, -2.040802729781717, -2.040802729781717, -2.040802729781717, -2.040802729781717, -2.040802729781717, -2.040802729781717, -2.040802729781717, -2.040802729781717, -2.040802729781717, -2.040802729781717, -2.040802729781717, -2.040802729781717, -2.040802729781717, -2.040802729781717, -2.040802729781717, -2.040802729781717, -2.040802729781717, -2.040802729781717, -2.040802729781717, -2.040802729781717, -2.040802729781717, -2.040802729781717, -2.040802729781717, -2.040802729781717]}