{"acq_vals": [5.197005518034149, 3.908928839187175, 11.986936663357032, 5.676628009049079, 1.9774054100670007, 1.7326857648749638, 1.6010186521082514, 1.4086835157466202, 0.7765768793389034, 0.4541418327092774, 0.42172991716175035, 0.3804302356786508, 0.3560491468256758, 0.3525809578802717], "deepest_minima": [-0.016456218203529716, -0.016456218203529716, -0.05053313204552978, -0.05053313204552978, -0.05053313204552978, -0.05053313204552978, -0.05053313204552978, -0.05053313204552978, -0.05053313204552978, -0.05053313204552978, -0.05053313204552978, -0.05053313204552978, -0.05053313204552978, -0.05053313204552978], "norm_en": -715268.6969642891}