{"acq_vals": [153.0080751805527, 149.9403655404993, 155.5796624619162, 99.63847109483208, 96.48878704434388, 97.26965401793572, 91.06051362416463, 91.79464933831936, 86.17835448849638, 89.35317026561239, 84.22224171424745, 82.63878017881225, 77.59580575014029, 79.81236995337235, 77.16844861965643, 76.94829728000057, 75.40022304604344, 67.78888008144679, 57.8114936167005, 49.83891141023411, 49.75371040423875, 50.5078651692564, 45.06167989341852, 47.61620467542537, 43.803663855582975, 48.43935533518857, 51.47592786827715, 54.57800308834067, 49.052058112234384, 44.25349776284609, 45.7532111430246, 42.09890309360901, 41.32861823978792, 44.652665077024054, 39.479677212432485, 44.79512930904532, 43.42641580350427, 39.204868690889676, 38.86372342042386, 26.66985258067905, 28.196735398478538, 20.135897647425253, 20.173369634991918, 16.449558445330638, 18.603466515799525, 21.63522353373639, 23.50478857635351, 22.02916836521796, 17.36137523151567, 27.464379399958073], "deepest_minima": [-0.6161586868111044, -8.393420803360641, -8.393420803360641, -8.393420803360641, -8.393420803360641, -8.393420803360641, -8.393420803360641, -8.393420803360641, -10.767613165313378, -10.770227208384313, -10.770227208384313, -10.770227208384313, -10.770227208384313, -10.770227208384313, -10.770227208384313, -10.770227208384313, -10.770227208384313, -10.770227208384313, -10.770227208384313, -10.770227208384313, -10.770227208384313, -10.770227208384313, -10.770227208384313, -10.770227208384313, -10.770227208384313, -10.770227208384313, -10.770227208384313, -10.770227208384313, -10.770227208384313, -10.770227208384313, -10.770227208384313, -10.770227208384313, -10.770227208384313, -10.770227208384313, -10.770227208384313, -10.770227208384313, -10.770227208384313, -10.770227208384313, -10.770227208384313, -10.770227208384313, -10.770227208384313, -10.770227208384313, -10.770227208384313, -10.770227208384313, -10.770227208384313, -10.770227208384313, -10.770227208384313, -10.770227208384313, -10.770227208384313, -10.770227208384313], "norm_en": -717119.659190258}