{"acq_vals": [1217.2396956094915, 925.9238092697911, 849.15963046526, 769.3163396566853, 739.5796682511697, 668.6706244473152, 617.1447328626627, 611.7671570176246, 660.9027017574673, 578.1003813045324, 498.39976158219656, 488.4206423942088, 482.42095672809614, 427.3107369962993, 478.0951037818163, 339.3046166723469, 318.5242064400323, 486.68410885603083, 395.88713740448213, 396.04219955173755, 308.93766355800955, 337.2227046856332, 606.4379858564233, 488.08233538345087, 408.9958678862966, 372.4419483577492, 401.28066279922615, 251.7769256925492, 233.6709766997202, 270.1845379864394, 256.580381571303, 343.59867269863935, 241.18413377474093, 357.3449048537794, 210.96337095296596, 305.96888614574294, 289.8311854174136, 209.83690478914377, 265.5840147167736, 244.0361601178775, 168.97027482312262, 248.82098296212752, 217.00787336025112, 233.21766910790123, 135.1929217877163, 206.51958413511272, 129.98770968197724, 199.84538344775638, 158.75936450455953, 207.24245302740252], "deepest_minima": [4.069923422415741, 4.069923422415741, 3.730647661664989, 3.730647661664989, 3.177439742721617, 3.177439742721617, 3.177439742721617, 3.177439742721617, 3.177439742721617, 3.177439742721617, 3.177439742721617, 3.177439742721617, 3.177439742721617, 3.177439742721617, 2.625685811508447, 2.625685811508447, 2.625685811508447, 2.625685811508447, 2.625685811508447, 1.4590661830734462, 1.441700668539852, 1.441700668539852, 1.441700668539852, 1.441700668539852, 0.11504371085902676, 0.11504371085902676, 0.11504371085902676, 0.11504371085902676, 0.11504371085902676, 0.11504371085902676, 0.11504371085902676, 0.11504371085902676, 0.11504371085902676, 0.11504371085902676, 0.09480684850132093, 0.09480684850132093, 0.09480684850132093, 0.09480684850132093, 0.09480684850132093, 0.09480684850132093, 0.09480684850132093, 0.09480684850132093, 0.09480684850132093, 0.09480684850132093, 0.09480684850132093, 0.09480684850132093, 0.09480684850132093, 0.09480684850132093, -1.7119200494489633, -1.7119200494489633], "norm_en": -321357.706198883}