{"acq_vals": [4.272931311330959, 0.7449752518132466, 0.5399170564872626, 4.95307612932046, 1.4643964908869749, 0.321744422408132, 0.5395774159095725, 0.19604386482171426, 0.1388300319892083, 0.09768804593926461, 0.08722929812123681, 0.09602027715350658], "deepest_minima": [0.14631769561674446, 0.11010711267590523, 0.11010711267590523, 0.011812181212008, -0.0032594522926956415, -0.0032594522926956415, -0.012936881510540843, -0.012936881510540843, -0.012936881510540843, -0.012936881510540843, -0.012936881510540843, -0.012936881510540843], "norm_en": -715268.6969642891}