{"acq_vals": [1138.5927154724363, 964.1679260155224, 870.7939661374787, 851.8615787993344, 831.4213539569281, 810.5228974715402, 838.5081758520101, 772.7781595406702, 775.4104259662032, 766.9120321200028, 769.5163537688975, 750.2177504665226, 739.3337585739665, 737.7104992071022, 739.7160505935591, 746.5132622015014, 716.7188100815063, 702.5972094124535, 713.3733140795965, 714.3542008147377, 689.4041256617068, 688.9527625425204, 678.9947679376927, 683.9978530994616, 672.3422242843585, 676.496921307327, 670.5083634907903, 652.5919996200901, 659.6394180033863, 654.305123184947, 671.6875584980579, 627.2466765469571, 642.7577061286471, 631.50131008489, 609.3329551313101, 606.9767112330369, 612.7777271428499, 612.3382856528888, 601.487402535044, 624.4801888408609, 595.5449326038676, 610.1335318660458, 600.7213735924104, 611.4378088648486, 591.2880683665232, 630.3059063651523, 604.944722698273, 593.6047551368777, 593.5418344926213, 586.3665930163994], "deepest_minima": [1.684457014547661, 1.684457014547661, 1.684457014547661, 1.684457014547661, 1.684457014547661, 1.684457014547661, 1.684457014547661, 1.684457014547661, 1.684457014547661, 1.684457014547661, 1.684457014547661, 1.684457014547661, 1.684457014547661, 1.684457014547661, 0.5361514101387002, 0.5361514101387002, 0.5361514101387002, 0.5361514101387002, 0.5361514101387002, 0.5361514101387002, 0.5361514101387002, 0.5361514101387002, 0.5361514101387002, 0.5361514101387002, 0.5361514101387002, 0.5361514101387002, 0.5361514101387002, 0.5361514101387002, 0.5361514101387002, 0.5361514101387002, 0.5361514101387002, 0.5361514101387002, -0.8073382664006203, -0.8073382664006203, -0.8073382664006203, -0.8073382664006203, -0.8073382664006203, -0.8073382664006203, -0.8073382664006203, -0.8073382664006203, -0.8073382664006203, -0.8073382664006203, -0.8073382664006203, -0.8073382664006203, -0.8073382664006203, -0.8073382664006203, -0.8073382664006203, -0.8073382664006203, -0.8073382664006203, -0.8073382664006203]}