{"acq_vals": [264.2166847136614, 251.60521612477643, 231.97150528241622, 215.2484759121681, 126.0568468171095, 149.28943246851773, 93.45821137815132, 114.37838126699789, 178.82213404407042, 98.8564315623998, 147.10366378752624, 104.79760749261563, 84.00335463419954, 174.49308047082445, 114.33801103668159, 51.46930517139912, 82.40538937855597, 41.55800331578796, 28.080159070748994, 71.70968323342166, 56.58104389174627, 48.57946293384396, 58.88842594088254, 22.279178526307405, 40.57680088044329, 31.67621423068498, 72.60508267656766, 37.24291866862892, 28.02547797470845, 39.181774793194364, 44.17084493483053, 35.940921037639264, 54.10765241456166, 31.51021991417787, 16.141365328392098, 49.300283545532416, 54.26638400757086, 44.21449565345203, 50.61673328714682, 39.16112151384909, 18.90714421847352, 18.738203887463264, 58.2879497441313, 33.70624284915304, 33.9036884992907, 37.53267260780747, 10.727159815285123, 25.946996473875423, 12.989906080387275, 22.781376496141327], "deepest_minima": [-2.28622556431219, -2.28622556431219, -2.28622556431219, -2.28622556431219, -2.28622556431219, -2.28622556431219, -2.28622556431219, -2.28622556431219, -2.28622556431219, -2.28622556431219, -2.28622556431219, -2.28622556431219, -2.28622556431219, -2.28622556431219, -2.28622556431219, -2.28622556431219, -2.28622556431219, -2.28622556431219, -2.28622556431219, -2.28622556431219, -2.28622556431219, -2.28622556431219, -2.28622556431219, -2.28622556431219, -2.28622556431219, -2.28622556431219, -2.28622556431219, -2.28622556431219, -2.28622556431219, -2.28622556431219, -2.28622556431219, -2.28622556431219, -2.28622556431219, -2.28622556431219, -2.28622556431219, -2.28622556431219, -2.28622556431219, -2.28622556431219, -2.28622556431219, -2.28622556431219, -2.28622556431219, -2.28622556431219, -2.28622556431219, -2.28622556431219, -2.28622556431219, -2.28622556431219, -2.28622556431219, -2.28622556431219, -2.28622556431219, -2.28622556431219], "norm_en": -577108.3228092517}