{"acq_vals": [17.60665431799367, 2.827946043160409, 5.299012718692287, 9.757534685920765, 19.07600095901604, 8.845327061477908, 12.658800914353861, 11.054042616550625, 0.4766586663819658, 10.074028772523093, 5.992549307053076, 1.0167749457685913, 16.45934844277983, 8.825660527263658, 4.211609140528271, 32.985983495752464, 0.2728831446464734, 0.2923231551256485, 0.3871610622357789, 1.1307495212292524, 1.798868693041804, 2.8607783402518976, 11.542453943733754, 10.860804653858647, 2.893767572260032, 0.43256348731585337, 2.0805145278582664, 0.557458158168737, 5.472950089821779, 14.116174548613678, 7.090211307939633, 9.06661162393227, 0.16262646395960587, 3.0600166800485717, 8.979305945306743, 0.11978947625868835, 0.35986183398387606, 0.07721717023389374, 0.275778844601742, 2.722309390405693, 0.06203441624313655, 0.053586456907055435, 0.04474295672309836, 0.035753627743360994, 2.437481424994612, 0.03389996746977886, 0.09075718703559232, 0.08202280462921863, 0.06901550487702934, 0.061662639667702024], "deepest_minima": [-0.04859657195629552, -0.04859657195629552, -0.04859657195629552, -0.04859657195629552, -8.145327612233814, -8.145327612233814, -8.145327612233814, -8.186103052983526, -8.186103052983526, -8.186103052983526, -8.186103052983526, -8.186103052983526, -8.186103052983526, -8.186103052983526, -8.186103052983526, -8.186103052983526, -8.186103052983526, -8.186103052983526, -8.186103052983526, -8.186103052983526, -8.186103052983526, -8.186103052983526, -8.186103052983526, -8.186103052983526, -8.186103052983526, -8.186103052983526, -8.186103052983526, -8.186103052983526, -8.186103052983526, -8.186103052983526, -8.186103052983526, -8.186103052983526, -8.186103052983526, -8.186103052983526, -8.186103052983526, -8.186103052983526, -8.186103052983526, -8.186103052983526, -8.186103052983526, -8.186103052983526, -8.186103052983526, -8.186103052983526, -8.186103052983526, -8.186103052983526, -8.186103052983526, -8.186103052983526, -8.186103052983526, -8.186103052983526, -8.186103052983526, -8.186103052983526], "norm_en": -341603.9614621028}