{"acq_vals": [748.3207511723932, 721.3218907214929, 437.575892054715, 614.3317635828209, 562.9206266378402, 404.80136779249983, 420.32215722999064, 276.96862321033234, 386.14792180575245, 368.2995745147148, 343.2993246879259, 332.8714371260298, 210.96384608689732, 283.6542071586431, 148.70551869895056, 202.37636277890758, 241.64696454060388, 301.36218009959293, 96.72582239313391, 119.73164171698548, 87.05211104870124, 74.56532811888364, 62.304843196658496, 107.83503840966402, 109.34880019947823, 67.60285403834148, 120.40809086434135, 37.2334080743936, 43.02752201247861, 84.53924229638454, 65.69997522787206, 64.5900595963062, 79.7826286671026, 74.90541135108782, 70.61843589638917, 53.927581945387686, 100.57637629715934, 63.01321990887056, 25.60632127738877, 38.3078095046474, 51.74933700272075, 31.023180718308982, 70.09548750162608, 24.610637648421164, 36.35357856105026, 43.59795660917766, 58.18603721279331, 47.647602541373935, 29.51345777244506, 40.84113211566547], "deepest_minima": [-1.6967801935970783, -1.6967801935970783, -1.6967801935970783, -1.6967801935970783, -1.6967801935970783, -1.6967801935970783, -1.6967801935970783, -1.6967801935970783, -1.6967801935970783, -1.6967801935970783, -1.6967801935970783, -1.6967801935970783, -1.6967801935970783, -1.6967801935970783, -1.6967801935970783, -1.6967801935970783, -1.6967801935970783, -1.6967801935970783, -1.6967801935970783, -1.6967801935970783, -1.6967801935970783, -1.6967801935970783, -1.6967801935970783, -1.6967801935970783, -1.6967801935970783, -1.6967801935970783, -1.6967801935970783, -1.6967801935970783, -1.6967801935970783, -1.6967801935970783, -1.6967801935970783, -1.6967801935970783, -1.6967801935970783, -1.6967801935970783, -1.7362059864099137, -1.7362059864099137, -1.7362059864099137, -1.7362059864099137, -1.7362059864099137, -1.758091791823972, -1.758091791823972, -1.758091791823972, -1.758091791823972, -1.758091791823972, -1.758091791823972, -1.758091791823972, -1.758091791823972, -1.758091791823972, -1.758091791823972, -1.758091791823972]}