{"acq_vals": [29.971580860973738, 24.40050481799904, 35.341014335288456, 373.2593809184011, 319.0903030744929, 310.1501410202441, 279.4504100442342, 276.12431080057655, 267.89462146774883, 273.73383849457065, 260.43596427882954, 256.92424301344323, 243.62395761356558, 241.49091066577918, 244.32308811329798, 241.82657370077013, 233.00193358755885, 239.81761956050195, 237.5415871647998, 247.84038242213296, 226.89362314613143, 233.775901222516, 228.9848402334568, 219.71576805281367, 170.96644296802407, 149.3276037428119, 154.73067602127603, 144.96139099503907, 118.84574248866109, 154.8533290328566, 140.65341352765105, 111.70377173309241, 124.50461664643102, 113.98244898883756, 100.82774131869674, 132.34192390126353, 109.70779510427971, 123.83753110078979, 106.1975299818429, 109.57321188009496, 112.47868876516887, 106.35734425634251, 91.63153587830352, 86.11823945909246, 94.63679611134754, 90.80398535351512, 94.39051973284377, 99.92600985650948, 102.11936197694945, 89.36146905900922], "deepest_minima": [-0.8227028973051347, -0.8227028973051347, -0.8227028973051347, -0.8227028973051347, -0.8227028973051347, -0.8227028973051347, -1.091450295469258, -1.091450295469258, -1.091450295469258, -1.091450295469258, -1.091450295469258, -1.091450295469258, -1.091450295469258, -1.091450295469258, -1.091450295469258, -1.091450295469258, -1.091450295469258, -1.091450295469258, -1.091450295469258, -1.091450295469258, -1.091450295469258, -1.091450295469258, -1.091450295469258, -1.091450295469258, -1.091450295469258, -1.091450295469258, -1.091450295469258, -1.091450295469258, -1.091450295469258, -1.091450295469258, -1.091450295469258, -1.091450295469258, -1.091450295469258, -1.091450295469258, -1.091450295469258, -1.091450295469258, -1.091450295469258, -1.091450295469258, -1.091450295469258, -1.091450295469258, -1.091450295469258, -1.091450295469258, -1.091450295469258, -1.091450295469258, -1.091450295469258, -1.091450295469258, -1.091450295469258, -1.091450295469258, -1.091450295469258, -1.091450295469258], "norm_en": -335430.48746516433}