{"acq_vals": [4.260581727154144, 9.800782393725843, 32.011045096332964, 17.390825107168546, 0.8832884188759564, 22.51177140558998, 2.8134525872630745, 10.462872206772001, 1.662233548631819, 13.493171670735356, 6.700122768526523, 11.319147023044108, 3.349424646435898, 7.306164937110012, 2.9835788841901856, 0.3044571794111721, 0.24287680745740642, 0.3713743781224548, 0.1690947962324882, 0.19284189322669304], "deepest_minima": [-8.107246844680049, -8.140692002722062, -8.140692002722062, -8.140692002722062, -8.140692002722062, -8.140692002722062, -8.140692002722062, -8.151403005933389, -8.151403005933389, -8.151403005933389, -8.151403005933389, -8.151403005933389, -8.151403005933389, -8.151403005933389, -8.151403005933389, -8.151403005933389, -8.151403005933389, -8.171152160386555, -8.171152160386555, -8.171152160386555], "norm_en": -341603.9614621028}