{"acq_vals": [47.74121228197832, 9.263995072920135, 2.9519044122152556, 15.749707499305467, 41.73057597880061, 54.248899545777434, 16.403825807683717, 25.7828077780184, 2.054311044738324, 20.510980368402166, 63.75149433505505, 19.651854074562305, 46.18941532692561, 51.17391366920155, 13.6308911666819, 7.078319461671663, 24.65926660228247, 22.1142413482951, 4.07842261507271, 1.9568923564871905, 2.6526153657078018, 14.386092003941611, 0.16297741870129986, 1.8669939125331538, 0.28631171399297517, 0.5710665137022088, 5.417009085676733, 5.1169540844012085, 0.3171147658453836, 10.920249002784468, 0.2225840705817609, 0.15061499962265662, 0.11516515514767887, 6.11244485166569, 0.09532934116953129, 3.074405420768138, 0.08008075172301687, 3.006799736127058, 1.3993219598988473, 2.9722057231901893, 0.06778434075090445, 0.06061363529920527, 0.8709320063826095, 5.93838484079436, 0.056632569700809654, 1.046953632227051, 0.04713794230667645, 0.04436102627721539, 0.041321969709315454, 0.6293387741933119], "deepest_minima": [-8.145843271922786, -8.145843271922786, -8.145843271922786, -8.145843271922786, -8.151214200188406, -8.151214200188406, -8.151214200188406, -8.151214200188406, -8.151214200188406, -8.151214200188406, -8.151214200188406, -8.151214200188406, -8.151214200188406, -8.151214200188406, -8.151214200188406, -8.151214200188406, -8.151214200188406, -8.151214200188406, -8.151214200188406, -8.151214200188406, -8.151214200188406, -8.151214200188406, -8.151214200188406, -8.151214200188406, -8.162842639081646, -8.162842639081646, -8.162842639081646, -8.162842639081646, -8.162842639081646, -8.162842639081646, -8.162842639081646, -8.162842639081646, -8.162842639081646, -8.162842639081646, -8.162842639081646, -8.162842639081646, -8.162842639081646, -8.162842639081646, -8.162842639081646, -8.162842639081646, -8.162842639081646, -8.162842639081646, -8.162842639081646, -8.162842639081646, -8.162842639081646, -8.162842639081646, -8.162842639081646, -8.162842639081646, -8.162842639081646, -8.163198394991923], "norm_en": -341603.9614621028}