{"acq_vals": [665.0221218241841, 391.31805698156484, 446.76236566234917, 335.64913021306285, 440.0901286804726, 314.5406164843014, 329.50383997926804, 200.16092247981945, 263.11552521036936, 265.05518366812197, 3758.5325733959344, 5299.613214220588, 3991.5412468827653, 4557.5197776448385, 2713.5580625082343, 3139.5038346562956, 3912.891300711755, 2141.759672463681, 3064.162726657046, 2933.3235845664644, 3259.901555329254, 2513.179644393919, 2555.2178117756953, 2560.9306516066563, 1780.6663010344519, 1780.8579179497185, 2561.362330078747, 1747.9936481003876, 583.2827140707112, 1557.4075178680566, 1809.6010178016243, 1822.1504467110897, 2467.846154193139, 1953.945226743044, 1645.7640072075371, 2273.844551339874, 1660.645698915858, 2068.808697943956, 1309.8397310745145, 814.9870924091554, 1681.4830969155519, 1087.206954089574, 1609.6126240528106, 1383.7617585668174, 2067.3237876498542, 1607.4320217236743, 1377.6548991615084, 1321.0893053467935, 335.12988119586174, 457.36165525558937], "deepest_minima": [0.6936440586578101, 0.6936440586578101, 0.6936440586578101, 0.6936440586578101, 0.6936440586578101, 0.6936440586578101, 0.6936440586578101, 0.3517034233082086, 0.3517034233082086, 0.3517034233082086, 0.3517034233082086, 0.3517034233082086, 0.3517034233082086, 0.3517034233082086, 0.3517034233082086, 0.3517034233082086, 0.3517034233082086, 0.3517034233082086, 0.3517034233082086, 0.3517034233082086, 0.3517034233082086, 0.3517034233082086, 0.3517034233082086, 0.3517034233082086, 0.3517034233082086, 0.3517034233082086, 0.3517034233082086, 0.3517034233082086, 0.3517034233082086, 0.3517034233082086, 0.1744404256460257, 0.1744404256460257, 0.16679538856260478, 0.16679538856260478, 0.16679538856260478, 0.16679538856260478, 0.16679538856260478, 0.16679538856260478, 0.16679538856260478, 0.16679538856260478, 0.16679538856260478, 0.16679538856260478, 0.16679538856260478, 0.16679538856260478, 0.16679538856260478, 0.16679538856260478, 0.16679538856260478, 0.16679538856260478, 0.16679538856260478, 0.16679538856260478]}