{"acq_vals": [608.3264329063554, 297.94729989510154, 332.58715662861835, 245.02223990567063, 255.1591017215944, 215.51913006490247, 188.04214331155185, 273.9333940178626, 133.51714165223197, 163.6783950433143, 231.26969549596737, 257.0420370185184, 194.31583744882136, 95.75490649876033, 168.410259826915, 92.15684753764873, 103.57294276865024, 262.88940259685864, 129.04706424629998, 178.0496713778666, 170.37018028736003, 93.88462487072384, 65.70784020093838, 153.53759354457307, 115.29274959065374, 155.7470412075861, 158.33536300105044, 143.31814734974463, 80.44926019675975, 108.70564676040165, 114.37525878369867, 61.83802616028524, 114.12884130482479, 87.6640759955999, 128.2100076685034, 63.53239287126468, 29.470041652748275, 123.89874215396027, 65.06032318682142, 93.71830449895232, 97.26137832394116, 79.63312534856637, 130.5955738173618, 147.27382874823093, 40.64356598880991, 113.53285382588541, 109.0894617875749, 141.99930462741995, 74.7116395148087, 80.32597086924989], "deepest_minima": [0.39328849251614884, 0.39328849251614884, 0.39328849251614884, 0.39328849251614884, 0.39328849251614884, 0.39328849251614884, 0.39328849251614884, 0.39328849251614884, 0.39328849251614884, 0.39328849251614884, -0.03350655670510605, -0.03350655670510605, -0.03350655670510605, -0.03350655670510605, -0.03350655670510605, -0.039259493292775005, -0.039259493292775005, -0.039259493292775005, -0.039259493292775005, -0.039259493292775005, -0.039259493292775005, -0.039259493292775005, -0.039259493292775005, -0.039259493292775005, -0.039259493292775005, -0.039259493292775005, -0.039259493292775005, -0.039259493292775005, -0.039259493292775005, -0.039259493292775005, -0.039259493292775005, -0.039259493292775005, -0.039259493292775005, -0.039259493292775005, -0.039259493292775005, -0.039259493292775005, -0.2396264253766276, -0.2396264253766276, -0.2396264253766276, -0.2396264253766276, -0.4785342325340025, -0.4785342325340025, -0.4785342325340025, -0.4785342325340025, -0.5183451228658669, -0.5183451228658669, -0.5183451228658669, -0.5183451228658669, -0.5183451228658669, -0.5183451228658669]}