{"acq_vals": [88.81837263709672, 81.48569098855853, 67.65524815485095, 55.82165692052234, 62.240691412060315, 58.86194299464441, 43.4443110468349, 58.49151068422174, 32.27044375697617, 55.54625809499278, 52.95188008224484, 34.01960496230348, 48.80729478429468, 33.02144950922551, 29.019369079533234, 34.81767723293961, 26.37065435845267, 40.62316698802612, 26.291106425865866, 29.167686488881937, 37.57877768259974, 23.88646877098083, 26.325235571623228, 27.716761653758535, 33.945657077072774, 22.644531260884502, 20.414344219126573, 29.23899061260393, 20.89260996688282, 24.9893555778807, 25.106663458552585, 24.08383159983763, 27.525522784119477, 24.137544208256585, 23.03153434933297, 21.351009289095124, 30.634431065546163, 26.62728965205388, 20.01469775773371, 23.830210734039895, 21.862252200793417, 20.976638224254234, 10.340918031156601, 19.45591314323583, 19.60857257554463, 21.581540780435333, 14.133152840993661, 19.34640064135477, 7.840275183738747, 28.909124002518666], "deepest_minima": [0.15117955865571275, 0.15117955865571275, 0.08582812850363553, 0.08582812850363553, -0.352665668935515, -0.43949398351833224, -0.43949398351833224, -0.43949398351833224, -0.43949398351833224, -0.43949398351833224, -0.43949398351833224, -0.43949398351833224, -1.0703216140973382, -1.0703216140973382, -1.0703216140973382, -1.0703216140973382, -1.0703216140973382, -1.0703216140973382, -1.0703216140973382, -1.0703216140973382, -1.0703216140973382, -1.0703216140973382, -1.0703216140973382, -1.0703216140973382, -1.0703216140973382, -1.0703216140973382, -1.0703216140973382, -1.0703216140973382, -1.0703216140973382, -1.0703216140973382, -1.0703216140973382, -1.0703216140973382, -1.0703216140973382, -1.0703216140973382, -1.0703216140973382, -1.0703216140973382, -1.0703216140973382, -1.0703216140973382, -1.082997371966485, -1.082997371966485, -1.082997371966485, -1.082997371966485, -1.082997371966485, -1.082997371966485, -1.082997371966485, -1.082997371966485, -1.082997371966485, -1.082997371966485, -1.3698807452456094, -1.3698807452456094], "norm_en": -335430.48746516433}