{"acq_vals": [29.49638390209808, 32.612866659125764, 8.263417664369614, 7.5708180478938285, 5.100699101333339, 5.6273999606785505, 6.732341918169046, 7.304843870995155, 6.57974367828478, 5.181559510983933, 5.854509488721203, 17.198392791589633, 8.90703488210364, 8.960195220006186, 12.188018283680053, 8.57413911091758, 5.826057571860514, 5.660727672408976, 3.7123002227076025, 3.995733178610342, 8.171563160359222, 4.688635616685717, 3.7430259176908005, 2.728361532466823, 5.291417044094339, 4.558970679001489, 4.7242294422324225, 2.4042056605199744, 2.741811507405716, 2.4319319674099837, 1.6726159977081803, 1.28709853364386, 1.521253336115553, 1.6634077099377031, 1.3613962530935058, 1.125312118438843, 2.8382583492174995, 2.511683883288243, 1.744988145645985, 2.0415098137897196, 1.695026507012344, 1.5854045715376675, 1.2913368180343037, 2.0759109288223456, 1.1142916913927017, 0.9678661206398136, 1.3259727004815591, 1.1215891131838656, 0.8466984941090271, 0.6862342999083614], "deepest_minima": [-8.179204631131142, -8.179204631131142, -8.179204631131142, -8.179204631131142, -8.179204631131142, -8.179204631131142, -8.179204631131142, -8.179204631131142, -8.179204631131142, -8.179204631131142, -8.179204631131142, -8.179204631131142, -8.179204631131142, -8.179204631131142, -8.179204631131142, -8.179204631131142, -8.179204631131142, -8.179204631131142, -8.179204631131142, -8.179204631131142, -8.179204631131142, -8.179204631131142, -8.179204631131142, -8.179204631131142, -8.179204631131142, -8.179204631131142, -8.179204631131142, -8.179204631131142, -8.179204631131142, -8.179204631131142, -8.179204631131142, -8.179204631131142, -8.179204631131142, -8.179204631131142, -8.179204631131142, -8.179204631131142, -8.179204631131142, -8.179204631131142, -8.179204631131142, -8.179204631131142, -8.179204631131142, -8.179204631131142, -8.179204631131142, -8.179204631131142, -8.179204631131142, -8.179204631131142, -8.179204631131142, -8.179204631131142, -8.179204631131142, -8.179204631131142], "norm_en": -341603.9614621028}