{"acq_vals": [12.729540857058348, 2.5551210806161366, 1.6710260569060806, 3.686458446948373, 30.316853965553086, 12.434055064770295, 40.233923723169745, 6.696610147777009, 7.0927017461563215, 24.061058289748328, 0.7320884102509274, 33.62467516781349, 16.08714072760632, 5.985884920322296, 2.1792244819310667, 2.375461593566008, 0.5357913922874624, 13.772553856304407, 20.987392362682574, 2.4520455970918285, 4.182224289537877, 0.5104431128809733, 0.16633359832218747, 17.194550458242286, 2.8403048442015084, 0.17687247989640156, 8.33140058374212, 0.19623431825426757, 0.11295859793079889, 0.10366664144714832, 0.08241903129123784, 0.06959773671616176], "deepest_minima": [-5.625690295069944, -5.625690295069944, -5.625690295069944, -5.625690295069944, -5.642954848415684, -5.642954848415684, -5.642954848415684, -5.642954848415684, -5.642954848415684, -5.642954848415684, -5.642954848415684, -5.642954848415684, -7.39095212565735, -7.452113900333643, -7.4574211645522155, -7.4574211645522155, -7.4574211645522155, -7.4574211645522155, -7.4574211645522155, -7.4574211645522155, -7.4574211645522155, -7.465893135522492, -7.485410188033711, -7.485410188033711, -7.485410188033711, -7.485410188033711, -7.485410188033711, -7.485670103691518, -7.494904324179515, -7.500035575823858, -7.502631421899423, -7.503525491745677], "norm_en": -307917.97903379245}