{"acq_vals": [12.490176923080915, 6.526070360447766, 3.2971751359647796, 3.06443672150538, 1.4158672286699694, 1.023346957111092, 0.9271781522792242, 0.8987303718114658, 0.7203561173854824, 0.7110775468971016], "deepest_minima": [0.10322770441416651, -0.02305672678630799, -0.02305672678630799, -0.02305672678630799, -0.02305672678630799, -0.02305672678630799, -0.02305672678630799, -0.02305672678630799, -0.02305672678630799, -0.02305672678630799], "norm_en": -715268.6969642891}