{"acq_vals": [8499.72478426918, 8142.094421949131, 7317.985812114358, 4746.140327925881, 2559.584280478394, 2883.8441756218604, 2663.5853408405665, 3119.636481869478, 1765.7859383376403, 2935.7594134984356, 2691.124232878645, 2436.81141097189, 2068.252661363853, 2692.908803129499, 2361.6604727372483, 2074.630360225835, 2478.402700593887, 2222.5189308881877, 1501.300009770678, 2098.123085592156, 2337.759968197642, 2286.761969450008, 2699.114656525176, 1973.0252646404122, 1843.030463766188, 2434.4247879451746, 2275.1014361117427, 2211.5058228395033, 2290.80010220402, 1825.8146444025094, 1894.5583441304698, 2213.4483494102724, 2278.0494182174907, 1929.2509232935163, 1387.660607103678, 2260.379301191004, 1922.9099756437795, 1702.2419337436404, 2159.0419352730423, 1882.538385552353, 1794.1577588373661, 2129.7277286923713, 1708.3162115133066, 2195.2951206882776, 1597.6116170888668, 2097.132056135646, 1499.4189474941088, 1769.863571795427, 1681.090907540071, 1805.9157159907923], "deepest_minima": [99.20453658380596, 37.22658598853741, -7.044375980622135, -15.414484891109169, -15.414484891109169, -15.414484891109169, -15.414484891109169, -15.414484891109169, -15.414484891109169, -15.414484891109169, -15.414484891109169, -15.414484891109169, -15.414484891109169, -15.414484891109169, -15.414484891109169, -15.414484891109169, -15.414484891109169, -15.414484891109169, -18.85337963141501, -18.85337963141501, -18.85337963141501, -18.85337963141501, -18.890857385122217, -18.890857385122217, -18.890857385122217, -18.890857385122217, -18.890857385122217, -18.890857385122217, -18.890857385122217, -18.890857385122217, -18.890857385122217, -21.373253166442737, -25.725311274640262, -25.725311274640262, -25.725311274640262, -25.760664090397768, -25.760664090397768, -25.760664090397768, -25.760664090397768, -25.760664090397768, -25.788865347625688, -25.788865347625688, -25.788865347625688, -25.788865347625688, -25.788865347625688, -25.788865347625688, -25.788865347625688, -25.788865347625688, -25.788865347625688, -25.788865347625688], "norm_en": -682511.0441145345}