{"acq_vals": [88.858811920668, 141.32764972295737, 105.3403740777164, 99.29124649614255, 82.62565911410739, 83.29290979861754, 62.428490433911485, 69.19287849911973, 36.53886145569035, 48.70901182032636, 45.82815871592189, 26.441851774778723, 31.084299749961687, 21.642595201950094, 13.685200870243392, 33.49676364348273, 48.05250253269975, 33.67404197320932, 22.58101528062897, 22.20949313316614, 11.92696987387686, 25.51030056704933, 44.01482469755828, 23.204522524803245, 30.422195129740444, 32.09383659715734, 23.634509437871472, 13.44167856061346, 28.572497549935846, 14.43224005900434, 28.027270010949998, 28.54806754564935, 49.013859496516254, 9.429232018787847, 13.5255653854326, 20.208327637407727, 18.349487210819, 113.03157121752459, 32.94134406523031, 77.06273569285169, 80.17568773383955, 68.8202152698995, 69.89214608116811, 47.39005112932313, 31.657619184655175, 82.8171275843305, 34.81101202168421, 95.46747786970761, 59.699204622293, 57.00519279174432], "deepest_minima": [2.6646902084467, 2.6646902084467, 2.6646902084467, 2.6646902084467, 2.6646902084467, 1.81424242205685, 1.81424242205685, 0.8823368533630855, 0.7984510599053465, 0.7984510599053465, 0.7984510599053465, 0.7984510599053465, 0.7984510599053465, 0.7984510599053465, 0.7398375479388051, 0.7398375479388051, 0.7398375479388051, 0.7398375479388051, 0.7398375479388051, 0.7398375479388051, 0.7398375479388051, 0.7398375479388051, 0.7398375479388051, 0.7398375479388051, 0.7398375479388051, 0.2927297441055998, 0.2927297441055998, 0.2927297441055998, 0.2927297441055998, -0.45009860437130556, -0.4925167996552773, -0.4925167996552773, -0.4925167996552773, -0.4925167996552773, -0.4925167996552773, -0.4925167996552773, -0.4925167996552773, -0.4925167996552773, -0.4925167996552773, -0.4925167996552773, -0.4925167996552773, -0.4925167996552773, -0.4925167996552773, -0.4925167996552773, -0.4925167996552773, -0.4925167996552773, -0.4925167996552773, -0.4925167996552773, -0.4925167996552773, -0.4925167996552773], "norm_en": -321357.706198883}