{"acq_vals": [15.423576690369966, 21.195806864350576, 8.484957426187721, 7.619552745208607, 7.77331660416371, 7.525992524167309, 5.857011063682485, 16.671709182105765, 14.970708403754445, 9.653212835245547, 6.686112770621195, 5.001753576770393, 6.170255429682515, 6.191656738252307, 16.669836761671263, 13.452575759954541, 11.352055512256591, 15.43694673450692, 15.094333002504149, 15.233310124188176, 11.593723518194953, 8.74014494607867, 8.617878449991046, 4.411545076865066, 4.867038680543466, 4.794246629817374, 3.633928668037981, 2.7113118128717164, 3.346544077593254, 2.5610085481422344, 2.6573299138060817, 3.5171448305505013, 1.5765864616948568, 5.976425936039805, 2.94004767165678, 2.6199908145513597, 2.136320537692291, 2.73499114731969, 2.735186875221044, 1.8347272919649318, 1.6302646696685044, 2.3193175141670856, 1.7126252068034045, 1.8363866037754073, 2.3230740214320202, 3.1889760154257574, 3.317325771003057, 2.4438104369093794, 3.0874696603776868, 2.9182803899668017], "deepest_minima": [-8.144480315037072, -8.144480315037072, -8.144480315037072, -8.144480315037072, -8.144480315037072, -8.144480315037072, -8.144480315037072, -8.144480315037072, -8.147925879864488, -8.147925879864488, -8.147925879864488, -8.147925879864488, -8.147925879864488, -8.147925879864488, -8.147925879864488, -8.147925879864488, -8.147925879864488, -8.147925879864488, -8.147925879864488, -8.147925879864488, -8.147925879864488, -8.147925879864488, -8.147925879864488, -8.147925879864488, -8.147925879864488, -8.147925879864488, -8.147925879864488, -8.147925879864488, -8.147925879864488, -8.147925879864488, -8.147925879864488, -8.147925879864488, -8.147925879864488, -8.147925879864488, -8.147925879864488, -8.147925879864488, -8.147925879864488, -8.147925879864488, -8.147925879864488, -8.151951658772305, -8.151951658772305, -8.151951658772305, -8.151951658772305, -8.151951658772305, -8.151951658772305, -8.151951658772305, -8.153244402899873, -8.156060898909345, -8.156060898909345, -8.156060898909345], "norm_en": -341603.9614621028}