{"acq_vals": [29.74293439808253, 10.599686861768882, 6.980546656480499, 18.18371221267406, 6.089463909711112, 23.474814055504996, 26.27811828287007, 2.326789125160309, 4.2399785982106515, 6.34221571442471, 2.1865237809934066, 508.61234372057316, 243.16828115981716, 150.94824215331425, 72.45747564147192, 172.05658875261028, 68.73754729304994, 43.74728875751281, 89.69668959546118, 40.775604231590464, 87.69939969001288, 16.34894855518113, 20.419234334131286, 4.104500110649626, 49.060671640172146, 34.546387764618345, 12.730989021967961, 17.516784998135986, 15.622549898355237, 5.644470211335016, 17.54397317046588, 13.659046276877541, 10.713513072135342, 8.72822557215442, 5.007187841368018, 1.1556099434982785, 6.157858940521179, 4.46772848094122, 2.4706866630394986, 0.15737090000993245, 0.17637518878052671, 0.18420606241484022, 1.026767623266656, 1.521287843628846, 0.3008893526912105, 0.1771686768407854, 0.3114057786205154, 1.7111065114949942, 0.11298763823810987, 0.08282957970300231], "deepest_minima": [-6.072579385479912, -6.072579385479912, -6.072579385479912, -6.083788380783517, -6.083788380783517, -6.083788380783517, -6.083788380783517, -6.083788380783517, -6.090514973679092, -6.090514973679092, -6.090514973679092, -6.090514973679092, -6.090514973679092, -6.090514973679092, -6.090514973679092, -6.090514973679092, -6.090514973679092, -6.090514973679092, -6.090514973679092, -6.090514973679092, -6.090514973679092, -6.090514973679092, -6.090514973679092, -6.090514973679092, -6.090514973679092, -6.090514973679092, -6.090514973679092, -6.090514973679092, -6.090514973679092, -6.090514973679092, -6.090514973679092, -6.090514973679092, -6.109029060869943, -6.109029060869943, -6.109029060869943, -6.109029060869943, -6.109029060869943, -6.109029060869943, -6.109029060869943, -6.109029060869943, -6.109029060869943, -6.109029060869943, -6.109029060869943, -6.109029060869943, -6.109029060869943, -6.109029060869943, -6.109029060869943, -6.109029060869943, -6.109029060869943, -6.109029060869943], "norm_en": -499298.5107466433}