{"acq_vals": [222.03846768182228, 531.876540698997, 463.3408094091237, 374.13832824671414, 370.98224674584134, 350.2917229441123, 347.050368089515, 307.82457699170897, 296.74884019887685, 258.26694262694144, 258.84380766425096, 245.88773484622592, 229.20869176747652, 227.29380029511836, 209.5081196330263, 253.39148207725623, 203.71320526301517, 212.2214563654658, 197.04685026662528, 174.7185873428575, 179.83629234474247, 105.1752454141572, 89.70154713508424, 80.56943718418914, 76.15792782987054, 73.6351455981643, 86.2112772730435, 59.81710233749379, 72.8273557855961, 54.333767333441706, 53.63377313043822, 49.681679395944855, 47.87957879815213, 51.75913511018179, 59.481727742376606, 44.498724568702734, 39.66386637425646, 41.77711414238233, 40.88323845491801, 36.57456239383397, 35.34043667621954, 37.02417342303856, 35.433961657892176, 30.58464239749461, 32.19783157837229, 32.674050701909614, 36.20074155220201, 32.84216155898772, 30.133114858899923, 32.93459350463732], "deepest_minima": [-1.0853000965435058, -1.0853000965435058, -1.8408218409167603, -1.8408218409167603, -1.8408218409167603, -1.8408218409167603, -1.8408218409167603, -1.8408218409167603, -1.8408218409167603, -2.127178416121751, -2.127178416121751, -2.127178416121751, -2.127178416121751, -2.127178416121751, -2.127178416121751, -2.127178416121751, -2.127178416121751, -2.127178416121751, -2.127178416121751, -2.127178416121751, -2.127178416121751, -2.127178416121751, -2.127178416121751, -2.127178416121751, -2.127178416121751, -2.127178416121751, -2.127178416121751, -2.1421989396912977, -2.1421989396912977, -2.1421989396912977, -2.1421989396912977, -2.1421989396912977, -2.1421989396912977, -2.1421989396912977, -2.1421989396912977, -2.1421989396912977, -2.1421989396912977, -2.1421989396912977, -2.1421989396912977, -2.1421989396912977, -2.1421989396912977, -2.1421989396912977, -2.1421989396912977, -2.1421989396912977, -2.1421989396912977, -2.1421989396912977, -2.1421989396912977, -2.1421989396912977, -2.1421989396912977, -2.1421989396912977], "norm_en": -577108.3228092517}