{"acq_vals": [10.466259302754967, 5.576492917841934, 2.4989478993506737, 11.63061103915888, 6.823597373453087, 2.2391222992620534, 2.020759424623533, 1.4493099526264235, 0.5269823194665116, 0.44800095739603474, 0.460324265276779, 0.3698714115556981, 0.35670903174229673], "deepest_minima": [-0.01868969132192433, -0.01868969132192433, -0.047400311101228, -0.047400311101228, -0.047400311101228, -0.047400311101228, -0.047400311101228, -0.047400311101228, -0.047400311101228, -0.047400311101228, -0.047400311101228, -0.047400311101228, -0.047400311101228], "norm_en": -715268.6969642891}