{"acq_vals": [51.45362482847727, 49.27765863051575, 46.023047442100484, 42.75735989839695, 171.6698276171682, 159.91231042712593, 155.39057469679423, 147.0531079808731, 140.5133609744117, 135.05784633583417, 131.4808098438614, 136.78802457219592, 125.33105098480844, 125.1022054666255, 124.34548954902807, 131.74156601222006, 124.88020964187284, 123.05172616413937, 118.87964677994924, 116.79539795936651, 118.74869426679614, 115.76268502221127, 46.292388141174975, 42.692774950342056, 78.80404600293458, 80.89679596930578, 75.64520132580614, 238.12838853331718, 220.4401222798333, 218.9207859822135, 203.26833190804334, 206.3715874898207, 195.96617625055512, 203.98048026977466, 204.4146935385554, 187.75328549596554, 190.35337519124036, 177.02488610520382, 173.76832563456577, 172.48715407760585, 185.38498597483024, 184.51162633192288, 177.87963243917724, 162.73633390596413, 173.10819726239998, 164.74523175131677, 178.58288204145552, 159.37826455375267, 157.96885889239746, 167.2785042143734], "deepest_minima": [-0.23107147199334577, -0.23107147199334577, -0.28384001937229186, -0.28384001937229186, -0.28384001937229186, -0.28384001937229186, -0.28384001937229186, -0.28384001937229186, -0.28384001937229186, -0.28384001937229186, -0.28384001937229186, -0.28384001937229186, -0.28384001937229186, -0.28384001937229186, -0.28384001937229186, -0.28384001937229186, -0.28384001937229186, -0.3645046247402206, -0.3645046247402206, -0.3645046247402206, -0.3645046247402206, -0.3645046247402206, -0.3645046247402206, -0.3645046247402206, -0.3645046247402206, -0.3645046247402206, -0.3645046247402206, -0.3645046247402206, -0.3645046247402206, -0.3645046247402206, -0.38362571061588824, -0.38362571061588824, -0.38362571061588824, -0.38362571061588824, -0.38362571061588824, -0.38362571061588824, -0.38362571061588824, -0.38362571061588824, -0.38362571061588824, -0.38362571061588824, -0.40200646145967767, -0.40200646145967767, -0.40200646145967767, -0.40200646145967767, -0.40200646145967767, -0.40200646145967767, -0.40200646145967767, -0.40200646145967767, -0.40200646145967767, -0.40200646145967767], "norm_en": -335430.48746516433}