{"acq_vals": [134.79959440858937, 149.32260654328203, 109.54516498899956, 66.76032253797163, 162.5776869685469, 82.83065957874905, 128.93773054845323, 75.47435944992527, 114.54378083317494, 84.76260525224706, 94.99830055771841, 39.7850720741743, 84.72471811847839, 96.46278660493658, 58.71800826670342, 74.12199219335314, 25.63693135894853, 75.08779238207453, 47.77922246476384, 53.984297645285665, 67.28129857423454, 32.801526748271236, 13.435405345993441, 38.58781702793497, 49.781960822996936, 36.751877434296105, 40.219594587554056, 36.099189888437, 46.820087006834825, 54.03533077833736, 39.29635726991477, 20.834027416986782, 25.657496371427957, 24.533814699385854, 41.26302860331044, 21.22503630205726, 41.26574310377798, 14.786645625249015, 31.779757814252005, 26.309039043259126, 23.56839558554518, 37.15280516840973, 25.737606676710563, 33.80485178329366, 5.726069866440595, 9.03683663672969, 13.630182949257021, 37.753336572401146, 30.954486885566627, 26.29916775922053], "deepest_minima": [-4.797008915455081, -4.797008915455081, -4.984227826585993, -8.960462229559198, -8.960462229559198, -8.960462229559198, -8.960462229559198, -8.960462229559198, -8.960462229559198, -8.960462229559198, -8.970297576510347, -8.970297576510347, -8.970297576510347, -8.970297576510347, -8.970297576510347, -8.970297576510347, -8.970297576510347, -8.970297576510347, -8.970297576510347, -8.970297576510347, -8.970297576510347, -9.00197396799922, -9.005014498601668, -9.005014498601668, -9.005014498601668, -9.005014498601668, -9.005014498601668, -9.005014498601668, -10.712064920342527, -10.712064920342527, -10.712064920342527, -10.712064920342527, -10.712064920342527, -10.712064920342527, -10.712064920342527, -10.712064920342527, -10.712064920342527, -10.712064920342527, -10.712064920342527, -10.712064920342527, -10.712064920342527, -10.712064920342527, -10.712064920342527, -10.712064920342527, -10.780023850500584, -10.780023850500584, -10.780023850500584, -10.780023850500584, -10.780023850500584, -10.780023850500584], "norm_en": -717119.659190258}