{"acq_vals": [2226.544702233062, 1791.8743519758427, 1933.5995583209526, 1687.0368445044592, 1670.0035403244565, 1479.830706030632, 1510.8084402189452, 1480.9127290566962, 1415.3733904197104, 1105.03624053856, 1122.1726900351393, 1081.0329400856651, 1090.263446060846, 1054.829026797035, 998.7261678968764, 734.8925349221976, 723.9111958406824, 719.4901026350124, 721.7467606342533, 717.1610618791769, 631.984915533185, 635.7217791492378, 658.6589777343825, 656.1053116613124, 652.3504768181928, 618.1635916172211, 629.4505514232723, 605.7641905408517, 652.572742669548, 672.1419647561938, 631.3383107971358, 614.4667306759874, 574.4539382641373, 597.6195738139547, 591.5406555906, 582.6703495654142, 591.864055521976, 573.6010749829378, 588.906596956885, 594.4140675870182, 539.3961863475042, 572.0670415061552, 614.1602234294647, 573.9937163517745, 538.9534302418725, 538.5187488447697, 571.6988612561609, 560.6837356535837, 516.3612997331771, 715.0572552895374], "deepest_minima": [1.325311914901249, 1.325311914901249, 1.1398932595038787, 0.5323609906481579, 0.5323609906481579, 0.5323609906481579, 0.5323609906481579, -0.9706156725296751, -0.9706156725296751, -0.9706156725296751, -0.9706156725296751, -0.9706156725296751, -12.94627735496033, -12.94627735496033, -12.94627735496033, -12.94627735496033, -13.774608438252471, -26.41818023927044, -26.41818023927044, -26.41818023927044, -26.41818023927044, -26.41818023927044, -26.43257314595394, -26.43257314595394, -26.43257314595394, -26.43257314595394, -26.43257314595394, -26.43257314595394, -26.638226872426458, -26.640281438129023, -26.640281438129023, -26.640281438129023, -26.640281438129023, -26.640281438129023, -26.640281438129023, -26.640281438129023, -26.640281438129023, -26.640281438129023, -26.640281438129023, -26.640281438129023, -26.640281438129023, -26.640281438129023, -26.640281438129023, -26.640281438129023, -26.640281438129023, -26.640281438129023, -26.640281438129023, -26.640281438129023, -26.640281438129023, -26.640281438129023], "norm_en": -682511.0441145345}