{"acq_vals": [68.48422406853173, 68.7905441172379, 91.76650329165743, 82.21642019132362, 63.9642801096663, 38.33458281743595, 33.58632113502791, 34.791916233173474, 17.43165119054768, 50.56638086352066, 34.44029760418597, 36.84136764174534, 31.56025834516656, 39.57602238172183, 26.616951595328374, 35.537899536712125, 20.235085923347484, 41.381966805565135, 38.96115782013311, 32.32657734952297, 26.20229331693881, 9.902514749069288, 28.49320854563234, 20.931143999559854, 18.7567999953131, 19.69656229509361, 26.513151772872302, 15.741643280966297, 23.707988433443475, 24.799432206640336, 13.24184721668276, 23.51419479035887, 7.3337840075743, 15.7436532898416, 15.247849607347693, 3.6449766684732774, 15.731749054672557, 12.892031960880034, 11.933321996361775, 18.582621050584944, 13.739370160871522, 11.238798243411281, 13.865875070824227, 12.356442437892682, 21.43039429464661, 16.519216463914972, 7.294294109039702, 11.094492888603227, 8.080968022127527, 2.6817794961245296], "deepest_minima": [-1.140652408474125, -1.2078444331418723, -1.2078444331418723, -2.10609707783442, -2.1119569414295256, -2.15496846253518, -2.15496846253518, -2.2126457549165934, -2.2126457549165934, -2.2126457549165934, -2.2126457549165934, -2.2368663299130276, -2.2368663299130276, -2.2368663299130276, -2.2368663299130276, -2.2368663299130276, -2.2426361030666158, -2.2426361030666158, -2.2426361030666158, -2.2426361030666158, -2.2426361030666158, -2.2426361030666158, -2.2426361030666158, -2.2426361030666158, -2.2426361030666158, -2.2426361030666158, -2.2426361030666158, -2.2426361030666158, -2.2426361030666158, -2.2426361030666158, -2.2426361030666158, -2.2426361030666158, -2.2426361030666158, -2.2426361030666158, -2.2426361030666158, -2.2426361030666158, -2.2426361030666158, -2.2426361030666158, -2.2426361030666158, -2.2426361030666158, -2.2426361030666158, -2.2426361030666158, -2.2426361030666158, -2.2426361030666158, -2.2426361030666158, -2.2426361030666158, -2.2426361030666158, -2.2426361030666158, -2.2426361030666158, -2.2426361030666158], "norm_en": -577108.3228092517}