{"acq_vals": [137.84045804162528, 105.35606257883757, 97.35943844116021, 91.6203804966757, 94.45535188082131, 82.3244267783033, 79.20067973153085, 75.67819468796678, 74.79778732157057, 69.91340831385419, 70.18320946497005, 69.47570506403505, 64.79033848847519, 63.56274189328322, 61.40441390989413, 66.57171725045225, 64.57318180470746, 20.32861193102661, 56.76354910877678, 48.58785873243246, 42.39617553119507, 42.61789478925939, 40.68716605542947, 44.94766183575232, 35.715671632709416, 36.470883403895286, 34.974805522316636, 34.473833619805944, 34.340839603334125, 32.17430171287085, 31.518820051588463, 27.926232725945468, 27.72363375858408, 26.173522952369588, 24.84966030769614, 26.124200278637158, 22.498231134047423, 24.442559510880066, 22.873205832420094, 21.5890570655519, 18.993197648766614, 23.968448832444246, 19.338597360363195, 20.778216627459965, 20.361982346134322, 17.86464439559021, 17.58053348375262, 16.52633392562663, 15.82215068718698, 16.12516045509714], "deepest_minima": [0.8766602331306785, 0.6067724244203418, -2.220180773292668, -2.220180773292668, -2.220180773292668, -2.220180773292668, -2.220180773292668, -2.220180773292668, -2.220180773292668, -2.220180773292668, -2.220180773292668, -2.220180773292668, -2.220180773292668, -2.220180773292668, -2.220180773292668, -2.220180773292668, -2.220180773292668, -2.220180773292668, -2.220180773292668, -2.220180773292668, -2.220180773292668, -2.220180773292668, -2.220180773292668, -2.220180773292668, -2.220180773292668, -2.220180773292668, -2.220180773292668, -2.220180773292668, -2.220180773292668, -2.220180773292668, -2.220180773292668, -2.220180773292668, -2.220180773292668, -2.220180773292668, -2.220180773292668, -2.220180773292668, -2.220180773292668, -2.220180773292668, -2.220180773292668, -2.220180773292668, -2.220180773292668, -2.220180773292668, -2.220180773292668, -2.220180773292668, -2.220180773292668, -2.220180773292668, -2.220180773292668, -2.220180773292668, -2.220180773292668, -2.220180773292668], "norm_en": -577108.3228092517}