{"acq_vals": [28.346086251806813, 19.18509521774396, 33.86894775052283, 37.860157617404724, 30.541648464079977, 17.693549153943778, 15.06057102030765, 16.69803178337214, 10.826140980730056, 9.637242992795839, 12.502925276684092, 10.575278555969316, 7.813982232425145, 6.487844309047276, 6.399285332811697, 9.743496449651863, 10.106490621337173, 10.29163665361022, 9.599331520066084, 9.018034523799162, 6.96072262727139, 5.1396428121634505, 5.596807299760555, 5.55213336406761, 3.786300688389246, 4.016587427534176, 5.577808626448623, 3.703467700233688, 9.682399317295738, 10.517571709253195, 4.838188441539113, 4.594469389887146, 7.258116834487157, 7.91064640770963, 4.528725589135335, 4.103215367318753, 5.641352481856717, 4.819909443105827, 15.277039765352509, 7.045894982802943, 6.24788916735238, 5.112633978459738, 4.063581214714338, 4.416719377854759, 3.246910301192382, 3.0994057297054387, 2.6189586389330786, 3.2834223964680245, 2.5856227530909144, 2.2775585260692948], "deepest_minima": [-6.096405400661752, -6.768060207017697, -6.768060207017697, -6.768060207017697, -6.768060207017697, -6.768060207017697, -6.768060207017697, -6.768060207017697, -6.768060207017697, -6.768060207017697, -6.768060207017697, -6.768060207017697, -6.768060207017697, -6.768060207017697, -6.768060207017697, -6.768060207017697, -6.768060207017697, -6.768060207017697, -6.768060207017697, -6.768060207017697, -6.768060207017697, -6.768060207017697, -6.768060207017697, -6.768060207017697, -6.768060207017697, -6.768060207017697, -6.768060207017697, -6.768060207017697, -6.768060207017697, -6.768060207017697, -6.768060207017697, -6.768060207017697, -6.768060207017697, -6.768060207017697, -6.768060207017697, -6.768060207017697, -6.768060207017697, -6.768060207017697, -6.768060207017697, -6.768060207017697, -6.768060207017697, -6.768060207017697, -6.768060207017697, -6.768060207017697, -6.768060207017697, -6.768060207017697, -6.768060207017697, -6.768060207017697, -6.768060207017697, -6.768060207017697], "norm_en": -499298.5107466433}