{"acq_vals": [4.905776835900492, 11.489704401943959, 5.486931468035418, 1.1282025943204814, 4.281435972916488, 0.22787161214275298, 0.1747934578949954, 0.12076711883238267, 0.09725426757432132, 0.23812871210802375], "deepest_minima": [-0.02185054251458496, -0.02185054251458496, -0.02185054251458496, -0.02185054251458496, -0.02185054251458496, -0.02185054251458496, -0.02185054251458496, -0.02185054251458496, -0.02185054251458496, -0.02185054251458496], "norm_en": -715268.6969642891}