{"acq_vals": [22.211255599064707, 8.753584301404556, 6.363678259647754, 5.007243341549581, 9.419083515348602, 4.418733538825449, 2.4177411131127022, 1.816560283189654, 1.6195379024225571, 1.500426477272382, 1.024703379257997, 0.6832210572601836, 0.5731437197181058, 0.5438351019487875, 0.39735152790508227, 0.37176955494345554], "deepest_minima": [0.018292287713848054, 0.018292287713848054, 0.018292287713848054, -0.05015056021511555, -0.05015056021511555, -0.05015056021511555, -0.05015056021511555, -0.05015056021511555, -0.05015056021511555, -0.05015056021511555, -0.05015056021511555, -0.05015056021511555, -0.05015056021511555, -0.05015056021511555, -0.05015056021511555, -0.05015056021511555], "norm_en": -715268.6969642891}