{"acq_vals": [587.6395138105228, 556.4238329064206, 546.5863107126759, 586.085350119875, 522.0900696242336, 526.2333067745209, 516.9984282815833, 510.8253293101621, 502.95674371217166, 499.53891859424806, 496.4568883572977, 487.0622485231108, 473.50009884580726, 462.23145928500134, 461.74757938953144, 485.7269169815204, 461.92116542460224, 447.72886248095597, 449.60974714485127, 458.8064924525913, 448.88811565663013, 460.38459266826084, 430.27016674896737, 443.4421851209701, 436.5410307013482, 426.7132688302527, 439.0123252714981, 424.9399053819968, 433.89438183314877, 434.3681181058523, 435.58617009316345, 413.76648773106973, 412.6353716514665, 404.4316614807854, 421.6144479624751, 405.26777896205186, 401.087895661977, 404.45341557678273, 402.72394606448745, 386.6437646719736, 396.3679502540213, 397.35980756468393, 394.8226331562933, 389.67780222780465, 392.0909974125361, 385.764086056496, 386.83845799467406, 382.8244069015069, 390.36654102801833, 380.16729176629696], "deepest_minima": [-0.5170398805639707, -0.5170398805639707, -0.5170398805639707, -0.5170398805639707, -0.5170398805639707, -0.5170398805639707, -0.7613688362180255, -0.7613688362180255, -1.0712636199896224, -1.0712636199896224, -1.0712636199896224, -1.0712636199896224, -1.0712636199896224, -1.0712636199896224, -1.0712636199896224, -1.0712636199896224, -1.0712636199896224, -1.0712636199896224, -1.0712636199896224, -1.0712636199896224, -1.0712636199896224, -1.0712636199896224, -1.0712636199896224, -1.0712636199896224, -1.0712636199896224, -1.0712636199896224, -1.0712636199896224, -1.0712636199896224, -1.0712636199896224, -1.0712636199896224, -1.0712636199896224, -1.0712636199896224, -1.0712636199896224, -1.0712636199896224, -1.0712636199896224, -1.0712636199896224, -1.0712636199896224, -1.0712636199896224, -1.0712636199896224, -1.0712636199896224, -1.0712636199896224, -1.0712636199896224, -1.0712636199896224, -1.0712636199896224, -1.0712636199896224, -1.0785004082135856, -1.0785004082135856, -1.0785004082135856, -1.0785004082135856, -1.0785004082135856], "norm_en": -335430.48746516433}