{"acq_vals": [680.8043555008234, 584.3794400962482, 516.0575983242973, 538.7630336691485, 506.79205502072136, 465.2259780622737, 521.9230741756321, 440.53889708395997, 465.7370940978053, 362.07088264229935, 446.1696446266189, 463.28457455344767, 416.56234320133996, 460.5939552825375, 356.2108673989363, 349.17643750073603, 385.5396011928951, 360.1156194934152, 383.21766847510526, 331.1195577027401, 246.5191268534751, 318.2657054011044, 251.63099812537425, 333.1247356808374, 277.4825631483774, 328.12825813442913, 385.0755842834939, 318.6226736609379, 271.76549760658065, 335.5926398054825, 271.8142641483098, 219.31219855830187, 257.76116592695354, 338.8725467756232, 250.5554380417728, 270.48764880228396, 298.437160474614, 229.24311889336613, 325.87807082794774, 312.61316101808234, 248.9408455683594, 275.24009805466073, 39.8304733243994, 35.0412538816656, 87.54047398980046, 53.847455852681044, 60.16432223510856, 36.776137195976695, 62.628488622083324, 61.03680007841753], "deepest_minima": [-0.4922367534600198, -0.4922367534600198, -0.5062353358371183, -0.5062353358371183, -0.5062353358371183, -0.5062353358371183, -0.5062353358371183, -0.5062353358371183, -0.5062353358371183, -0.5062353358371183, -0.5062353358371183, -1.0860265383962542, -1.0860265383962542, -1.0860265383962542, -1.0860265383962542, -1.1712033648509532, -1.1712033648509532, -1.1712033648509532, -1.1712033648509532, -1.1712033648509532, -1.1712033648509532, -1.1712033648509532, -1.1712033648509532, -1.1712033648509532, -1.1712033648509532, -1.1712033648509532, -1.1712033648509532, -1.1712033648509532, -1.1712033648509532, -1.1712033648509532, -1.1712033648509532, -1.1712033648509532, -1.1712033648509532, -1.1712033648509532, -1.1712033648509532, -1.1712033648509532, -1.1712033648509532, -1.1712033648509532, -1.1712033648509532, -1.1712033648509532, -1.1712033648509532, -1.1712033648509532, -1.1712033648509532, -1.1712033648509532, -1.1712033648509532, -1.1712033648509532, -1.1712033648509532, -1.1712033648509532, -1.1712033648509532, -1.1712033648509532], "norm_en": -335430.48746516433}