{"acq_vals": [6.058297459199866, 5.169007762043934, 18.54205801185345, 9.040509590505335, 0.7725383800153065, 20.474518312266643, 8.098270458481553, 18.452045078694674, 11.321060623906396, 1.2116074766661915, 4.808882004423564, 0.27594511010480066, 2.392777324748708, 6.224971223411361, 0.14586282751751817, 0.5522846135241753, 0.5564325275184816, 0.22860622556597396, 0.10476058087903084, 0.07908557438963726, 0.13258973682103067, 4.1864903389364985, 16.773916818911868, 0.5577371358184987, 7.012868714106789, 7.110119158654763, 6.060364576722044, 11.915827288750886, 5.9616453822837, 5.631728558288789, 0.09620061021661286, 0.07111773813755917, 2.5842980305979903, 0.04915646478292501, 0.10243364904454211, 0.05667894040112742, 0.04495522501048299, 0.03243367727952773], "deepest_minima": [-8.150823748088442, -8.150823748088442, -8.150823748088442, -8.150823748088442, -8.150823748088442, -8.150823748088442, -8.150823748088442, -8.150823748088442, -8.150823748088442, -8.150823748088442, -8.150823748088442, -8.15783396398183, -8.15783396398183, -8.15783396398183, -8.172682872449514, -8.172682872449514, -8.172682872449514, -8.172682872449514, -8.175541263422929, -8.17900804313831, -8.17900804313831, -8.17900804313831, -8.17900804313831, -8.17900804313831, -8.17900804313831, -8.17900804313831, -8.17900804313831, -8.17900804313831, -8.17900804313831, -8.17900804313831, -8.17900804313831, -8.17900804313831, -8.17900804313831, -8.17900804313831, -8.17900804313831, -8.17900804313831, -8.17900804313831, -8.17900804313831], "norm_en": -341603.9614621028}