{"acq_vals": [147.5341288455077, 562.3272147126635, 532.9657378410651, 496.23159066511926, 474.1153399127565, 440.3372281455498, 419.3835487880352, 434.081427940116, 384.29307267510177, 428.88457724851327, 399.85010155831174, 373.1516243345444, 397.7329820294073, 370.3065161560389, 365.04995821610805, 374.5196655015969, 328.66679335921526, 359.5899279993101, 317.1168477752164, 289.903321705281, 303.3352044593697, 300.304349271473, 260.76785136361457, 256.4380861457462, 244.34263439952633, 238.61904971480928, 238.79420106062457, 241.05180922666162, 271.29096731316963, 245.04995528060942, 237.05598151874594, 265.0648248830934, 208.12740763982464, 206.2356046465053, 218.29949859195722, 217.30627534131236, 211.5729529376011, 217.56888971422563, 204.80145107135522, 215.72057666243313, 222.24230386250247, 188.12346342871655, 141.45231147889996, 108.61053701448127, 108.1030684895867, 89.82933209339932, 109.86733286049174, 132.7508096243153, 163.71944920481354, 124.51518225002397], "deepest_minima": [-8.583501605782658, -8.583501605782658, -8.583501605782658, -8.583501605782658, -8.583501605782658, -8.583501605782658, -8.583501605782658, -8.583501605782658, -8.583501605782658, -8.583501605782658, -8.583501605782658, -8.583501605782658, -8.583501605782658, -8.583501605782658, -8.583501605782658, -8.583501605782658, -8.583501605782658, -8.935240972903557, -8.935240972903557, -8.935240972903557, -8.935240972903557, -8.935240972903557, -8.935240972903557, -8.935240972903557, -8.935240972903557, -8.935240972903557, -8.935240972903557, -8.935240972903557, -8.937631964101456, -8.937631964101456, -8.937631964101456, -8.937631964101456, -8.937631964101456, -8.937631964101456, -8.937631964101456, -8.937631964101456, -8.951500927447341, -8.951500927447341, -8.951500927447341, -8.951500927447341, -8.951500927447341, -8.951500927447341, -8.951500927447341, -8.951500927447341, -8.951500927447341, -8.951500927447341, -8.951500927447341, -8.951500927447341, -8.951500927447341, -8.951500927447341], "norm_en": -717119.659190258}