{"acq_vals": [14.065883556321491, 15.003090712337071, 61.767547311776326, 42.56860161437544, 36.96199584440192, 32.792530371235756, 30.756488989781662, 33.01937238607019, 20.823900328274025, 130.9102073723533, 75.10734563757099, 69.80058211047522, 63.02824988091102, 76.43402246174763, 61.94686648740681, 78.50433920734406, 60.252825671007, 79.82580200845818, 86.99750015790922, 62.81449410085688, 63.74404049457708, 60.01796407189398, 53.58098096375403, 56.44798982949331, 48.214393384546355, 54.29978780341472, 106.6251224095967, 118.55954804435282, 110.39118181427521, 154.05907172242124, 158.84995962158519, 142.53576646531138, 129.5366445400141, 126.95169393939092, 127.44900179862015, 112.30052321116672, 126.7427356276105, 108.27232156174935, 125.77183984640676, 109.80330937163731, 105.4675404117231, 120.18013612151753, 109.87713927403519, 110.99507854625466, 110.48555284355908, 107.12482836679182, 97.27650455957388, 130.0215636928748, 116.56324058754392, 100.4357980575703], "deepest_minima": [-8.642662744736299, -8.642662744736299, -8.642662744736299, -8.642662744736299, -8.642662744736299, -8.642662744736299, -8.642662744736299, -8.642662744736299, -8.642662744736299, -8.642662744736299, -8.642662744736299, -8.642662744736299, -8.663561186054721, -8.663561186054721, -8.953430391149595, -8.953430391149595, -8.953430391149595, -8.953430391149595, -8.953430391149595, -8.953430391149595, -8.953430391149595, -8.953430391149595, -8.953430391149595, -8.953430391149595, -8.953430391149595, -8.953430391149595, -8.953430391149595, -8.953430391149595, -8.953430391149595, -8.953430391149595, -8.953430391149595, -8.953430391149595, -8.953430391149595, -8.953430391149595, -8.953430391149595, -8.953430391149595, -8.953430391149595, -8.953430391149595, -8.953430391149595, -8.953430391149595, -8.953430391149595, -8.953430391149595, -8.953430391149595, -8.953430391149595, -8.953430391149595, -8.953430391149595, -8.953430391149595, -8.953430391149595, -8.953430391149595, -8.953430391149595], "norm_en": -717119.659190258}