{"query_points": [[5.604782989397958, 2.1709656922199922], [3.5231656198056194, 2.6409308111222742], [4.80487449761866, 2.1980243827371595], [4.030609376686739, 2.299558829623914], [0.6630637095516381, 5.541888370858751], [1.5745847429010897, 5.557552294540081], [0.9719214808287404, 5.390318798507932], [1.394848161195215, 5.390769988834405], [0.6829091590973322, 4.930692674630493], [1.5606016309078736, 5.566464101022976], [1.325893470276422, 5.387416689858966], [1.0282798222781713, 5.131210968568492], [3.3235481745994497, 4.023445245506074], [3.6437829133645114, 5.222070962556322], [3.585626539345119, 4.463643759205963], [3.4747526843047902, 4.907026362043288], [3.342138674040825, 0.6379939394492178], [3.355508879939486, 1.0691098480488117], [3.401540464650594, 1.3335096671487188], [3.3423541706116007, 0.713801592889145], [3.1092672850353704, 2.0576981042820783], [3.5061488046673097, 2.274115559194545], [3.5200970520077823, 2.632015258622916], [3.3813416274925476, 2.086392588410922], [3.5569955806399767, 5.727575039753023], [3.6501250925062383, 5.482317159807442], [3.616528968921074, 5.174792099896585], [3.5907689866108643, 5.653168637705751], [3.4227164126323775, 1.979454667864923], [3.4707503559383293, 2.571119291503786], [3.503740276647843, 2.0454965979584596], [3.393763982565464, 2.3710940048211704], [3.2563673682410856, 5.525090865638421], [3.6283304109106154, 5.197775786772414], [3.408880155175547, 5.453150983364181], [3.556902909592494, 5.351900411043642], [4.056472212810595, 5.394209422103457], [3.629029931045249, 5.180816785008347], [3.953629481789698, 5.354262644997217], [3.7886610446691873, 5.29024277291796], [3.468068117391248, 1.972470320939312], [3.466624212679079, 1.9752560493953268], [3.3330242896628772, 2.1185937969329345], [3.4914922045561037, 2.286433967370151], [3.505935640524101, 2.620238215147978], [3.477942982705138, 2.4393424553116105], [3.313099915033249, 2.2397434556208076], [3.5211046304064246, 2.639848098542261], [3.4774843218990257, 2.509191098531648], [3.3603385938935233, 2.2622925985888074], [3.343580614507536, 2.34446910432073], [3.514776907871378, 2.63355673395883], [3.4806686295358147, 2.448688859087362], [3.3830371950486597, 2.3672073942192142], [3.333994624322665, 2.408587596593586], [3.51502741521068, 2.6324962190783907], [3.486839248505564, 2.488392216118294], [3.373164295627745, 2.4240530124341326]], "observations": [[9.436883594491519], [0.12149182008579373], [5.051667597028427], [1.6684667974477634], [8.310287602827884], [4.812539815669879], [6.568935637129471], [5.459762978134677], [7.957570621161722], [4.841296193539165], [5.625593125238083], [6.476511676213704], [2.9692572717322037], [-0.00404891069047153], [1.649287612293847], [0.6696158875711262], [1.5323134432546794], [0.5766118518076837], [0.35177922900766134], [1.3387308669043705], [1.1751765954541042], [0.33154225174803287], [0.11266685742884874], [0.5482595261419192], [0.9567045228322968], [0.3073919278103858], [-0.027062035631388426], [0.7269300790503621], [0.5233002018649131], [0.16092254384420812], [0.5026794002624229], [0.3564477808540687], [1.7855035423999652], [-0.02158546051941812], [0.924296562676318], [0.23917937639635056], [1.1161308009177446], [0.016680180211551487], [0.696612381725572], [0.2140343845821917], [0.5163999702781439], [0.5159916736884043], [0.5710810605669394], [0.32869581354316324], [0.14314773422665894], [0.26006562751717865], [0.514195695752278], [0.12758452037815005], [0.18397989368531853], [0.4149924049852416], [0.3510653309058398], [0.12205164693295956], [0.20141655148472637], [0.28349873586557806], [0.318870396935381], [0.10976096277590841], [0.17813570785801858], [0.2603695907164365]]}