{"acq_vals": [232.17148978920147, 295.36128886608776, 239.1184845892104, 183.69572372502645, 204.32126143971504, 457.718247488947, 335.94140499802774, 422.00338204753507, 344.2798303455226, 348.1904367195279, 377.48726849901504, 387.237641240832, 328.06878096286823, 282.35759492368584, 309.120001356475, 279.61698707849285, 278.83825177159014, 236.50311917691803, 244.5482923792887, 305.11815596461486, 245.2131452174224, 288.1377731467234, 271.9190353600568, 250.843837614234, 217.18608284720364, 246.67503864929358, 238.9495414107539, 137.30508172423012, 192.4494413369484, 238.89555374612328, 226.08557147305618, 151.5020192518933, 182.75358365163254, 177.86347672445828, 245.82175237260924, 261.3292185275816, 234.46899082374983, 175.5227627983632, 187.02662305706227, 179.3654598227933, 198.28099911998046, 190.17522394181077, 219.52062695637846, 196.82683335902058, 184.52154100415063, 224.41400668993072, 257.5855844767354, 165.70784805118964, 189.15444281348843, 193.62993709346472], "deepest_minima": [-0.5178816763218492, -1.1432546807918698, -1.1432546807918698, -1.1432546807918698, -1.1432546807918698, -1.1432546807918698, -1.1432546807918698, -1.1432546807918698, -1.1432546807918698, -1.1432546807918698, -1.1432546807918698, -1.1432546807918698, -1.1432546807918698, -1.1432546807918698, -1.1432546807918698, -1.1432546807918698, -1.1432546807918698, -1.1432546807918698, -1.1432546807918698, -1.1432546807918698, -1.1432546807918698, -1.1432546807918698, -1.1432546807918698, -1.1432546807918698, -1.1432546807918698, -1.1432546807918698, -1.1432546807918698, -1.1432546807918698, -1.1432546807918698, -1.1432546807918698, -1.1432546807918698, -1.1432546807918698, -1.1432546807918698, -1.1432546807918698, -1.1432546807918698, -1.1432546807918698, -1.1432546807918698, -1.1432546807918698, -1.1432546807918698, -1.1432546807918698, -1.1432546807918698, -1.1432546807918698, -1.1432546807918698, -1.1432546807918698, -1.1432546807918698, -1.1432546807918698, -1.1432546807918698, -1.1432546807918698, -1.1432546807918698, -1.1432546807918698], "norm_en": -335430.48746516433}