{"acq_vals": [39.69980146248782, 11.259753955797718, 18.243629889665222, 16.135843809666575, 16.645977256251918, 12.288682838292058, 4.215928869079324, 5.050094914721338, 7.481931717577232, 4.22266620284457, 20.753091485384335, 13.846104640874787, 8.254753345751391, 3.4442021645001635, 14.93436741182063, 7.76646433573604, 2.382118050541036, 1.1081103158738084, 6.251500717373033, 0.7435845126220254, 6.466734875240721, 37.46443127235284, 23.32722138343893, 83.58233977158135, 824.0713551806269, 515.1037283803854, 608.3256460490434, 509.76229501842226, 12623.916423127004, 44060.69480521373, 26872.718517205652, 19943.518548459957, 15459.177999676771, 19232.192646534488, 41042.43453217943, 23860.17839256403, 9638.471524987011, 15955.088989585704, 12158.218698956325, 21744.602600037208, 1578.6059114429424, 12847.729878075355, 4401.872940180634, 8213.789614245105, 10711.243148746596, 22064.786159120045, 5350.574103814856, 9280.767203884918, 2599.4886055265997, 16056.278027099157], "deepest_minima": [-2.500969712913502, -2.500969712913502, -2.5869783645612188, -2.5869783645612188, -2.5869783645612188, -2.5869783645612188, -2.5869783645612188, -2.5869783645612188, -2.5869783645612188, -2.5869783645612188, -2.5869783645612188, -2.5869783645612188, -2.5869783645612188, -2.5869783645612188, -2.5869783645612188, -2.5869783645612188, -2.5869783645612188, -2.5869783645612188, -2.5869783645612188, -2.5869783645612188, -2.5869783645612188, -2.5869783645612188, -2.5869783645612188, -2.5869783645612188, -2.5869783645612188, -2.5869783645612188, -2.5869783645612188, -2.5869783645612188, -2.5869783645612188, -2.5869783645612188, -2.5869783645612188, -2.5869783645612188, -2.5869783645612188, -2.5869783645612188, -2.5869783645612188, -2.5869783645612188, -2.5869783645612188, -2.5869783645612188, -2.5869783645612188, -2.5869783645612188, -2.5869783645612188, -2.5869783645612188, -2.5869783645612188, -2.5869783645612188, -2.5869783645612188, -2.5869783645612188, -2.5869783645612188, -2.5869783645612188, -2.5869783645612188, -2.5869783645612188], "norm_en": -493124.6701872513}