{"acq_vals": [46.76378920778694, 45.001262413907924, 39.01857954695987, 24.9664715819672, 27.407183923807615, 313.8323060526659, 280.9728020230436, 374.730358068418, 351.3076412734549, 277.92199768584027, 152.19828580904831, 294.01582113274617, 242.876854585444, 300.53923144275234, 254.53906473159003, 283.8919720935233, 233.5670111400693, 242.20953293853847, 208.54503085033684, 199.55389237352685, 253.55938185675836, 211.32113050069236, 196.03830020525288, 191.91485413030122, 166.24907936221436, 210.45882005962798, 172.5962501245504, 234.84502410899788, 179.39150145436255, 230.3371253061567, 176.0474399760574, 166.33208004017763, 150.45694134368838, 88.21998870530464, 172.11078285021358, 157.27988305980972, 182.18577507331878, 102.11891435542526, 137.19261357107942, 140.79369216718874, 111.06466284166933, 159.06043809588425, 162.4999558105874, 103.0530195994847, 136.6374413316647, 148.66528959904122, 136.18433904701666, 221.14487349825828, 258.7206789689101, 252.22151541255718], "deepest_minima": [-0.22921461379155517, -0.22921461379155517, -0.22921461379155517, -0.22921461379155517, -0.22921461379155517, -0.22921461379155517, -0.4966040519066155, -0.4966040519066155, -0.4966040519066155, -0.4966040519066155, -0.4966040519066155, -0.4966040519066155, -0.4966040519066155, -0.4966040519066155, -0.4966040519066155, -0.4966040519066155, -0.4966040519066155, -0.4966040519066155, -0.4966040519066155, -2.0323788849636912, -2.0323788849636912, -2.0323788849636912, -2.0323788849636912, -2.0323788849636912, -2.0323788849636912, -2.0323788849636912, -2.0323788849636912, -2.0323788849636912, -2.0323788849636912, -2.0323788849636912, -2.0323788849636912, -2.0323788849636912, -2.0323788849636912, -2.0323788849636912, -2.0323788849636912, -2.0323788849636912, -2.0323788849636912, -2.0323788849636912, -2.0323788849636912, -2.0323788849636912, -2.0323788849636912, -2.0323788849636912, -2.0323788849636912, -2.0323788849636912, -2.0323788849636912, -2.0323788849636912, -2.0323788849636912, -2.0323788849636912, -2.0323788849636912, -2.0323788849636912]}