{"acq_vals": [14.888631828487723, 3.5706094126634382, 5.927798983885979, 6.125774121829919, 2.404644364982262, 1.7897185561563373, 1.576339221610456, 1.2587111970197535, 1.1747289460890629, 0.6680376373166371, 0.6514324098735577, 0.5670359035403519, 0.537822849082137, 0.36645353546153886], "deepest_minima": [-0.044797216658480465, -0.044797216658480465, -0.044797216658480465, -0.044797216658480465, -0.044797216658480465, -0.044797216658480465, -0.044797216658480465, -0.044797216658480465, -0.044797216658480465, -0.044797216658480465, -0.044797216658480465, -0.044797216658480465, -0.044797216658480465, -0.044797216658480465], "norm_en": -715268.6969642891}