{"acq_vals": [121.77345537451463, 101.56385933123474, 75.37984737665995, 413.3042412938847, 368.51337741880457, 344.70159723484807, 343.56293637457867, 296.04554486579906, 299.08409553442084, 321.87694218708646, 290.05178338173044, 459.0101139376497, 467.1791131111996, 434.7776272934849, 416.06246697774355, 420.1511319132892, 415.0326284448834, 474.0871714585554, 428.5659167031411, 411.4033525386069, 391.51089768028856, 438.07016442234175, 444.30729536175716, 409.97283485807344, 373.41717928066777, 385.2488178703849, 381.6276007717472, 361.8309492787355, 371.59864442084137, 358.28291315745633, 348.79454690240715, 343.005671833412, 400.47468260943356, 326.1786606444522, 328.2684864566942, 414.24646452432484, 449.14740505582836, 369.3790180874216, 402.4337644189325, 403.560741208557, 364.8069247692088, 323.0581065675463, 314.92075218291234, 348.84157860810797, 315.45636731494426, 313.4717279949079, 331.9189031197021, 306.51994052593426, 290.29034073713416, 335.55243248757307], "deepest_minima": [-1.8820749819278717, -1.8820749819278717, -1.8820749819278717, -1.8820749819278717, -1.8820749819278717, -1.8820749819278717, -1.8820749819278717, -1.8820749819278717, -1.8820749819278717, -1.8820749819278717, -1.8820749819278717, -1.8820749819278717, -1.8820749819278717, -1.8820749819278717, -1.8820749819278717, -1.8820749819278717, -1.8820749819278717, -1.8820749819278717, -1.8820749819278717, -1.8820749819278717, -1.8820749819278717, -1.8820749819278717, -1.8820749819278717, -1.8820749819278717, -1.8820749819278717, -1.8820749819278717, -1.8820749819278717, -1.8820749819278717, -1.8820749819278717, -1.8820749819278717, -1.8820749819278717, -1.8820749819278717, -1.8820749819278717, -1.8820749819278717, -1.8820749819278717, -1.8820749819278717, -1.8820749819278717, -1.8820749819278717, -1.8820749819278717, -1.8820749819278717, -1.8820749819278717, -1.8820749819278717, -1.8820749819278717, -1.8820749819278717, -1.8820749819278717, -1.8820749819278717, -1.8820749819278717, -1.8820749819278717, -1.8820749819278717, -1.8820749819278717], "norm_en": -1056417.0631725974}