{"acq_vals": [44.53226629573631, 77.35986109529755, 85.44787698986644, 76.92936714215824, 76.28941183796957, 49.842449742113565, 56.09714229872955, 47.91260865886268, 54.39182536483334, 66.02497979668426, 49.899297393747034, 30.943573929553164, 39.816633809068506, 43.51252576702543, 82.593035973756, 68.43504600497938, 108.84477397773443, 70.32383721456183, 54.16046119846691, 30.057188535910075, 67.83459966530704, 32.79092796206268, 35.042788681475315, 67.40239618924292, 25.86393627826159, 64.97993215134723, 73.57424379905231, 108.06035396564944, 150.9215293355748, 129.41191020833216, 297.8180765360102, 158.40175983424024, 167.83317677514012, 192.58598682548543, 183.99971803757185, 167.93709907509057, 109.17840780152171, 215.69359201515695, 133.4489949223465, 204.60103351842614, 239.02567207047798, 320.6864726690186, 478.961279871539, 420.73926422754806, 293.72922012741236, 229.15048744375605, 268.79783314322157, 370.23438455888436, 357.2684359912925, 289.0888449056434], "deepest_minima": [-8.425718906801194, -8.425718906801194, -8.425718906801194, -8.425718906801194, -8.425718906801194, -8.425718906801194, -8.425718906801194, -8.425718906801194, -8.601831312524155, -8.637324868584983, -8.637324868584983, -8.637324868584983, -8.637324868584983, -8.637324868584983, -8.637324868584983, -8.637324868584983, -8.637324868584983, -8.637324868584983, -8.637324868584983, -8.637324868584983, -8.637324868584983, -8.637324868584983, -8.637324868584983, -10.695656519033946, -10.753792260307819, -10.753792260307819, -10.753792260307819, -10.753792260307819, -10.753792260307819, -10.753792260307819, -10.753792260307819, -10.753792260307819, -10.753792260307819, -10.753792260307819, -10.753792260307819, -10.753792260307819, -10.753792260307819, -10.753792260307819, -10.753792260307819, -10.753792260307819, -10.755273743649013, -10.755273743649013, -10.755273743649013, -10.755273743649013, -10.755273743649013, -10.755273743649013, -10.755273743649013, -10.755273743649013, -10.755273743649013, -10.755273743649013], "norm_en": -717119.659190258}