{"acq_vals": [1143.934180118078, 788.3848082423802, 470.4173112583024, 371.35383914908164, 595.9116073641682, 491.77887804160605, 338.92966991058506, 299.55616465755986, 465.056404074985, 423.71524568012546, 383.06611049763836, 460.00977399018166, 305.5946601742954, 291.99805278632914, 232.1123301642867, 333.40888273892233, 322.7796133141583, 314.82979306059076, 187.72507091093112, 220.6530537995762, 205.2627272732299, 221.63949373393234, 162.81310242626665, 256.8093886183797, 150.91107702842908, 161.97075193629712, 188.39258941361624, 139.12833742144193, 197.24187905858994, 175.37945652464964, 132.75613045179423, 112.17053243973677, 152.88551057916405, 147.51757866082522, 98.87142040934975, 103.34472269596137, 124.83679645187844, 77.93725259987856, 113.31424239539399, 127.94322235938643, 107.62559189986472, 113.42044959214333, 87.2859038031781, 73.83505547319893, 172.51258394879184, 74.24094465022473, 87.89823155715422, 110.1770791010835, 67.03032015849155, 128.20140339770825], "deepest_minima": [-1.1238138932967559, -1.1238138932967559, -1.1238138932967559, -2.034868152346462, -2.034868152346462, -2.034868152346462, -2.034868152346462, -2.0498622133163735, -2.0498622133163735, -2.0498622133163735, -2.0498622133163735, -2.0498622133163735, -2.0498622133163735, -2.0498622133163735, -2.0498622133163735, -2.0498622133163735, -2.0498622133163735, -2.0498622133163735, -2.0498622133163735, -2.0498622133163735, -2.237657595425844, -2.237657595425844, -2.237657595425844, -2.237657595425844, -2.237657595425844, -2.237657595425844, -2.237657595425844, -2.237657595425844, -2.237657595425844, -2.237657595425844, -2.237657595425844, -2.237657595425844, -2.237657595425844, -2.237657595425844, -2.237657595425844, -2.237657595425844, -2.237657595425844, -2.237657595425844, -2.237657595425844, -2.237657595425844, -2.237657595425844, -2.237657595425844, -2.237657595425844, -2.237657595425844, -2.237657595425844, -2.237657595425844, -2.237657595425844, -2.237657595425844, -2.237657595425844, -2.237657595425844], "norm_en": -577108.3228092517}