{"acq_vals": [16.559629614454384, 89.07912797700337, 40.62288057213178, 78.66744981419876, 46.33367882761215, 79.30535674795584, 48.01817642284241, 40.10050341876759, 16.06816951428413, 340.1872423619847, 239.53960662541516, 153.76800277918957, 84.8475893671395, 70.22930392633289, 42.428211220157834, 23.137173749697748, 30.503464201068002, 44.61657428778616, 30.587840486003934, 20.406574465212227, 34.58201643743819, 21.781307065877606, 15.436844450770813, 31.492912703051232, 31.233789128763252, 3.3348388991658804, 34.07770323671821, 11.540290231855998, 16.75970320543623, 9.950933960517117, 15.038127294585184, 6.6471892805563195, 4.348613148426899, 0.40173718929686847, 29.962435827053042, 11.09722718526061, 6.56981548072662, 17.908887025545166, 4.903892203721783, 0.7719658029218347, 0.1899431017257197, 8.470682706551344, 7.5980574260599605, 0.1316583344273554, 0.21616035898699787, 0.21181116383354662, 0.12201300243168543, 2.650633234385695, 3.3955064605941074, 3.2502859718139865], "deepest_minima": [-6.123116842471063, -6.123116842471063, -6.123116842471063, -6.123116842471063, -6.123116842471063, -6.123116842471063, -6.123116842471063, -6.123116842471063, -6.123116842471063, -6.123116842471063, -6.123116842471063, -6.123116842471063, -6.123116842471063, -6.123116842471063, -6.123116842471063, -6.123116842471063, -6.123116842471063, -6.180306781432591, -6.180306781432591, -6.180306781432591, -6.180306781432591, -6.180306781432591, -6.180306781432591, -6.180306781432591, -6.180306781432591, -6.180306781432591, -6.180306781432591, -6.180306781432591, -6.180306781432591, -6.180306781432591, -6.180306781432591, -6.180306781432591, -6.180306781432591, -6.180306781432591, -6.180306781432591, -6.180306781432591, -6.180306781432591, -6.180306781432591, -6.180306781432591, -6.180306781432591, -6.180306781432591, -6.180306781432591, -6.180306781432591, -6.180306781432591, -6.180306781432591, -6.180306781432591, -6.180306781432591, -6.180306781432591, -6.180306781432591, -6.180306781432591], "norm_en": -499298.5107466433}