{"acq_vals": [385.9328955287663, 327.5107488680032, 312.05395093384783, 309.0634389527646, 301.932088276969, 295.4297343661911, 298.76005473409964, 318.14470677669334, 276.127479490661, 269.31936730118434, 259.760158963851, 257.53449727447935, 250.6796713532998, 246.0748484870479, 252.83204897936673, 255.37548123590454, 244.51116305595986, 245.360570259941, 244.09337717751697, 239.94835555502198, 241.88560271783152, 239.08945651353932, 237.37569019437777, 244.34062652882096, 243.7880150521876, 237.42612262410745, 243.5871844336415, 229.92375368546223, 232.20986635247036, 233.95946479518747, 230.8575039185245, 225.61092880227523, 224.42352377760878, 225.1192568842435, 223.10460466458383, 226.03505955091967, 222.57559310361066, 226.9433414346714, 224.09190647894914, 221.22723391180276, 222.25994550305117, 220.5648477109098, 217.89749721536327, 215.48641495082563, 212.40529388956867, 212.67128782347913, 214.18905096874056, 212.9013498555989, 209.8966906041401, 219.4453477286586], "deepest_minima": [-0.1066141213523224, -0.1066141213523224, -0.1066141213523224, -0.1066141213523224, -0.1066141213523224, -1.194032198516652, -1.194032198516652, -1.194032198516652, -1.194032198516652, -1.194032198516652, -1.194032198516652, -1.194032198516652, -1.194032198516652, -1.194032198516652, -2.1731736903311685, -2.1731736903311685, -2.1731736903311685, -2.1731736903311685, -2.1731736903311685, -2.1731736903311685, -2.1731736903311685, -2.1731736903311685, -2.1731736903311685, -2.1731736903311685, -2.1731736903311685, -2.1731736903311685, -2.1731736903311685, -2.1731736903311685, -2.1731736903311685, -2.1731736903311685, -2.1731736903311685, -2.1731736903311685, -2.1731736903311685, -2.1731736903311685, -2.1731736903311685, -2.1731736903311685, -2.1731736903311685, -2.1731736903311685, -2.1731736903311685, -2.1731736903311685, -2.1731736903311685, -2.1731736903311685, -2.1731736903311685, -2.1731736903311685, -2.1731736903311685, -2.1731736903311685, -2.1731736903311685, -2.1731736903311685, -2.1731736903311685, -2.1731736903311685], "norm_en": -577108.3228092517}