{"acq_vals": [300.4446446855194, 136.40770003788535, 172.01504029987765, 177.4662752550187, 119.20966186028193, 50.56152755957938, 155.31642465538846, 119.12495599479692, 96.40049228909436, 91.73659151120063, 59.36707299170925, 134.65415697161333, 77.03189969082885, 45.63265649671096, 25.079792124585744, 52.72217265668129, 23.377549683606617, 45.91125529854679, 50.99767902043442, 45.383019013404464, 21.340497704716192, 2540.2332222367904, 1883.3745524550677, 3401.420293157846, 745.0000349910741, 3051.4145745247483, 1009.5339616923571, 53.43944999846971, 2368.933896051426, 1754.56563909991, 1129.1605524990237, 2006.9323963233098, 23.409952673486803, 792.3614849059126, 2432.044539454882, 1599.836831150979, 2226.2749138167064, 1075.3309228621297, 253.65456827121713, 252.68910842086677, 2253.8795353343903, 1186.0562242583392, 949.3443866824026, 1049.862380341179, 1016.1574454103634, 863.3922362216272, 289.9928472823106, 692.5667148462935, 564.3697724741742, 1015.2881650175619], "deepest_minima": [-2.5348547545145266, -2.5348547545145266, -2.559964688553009, -2.559964688553009, -2.559964688553009, -2.5838891317253, -2.5838891317253, -2.5838891317253, -2.5838891317253, -2.5838891317253, -2.5838891317253, -2.5838891317253, -2.5909071072237566, -2.5909071072237566, -2.5909071072237566, -2.5909071072237566, -2.5909071072237566, -2.5909071072237566, -2.5909071072237566, -2.5909071072237566, -2.5909071072237566, -2.5909071072237566, -2.5909071072237566, -2.5909071072237566, -2.5909071072237566, -2.5909071072237566, -2.5909071072237566, -2.5909071072237566, -2.5909071072237566, -2.5909071072237566, -2.5909071072237566, -2.5909071072237566, -2.5909071072237566, -2.5909071072237566, -2.5909071072237566, -2.5909071072237566, -2.5909071072237566, -2.5909071072237566, -2.5909071072237566, -2.5909071072237566, -2.5909071072237566, -2.5909071072237566, -2.5909071072237566, -2.5909071072237566, -2.5909071072237566, -2.5909071072237566, -2.5909071072237566, -2.5909071072237566, -2.5909071072237566, -2.5909071072237566], "norm_en": -493124.6701872513}