{"acq_vals": [14.484442202861821, 14.575877119387892, 11.980527226694663, 8.364616267758272, 7.6781207398832825, 7.850905569860635, 6.247865136126334, 6.676455211420196, 5.355913569344066, 5.457304357930299, 4.799490341295284, 5.596987879355995, 8.377579468956267, 9141.321439912714, 7553.091517681066, 7068.050300522625, 7696.718612195434, 6243.546459231411, 5804.208446985136, 6395.58114855565, 5735.226055602193, 5734.965544060835, 5673.053563818501, 5670.392817042, 5671.395367529, 6244.282140942692, 5667.903627123685, 5651.025476895029, 5646.206570029013, 5653.783621601761, 5659.437166440933, 7171.268682406605, 5653.755736168312, 5651.6995731913585, 6425.418767183505, 5650.705588285718, 5714.080276635609, 5615.436744726509, 5634.322041923212, 5633.223213896648, 5626.964074356106, 5635.582173209508, 5622.162261819819, 5608.426476441187, 8054.916804238882, 6756.394735317276, 6424.3499266794015, 5610.937344570377, 5590.612790606789, 6376.901900561576], "deepest_minima": [-2.550103703455534, -2.550103703455534, -2.571922556788195, -2.571922556788195, -2.571922556788195, -2.571922556788195, -2.571922556788195, -2.5795606065075845, -2.5795606065075845, -2.5795606065075845, -2.5795606065075845, -2.5795606065075845, -2.5795606065075845, -2.5795606065075845, -2.5795606065075845, -2.5795606065075845, -2.5795606065075845, -2.5795606065075845, -2.5795606065075845, -2.5795606065075845, -2.5795606065075845, -2.5795606065075845, -2.5795606065075845, -2.5795606065075845, -2.5795606065075845, -2.5795606065075845, -2.5795606065075845, -2.5795606065075845, -2.5795606065075845, -2.5795606065075845, -2.5795606065075845, -2.5795606065075845, -2.5795606065075845, -2.5795606065075845, -2.5795606065075845, -2.5795606065075845, -2.5795606065075845, -2.5795606065075845, -2.5795606065075845, -2.5795606065075845, -2.5795606065075845, -2.5795606065075845, -2.5795606065075845, -2.5795606065075845, -2.5795606065075845, -2.5795606065075845, -2.5795606065075845, -2.5795606065075845, -2.5795606065075845, -2.5795606065075845], "norm_en": -493124.6701872513}