{"acq_vals": [26.681005453975775, 31.35803456059992, 26.02617959967033, 28.168374892305103, 23.016347362330226, 5.658413790022833, 4.0367602725919225, 10.59007096529002, 7.246237744776648, 2.850302917733034, 0.784840742017029, 0.6057455202165974, 6.857771551228046, 0.3050450097046493, 0.15510293828517097, 0.11549294983927892, 0.09720366500818045, 0.09635106056182963], "deepest_minima": [-6.774305380182341, -6.774305380182341, -8.140059004479554, -8.140059004479554, -8.140059004479554, -8.142119608120993, -8.152073571283836, -8.152073571283836, -8.152073571283836, -8.152073571283836, -8.159176185319666, -8.159176185319666, -8.159176185319666, -8.159176185319666, -8.159176185319666, -8.159176185319666, -8.159176185319666, -8.159176185319666], "norm_en": -341603.9614621028}