{"acq_vals": [64.18699341986517, 53.9034215761936, 111.89949474641554, 107.47960723730112, 92.87309193505389, 86.11722597973254, 96.50548994730153, 80.94225019176181, 81.13125963377786, 78.31386648351436, 79.42278690817862, 84.94034642311684, 89.10168253374177, 73.14546169401173, 80.62440919258792, 69.92405219450697, 71.49849006096937, 79.18441828445316, 74.80268445846707, 64.77167147784127, 73.29500547663194, 59.810922254292635, 58.40343334306534, 70.67545967068523, 69.18558710863093, 63.76646288779748, 58.79261878614094, 65.91920838263304, 61.84616934979091, 64.85930685404578, 53.21791569169303, 73.81018367679492, 54.341447734815716, 59.45206554285284, 45.92779732808169, 45.24409697959678, 41.24078700532725, 56.47118217373262, 41.49182260928576, 58.36456630031436, 46.94072013719534, 47.89421615788307, 41.74327645378163, 48.494413202874455, 35.57765721242805, 41.85633411600523, 36.526266449930695, 37.00962677060572, 39.0860926679687, 29.894782831064724], "deepest_minima": [-1.4919673802214675, -1.4919673802214675, -1.4919673802214675, -1.4919673802214675, -1.4919673802214675, -1.4919673802214675, -1.4919673802214675, -1.4919673802214675, -1.4919673802214675, -1.4919673802214675, -1.4919673802214675, -1.5135416440898553, -1.5135416440898553, -1.5135416440898553, -1.5135416440898553, -1.5135416440898553, -1.5135416440898553, -1.5135416440898553, -1.5135416440898553, -1.5135416440898553, -1.5135416440898553, -1.5135416440898553, -1.5135416440898553, -1.5135416440898553, -1.5135416440898553, -1.5135416440898553, -1.5135416440898553, -1.5135416440898553, -1.5135416440898553, -1.5135416440898553, -1.5135416440898553, -1.5135416440898553, -1.5135416440898553, -1.5135416440898553, -1.5135416440898553, -1.5135416440898553, -1.5135416440898553, -1.5135416440898553, -1.5135416440898553, -1.5135416440898553, -1.5135416440898553, -1.5135416440898553, -1.5135416440898553, -1.5135416440898553, -1.5135416440898553, -1.5135416440898553, -1.5135416440898553, -1.5135416440898553, -1.5135416440898553, -1.5135416440898553], "norm_en": -335430.48746516433}