{"query_points": [[1.9203526937186997, 3.5525076226435264], [1.4368660246061333, 1.7271961453475289], [1.5604197380788385, 2.9115208744121706], [1.2692720255301673, 2.218617182808039], [1.2999531977239966, 0.5285515108217904], [1.0585255965215588, 1.4641455769577796], [1.383312214116831, 1.6900289218154372], [0.9308734399598686, 0.8143846497483418], [5.790969822291714, 3.3312304935430177], [3.521103074334816, 2.6617116318910448], [4.032522544916489, 3.06968748016328], [4.996210662917982, 3.0589778609258236], [3.629593016136837, 1.8378107448534493], [3.4244866643432497, 1.3883000048250072], [3.4723550595734856, 1.7166411004109028], [3.4962035842341823, 1.5505403592990916], [3.2246490531937595, 2.196438723060428], [3.4984535360057096, 2.4057707147846212], [3.528109546133261, 2.645207496614926], [3.2868535044821265, 2.2105977510804724], [3.8254737683339886, 2.056172171359254], [3.524935804915129, 2.65156891395743], [3.461015179832322, 2.312462262222825], [3.7606181764239834, 2.066155016743018], [3.8540266574323234, 5.799138060239598], [3.772205380839786, 5.686430486198705], [3.638138819438599, 5.2041779604969065], [3.631262473188857, 5.368666235060828], [3.7242537171969006, 4.6743162181926445], [3.6035244256395953, 5.1700729760695925], [3.563170990881371, 4.909625244668328], [3.5166388358121683, 5.097973257251619], [3.1240444628711224, 2.085686281500596], [3.51805724937354, 2.3965438314708614], [3.523117874448457, 2.6380867380896866], [3.3912105662152108, 2.1213955701494385], [3.3597930667774367, 5.372838164277088], [3.5914979219285583, 5.214927319619312], [3.468171751110434, 5.309456354272475], [3.6193204365089193, 5.184271752567411], [3.7230811125684387, 5.012709734606286], [3.6761099744136745, 5.05826523847044], [3.596935969388655, 5.153427131103732], [3.5908113941169404, 5.147544507230429], [3.7271005174014418, 5.010762883001636], [3.5911752138333806, 5.148500162950358], [3.6792359720402086, 5.057150347689478], [3.597109350745688, 5.153584251374516], [3.7029915956010875, 5.000845740902751], [3.594344960414953, 5.151120716653275], [3.6591489986337726, 5.046256671589508], [3.5881533927758147, 5.141836392493375], [3.520170492238391, 5.009218031446254], [3.6109577165394295, 5.17650634670074], [3.530221921570991, 5.037233491428548], [3.5951317559108054, 5.176362713342003], [3.589689731184196, 4.885918878376158], [3.5680375484831734, 4.944212212747992], [3.6125633305954903, 5.174908727009046], [3.5475089403088207, 5.13608896109738]], "observations": [[7.579106510384008], [3.2789320395095274], [4.703772529261187], [3.667953782598488], [7.606062043923885], [4.7616462835576385], [3.2486929200822487], [6.300007302314043], [10.373922002501786], [0.14631769561674446], [1.5869048736058176], [5.807339339284226], [0.6514312748331577], [0.3474315502680838], [0.4627724923193455], [0.43184756475966424], [0.7423832735512406], [0.23342670407146215], [0.11010711267590523], [0.6010369082214311], [1.009630945394747], [0.1740538370795548], [0.3802034673281014], [0.8493696717778221], [1.6020753644406796], [0.9643337109591812], [0.011812181212008], [0.13008608552627265], [1.1952287134481594], [-0.0032594522926956415], [0.31922339426819235], [0.06932724919170141], [1.105005735065788], [0.2512563057243824], [0.10989063640590757], [0.5222008392447606], [0.7983781810617074], [0.024736906634643674], [0.3400524153839797], [-0.012936881510540843], [0.253232887131162], [0.11859470477793366], [0.0029652495868504047], [0.010213687550276518], [0.2644791007041931], [0.010849329526536167], [0.12446082336828113], [0.00326890021096915], [0.23559823248069733], [0.0024607395753264427], [0.11107942659873515], [0.004227043827995658], [0.11095580854453146], [0.0033961653243750334], [0.08108933130279183], [0.007412165170535445], [0.34243164397776127], [0.22058295051101595], [0.0020706073846668005], [0.033371353056281805]]}