{"acq_vals": [13.426633710465662, 4.7157927778551105, 66.03204507252535, 26.337656765606518, 33.22750631341316, 21.551113406383482, 15.96875191835906, 23.566287765137563, 5.669069547385297, 1.0156567664604605, 77.43798305461206, 10.050510539989409, 30.991550230011555, 45.77775024470851, 12.088159602353983, 47.67341482073961, 12.323003771346213, 27.460024973545554, 6.406863075168322, 0.5874803616408933, 24.33917623073347, 0.2375503949439454, 1.3846219768323507, 3.2363406771379433, 9.046098535654231, 19.632149295446823, 0.1538841534868402, 11.528097904456109, 9.464433370954321, 0.2542906566753331, 0.11481535196287496, 0.09491133893084225, 0.1757365603061633, 4.939072164450596, 2.3410255275261562, 0.14967587413881162, 0.09367956208416217, 0.07796404630312281, 0.0856847880843361, 0.0669010661166567], "deepest_minima": [-8.139105159265455, -8.169226931815501, -8.169226931815501, -8.169226931815501, -8.169226931815501, -8.169226931815501, -8.169226931815501, -8.169226931815501, -8.169226931815501, -8.169226931815501, -8.169226931815501, -8.169226931815501, -8.169226931815501, -8.169226931815501, -8.169226931815501, -8.169226931815501, -8.169226931815501, -8.169226931815501, -8.169226931815501, -8.169226931815501, -8.169226931815501, -8.169226931815501, -8.169226931815501, -8.169226931815501, -8.169226931815501, -8.169226931815501, -8.169226931815501, -8.169226931815501, -8.169226931815501, -8.169226931815501, -8.169226931815501, -8.169226931815501, -8.169226931815501, -8.169226931815501, -8.169226931815501, -8.169226931815501, -8.169226931815501, -8.169226931815501, -8.169226931815501, -8.169226931815501], "norm_en": -341603.9614621028}