{"acq_vals": [55.46395965740036, 72.57202497375046, 46.466499671368, 49.7386870557336, 126.90638289000754, 104.71528936558293, 126.21943037429223, 141.1125499759165, 141.93092847495907, 63.489582473855016, 61.26785275664205, 93.9701236566359, 79.39302458913971, 91.20856551300565, 96.77612265159634, 70.34460751609645, 51.8277564732165, 53.022322649513875, 74.89176718985208, 27.83136210901735, 58.105478400704754, 45.86748419134873, 62.21002978702212, 33.313377781245016, 117.50171302673493, 233.63391387856475, 163.19097714451013, 328.796877015916, 281.30239305689724, 181.3703898305993, 99.88427848344072, 199.50356228057262, 87.72714244969644, 207.46877249402493, 255.06421329171883, 118.7135086608518, 124.73714535527678, 220.51004036941674, 151.6498654433311, 188.34123373819017, 193.44969030004484, 187.1022186284306, 181.2369456929791, 160.9461259228802, 56.09361166731524, 85.82839517644231, 140.7213660944081, 68.80280402769777, 143.63404684262787, 131.63310865907178], "deepest_minima": [-8.582737385877408, -8.582737385877408, -8.61362256447319, -8.61362256447319, -8.61362256447319, -8.61362256447319, -8.61362256447319, -8.61362256447319, -10.740564338047989, -10.740564338047989, -10.740564338047989, -10.740564338047989, -10.740564338047989, -10.740564338047989, -10.740564338047989, -10.740564338047989, -10.740564338047989, -10.740564338047989, -10.740564338047989, -10.740564338047989, -10.740564338047989, -10.740564338047989, -10.740564338047989, -10.740564338047989, -10.740564338047989, -10.740564338047989, -10.740564338047989, -10.740564338047989, -10.740564338047989, -10.740564338047989, -10.78098454256542, -10.78098454256542, -10.78098454256542, -10.78098454256542, -10.78098454256542, -10.78098454256542, -10.78098454256542, -10.78098454256542, -10.78098454256542, -10.78098454256542, -10.78098454256542, -10.78098454256542, -10.78098454256542, -10.78098454256542, -10.78098454256542, -10.78098454256542, -10.78098454256542, -10.78098454256542, -10.78098454256542, -10.78098454256542], "norm_en": -717119.659190258}