{"query_points": [[4.48315505079158, 5.530672393757213], [3.8712846167847585, 5.277283977797718], [4.1808519768519155, 5.3842875631096785], [3.6161016670645894, 5.197513476392301], [0.553190612033033, 1.2918039867321793], [1.213675701820991, 1.4471428248524267], [1.350410690594428, 1.6897167911913904], [0.8790853198820461, 1.3390444591042696], [2.8673939797920465, 0.7972861764473276], [3.28941457870579, 1.049399610585918], [3.4230655198589637, 1.366521414677405], [2.989414964502144, 0.8696369450131636], [3.1799241639267684, 3.447541108609507], [3.693781637915476, 2.886878368302673], [3.5123689984115933, 2.6450952500907796], [3.4862514926786443, 3.24786372347991], [3.765813456450022, 2.023197706050187], [3.7100244209011684, 2.0340664788637906], [3.5189673468590215, 2.642492116645638], [3.4542576656843385, 2.296358325905583], [3.4178393531789433, 2.0366299114592277], [3.481133585291068, 2.1994911835896858], [3.4755646522250943, 2.57837796368959], [3.4594399170281767, 2.366791937372202], [3.0547997632109194, 5.483984679730043], [3.636086287596681, 5.198179048281913], [3.368665930642831, 5.292345088325911], [3.215560241717392, 5.388275685902888], [3.7564083431615556, 2.0289707141353652], [3.518253332228121, 2.6444013003708324], [3.4426251126127214, 2.334371032821286], [3.7020667043183777, 2.040190500253228], [3.2882396108428003, 2.008668694849538], [3.4896322172774323, 2.5859245694319455], [3.5099670092604724, 2.0728186598964093], [3.5044610189077177, 2.4641644305077044], [3.9805897597327076, 2.4359460530299515], [3.511645520242123, 2.620013594883554], [3.9013255004124057, 2.451751280682455], [3.726517131167453, 2.488920525878875], [3.2522614938595646, 2.053759581166613], [3.5686302283999654, 2.384080520346025], [3.517401114906584, 2.1229088076979696], [3.5032461179850327, 2.608515336806221], [3.299216047836746, 2.080372964306548], [3.5013279554140584, 2.6079626988555002], [3.4522592140108794, 2.11551036407894], [3.4823755311849682, 2.294480767949823]], "observations": [[3.638632274698466], [0.4114840094698593], [1.8133632706012577], [-0.001076722051948309], [6.970238060574047], [3.8981343234190717], [3.262214239570312], [5.2462161695584655], [2.4237819600384682], [0.6411469529848546], [0.35013649333268404], [1.7535410373238847], [3.911862094188109], [0.38819451874587685], [0.08397609135136008], [1.6071801101788878], [0.867622573976405], [0.7495958405779675], [0.17566370079293847], [0.4006994595983997], [0.5127991596236825], [0.41385673510376364], [0.16290251247119159], [0.3242438698653132], [3.1178244564216584], [-0.03549770382232964], [0.7635784710291773], [1.8644527094438672], [0.8429484193911776], [0.17631094600073993], [0.3835896319942549], [0.7306841714307666], [0.6875067198416218], [0.13375400903169066], [0.4915253077633679], [0.31847826635930687], [1.1993767454987392], [0.19050970138050616], [0.9560697670094669], [0.5136270115617663], [0.7472984818741679], [0.33981427864637226], [0.45910367590840906], [0.12556617869995534], [0.6447952579474077], [0.13658181962091476], [0.469265369232744], [0.33848325081635267]]}