{"acq_vals": [44.180801926584145, 33.746466218805416, 32.04399590799948, 23.758108560213234, 22.74214136496194, 758.9584463188273, 286.9037703076071, 722.9194594856741, 579.3005813634901, 472.23293258908285, 557.4215540633269, 489.7485225451903, 433.4097278598138, 299.0207341433864, 488.2499029279028, 323.20349749523035, 597.370921160672, 360.10118186961495, 323.0241421338886, 387.4456832105345, 218.2613995141763, 332.34311332386727, 332.40626851432876, 251.41240736630976, 353.2308442913048, 267.25016437877656, 333.3528931227859, 305.5112092993937, 361.72569368086533, 221.62236924097658, 250.07643241478195, 323.0180032022119, 340.0385830756301, 278.8140297409972, 317.4989060922696, 298.38570277457427, 365.20001231169, 384.88309935988997, 298.4130429323432, 261.8950275445423, 155.16772487086138, 98.36933702299625, 129.6485086780114, 103.88822248976706, 158.74419391969062, 125.22798861450914, 142.82315774310067, 62.619971887074556, 128.8012744441897, 152.87133555023527], "deepest_minima": [-2.891678203828633, -2.891678203828633, -2.891678203828633, -2.891678203828633, -2.891678203828633, -2.891678203828633, -2.891678203828633, -2.891678203828633, -2.891678203828633, -2.891678203828633, -2.891678203828633, -2.891678203828633, -2.891678203828633, -2.891678203828633, -2.891678203828633, -2.891678203828633, -2.891678203828633, -2.891678203828633, -2.891678203828633, -2.891678203828633, -2.891678203828633, -2.891678203828633, -2.891678203828633, -2.891678203828633, -2.891678203828633, -2.891678203828633, -2.891678203828633, -2.891678203828633, -2.891678203828633, -2.891678203828633, -2.891678203828633, -2.891678203828633, -2.891678203828633, -2.891678203828633, -2.891678203828633, -2.891678203828633, -2.891678203828633, -2.891678203828633, -2.891678203828633, -2.891678203828633, -2.891678203828633, -2.891678203828633, -2.891678203828633, -2.891678203828633, -2.891678203828633, -2.891678203828633, -2.891678203828633, -2.891678203828633, -2.891678203828633, -2.891678203828633], "norm_en": -1056417.0631725974}