{"acq_vals": [40.780675604335485, 30.945418778819082, 32.88724619872957, 257.9945271552985, 291.53392872415856, 298.0738098336254, 169.85700344112811, 105.64810301359562, 300.9957699375383, 211.47053802303313, 210.7069928252842, 182.53366779821556, 140.87241696714852, 170.65956838467665, 11.24384166113857, 328.5577585250474, 327.88595117908363, 296.14145042878255, 223.64171289874773, 232.73460086883324, 111.16997722101164, 339.6714836577498, 274.729591137961, 136.22808271932047, 237.28760920257812, 314.10233326848544, 189.47824225314864, 207.88126407270656, 130.43470633775252, 145.36329152332013, 57.3511418649483, 216.383994695366, 150.17071437998706, 118.4027385857969, 85.91482745660417, 108.90025372216493, 183.5825188153553, 156.43745171339071, 155.81613851888315, 182.39467751510833, 117.28902534061004, 228.7205574240173, 107.58883421235358, 87.36188343042592, 167.14557689130788, 154.1520478785489, 98.1614712967768, 133.32375625718902, 174.30019476527573, 125.44744181713742], "deepest_minima": [-0.4630269167246297, -0.4630269167246297, -0.4630269167246297, -0.5432381270220503, -0.5432381270220503, -0.5432381270220503, -0.5432381270220503, -0.7230007527396083, -0.7230007527396083, -8.589463924057782, -8.589463924057782, -8.589463924057782, -8.589463924057782, -8.589463924057782, -8.589463924057782, -8.589463924057782, -8.589463924057782, -8.589463924057782, -8.589463924057782, -8.589463924057782, -10.43996795557905, -10.43996795557905, -10.741119688842446, -10.741119688842446, -10.741119688842446, -10.741119688842446, -10.741119688842446, -10.741119688842446, -10.741119688842446, -10.765103404060937, -10.765103404060937, -10.765103404060937, -10.765103404060937, -10.765103404060937, -10.765103404060937, -10.765103404060937, -10.765103404060937, -10.765103404060937, -10.765103404060937, -10.765103404060937, -10.765103404060937, -10.765103404060937, -10.765103404060937, -10.765103404060937, -10.765103404060937, -10.765103404060937, -10.765103404060937, -10.765103404060937, -10.765103404060937, -10.765103404060937], "norm_en": -717119.659190258}