{"acq_vals": [14.388138702510131, 653.2527831225209, 613.3111230259778, 629.7175848384819, 578.886681006265, 611.7355367450283, 586.8594935610805, 585.3319626976894, 574.666949196891, 569.3802004826606, 568.5524505558941, 568.2777400112999, 235.08553543544392, 237.29667622919675, 492.2928418000808, 1390.4373792872623, 986.3729615016174, 1084.5697241893226, 1117.077698118287, 1101.4112608323621, 929.0326651250989, 909.6852305134028, 910.2606972657616, 899.9782380854516, 900.6127928797275, 900.0705773964401, 900.0081764145162, 899.9023219777022, 899.804222284826, 899.8038311408824, 899.899471328895, 899.2359322078167, 898.5225652246253, 898.6395509654379, 898.6923116506205, 898.1945315956659, 896.5029233651112, 899.5513080893296, 894.5103016482594, 891.9330542071261, 891.9370932428945, 889.6042895390897, 892.3371711542839, 888.1031717348188, 888.7767511085978, 1469.555844519837, 3265.5995460605363, 1539.2840943938795, 1559.7682906338184, 1709.8594382264662], "deepest_minima": [-2.5576094848802313, -2.5576094848802313, -2.5576094848802313, -2.5576094848802313, -2.5576094848802313, -2.5576094848802313, -2.5576094848802313, -2.5576094848802313, -2.570205051393714, -2.570205051393714, -2.570205051393714, -2.570205051393714, -2.5733087327098474, -2.5733087327098474, -2.5733087327098474, -2.5733087327098474, -2.5733087327098474, -2.5733087327098474, -2.5733087327098474, -2.5733087327098474, -2.5733087327098474, -2.5733087327098474, -2.5733087327098474, -2.5733087327098474, -2.5733087327098474, -2.5733087327098474, -2.5733087327098474, -2.5733087327098474, -2.5733087327098474, -2.5733087327098474, -2.5733087327098474, -2.5733087327098474, -2.5733087327098474, -2.5733087327098474, -2.5733087327098474, -2.5733087327098474, -2.5733087327098474, -2.5733087327098474, -2.5733087327098474, -2.5733087327098474, -2.5733087327098474, -2.5733087327098474, -2.5733087327098474, -2.5733087327098474, -2.5733087327098474, -2.5733087327098474, -2.5733087327098474, -2.5733087327098474, -2.5733087327098474, -2.5733087327098474], "norm_en": -493124.6701872513}