{"acq_vals": [24.652724517254956, 40.845510599145, 43.755424302691445, 26.8472030496745, 24.033835190821375, 17.57220239479883, 24.52960253912639, 17.606189662415947, 12.438328938454767, 14.207226192031724, 7.808495129731346, 6.4530488571135445, 6.402708971344315, 4.6124083396816085, 5.248861809265167, 5.5794880180102515, 4.339345689626675, 9.78450043526049, 8.908413456746189, 5.517621885491267, 5.988207334688768, 4.9186197042640165, 4.662136336816101, 4.210727023035287, 2.8842507487157514, 3.0258058796898286, 3.8057777893245115, 4.12936638999158, 3.366094881534839, 3.37040641424443, 5.444158819771237, 3.2065624759807285, 3.478620356505227, 2.8286923240945034, 5.028305378752268, 5.2618668944284845, 4.568349495472987, 3.715453946215284, 3.5705276586797727, 4.253231535419436, 2.1305762261429475, 3.1292290942910657, 1.8875034545102571, 1.5466000314110118, 3.227329889822745, 2.4502798862874298, 1.2888631210115367, 1.4991377350517372, 0.8697220798895621, 0.9481092049367813], "deepest_minima": [-7.417656060541049, -7.417656060541049, -7.417656060541049, -7.417656060541049, -7.417656060541049, -7.417656060541049, -7.417656060541049, -7.417656060541049, -7.417656060541049, -7.417656060541049, -7.417656060541049, -7.417656060541049, -7.417656060541049, -7.417656060541049, -7.421317529981025, -7.421317529981025, -7.4780866297660396, -7.4780866297660396, -7.4780866297660396, -7.4780866297660396, -7.4780866297660396, -7.4780866297660396, -7.4780866297660396, -7.4780866297660396, -7.4780866297660396, -7.4780866297660396, -7.4780866297660396, -7.4780866297660396, -7.4780866297660396, -7.4780866297660396, -7.4780866297660396, -7.4780866297660396, -7.4780866297660396, -7.4780866297660396, -7.4780866297660396, -7.4780866297660396, -7.4780866297660396, -7.4780866297660396, -7.4780866297660396, -7.4780866297660396, -7.4780866297660396, -7.4780866297660396, -7.4780866297660396, -7.4780866297660396, -7.4780866297660396, -7.4780866297660396, -7.4780866297660396, -7.4780866297660396, -7.4780866297660396, -7.4780866297660396], "norm_en": -307917.97903379245}