{"acq_vals": [19.94702028315705, 19.88189040237689, 253.9572239417214, 248.21581796992126, 247.22953512950247, 255.71123586518243, 246.30458298716505, 1474.8148148117589, 1352.0986363540173, 1245.6891796755526, 904.3132607132072, 2734.7622439924357, 2516.2074778778297, 2514.165646098638, 2514.876575794739, 2514.6002011250175, 1847.1008058065534, 1847.2188478874245, 1959.4132542391742, 2609.015602873007, 6243.86152378223, 6605.072095575824, 9206.244230990325, 8587.538539061059, 9796.575405604206, 9474.76852862597, 7705.109881362728, 7161.048651949181, 121949.59927841232, 107330.11843309378, 110937.66593737045, 103547.02520860497, 103557.28454239153, 112735.44797478068, 103650.13530122988, 104498.9127304666, 119103.1092209736, 103561.08684773378, 103565.58220516781, 103556.74144773303, 103549.80237137894, 103545.21501031533, 103556.23114632528, 103523.18303532712, 103497.97580560589, 104147.87028426508, 103478.04500537615, 103343.73981156085, 103448.99032389912, 103374.14013015837], "deepest_minima": [-2.5624192496179603, -2.5624192496179603, -2.5624192496179603, -2.5624192496179603, -2.5624192496179603, -2.5624192496179603, -2.5624192496179603, -2.5624192496179603, -2.5624192496179603, -2.5624192496179603, -2.5624192496179603, -2.5915198790607974, -2.5915198790607974, -2.5915198790607974, -2.5915198790607974, -2.5915198790607974, -2.5915198790607974, -2.5915198790607974, -2.5915198790607974, -2.5915198790607974, -2.5915198790607974, -2.5915198790607974, -2.5915198790607974, -2.5915198790607974, -2.5915198790607974, -2.5915198790607974, -2.5915198790607974, -2.5915198790607974, -2.5915198790607974, -2.5915198790607974, -2.5915198790607974, -2.5915198790607974, -2.5915198790607974, -2.5915198790607974, -2.5915198790607974, -2.5915198790607974, -2.5915198790607974, -2.5915198790607974, -2.5915198790607974, -2.5915198790607974, -2.5915198790607974, -2.5915198790607974, -2.5915198790607974, -2.5915198790607974, -2.5915198790607974, -2.5915198790607974, -2.5915198790607974, -2.5915198790607974, -2.5915198790607974, -2.5915198790607974], "norm_en": -493124.6701872513}