{"acq_vals": [4182.7352170193835, 3193.0732581483917, 3253.505786941075, 2845.436717371235, 2332.7678339156746, 1873.0668827657635, 1808.8319824681305, 1875.2331746810962, 1517.8126730280019, 1402.1547145246561, 1383.1897165380435, 1306.0053090889753, 1185.1049672943197, 1258.9199775098675, 1070.5081788024615, 810.426192424193, 979.6139380436409, 870.1569923083912, 780.5090653432881, 754.8048353488663, 798.6769436116059, 768.2272357096996, 701.9614146384495, 545.6882470836484, 447.5485445315088, 438.163264601878, 443.10979067875235, 332.2069101045042, 416.2558405495795, 350.3980764931893, 352.84971205106854, 302.89400699965745, 312.3044441510294, 330.49575097084255, 322.7386808599656, 269.9433352088721, 199.89240377357274, 214.14106172133083, 225.33523472463122, 182.21878367448502, 158.01597188029783, 157.73484223966835, 219.67880628492253, 117.30877465438279, 127.57076460340812, 104.64083483125718, 81.66063363173325, 50.13428842094439, 38.70684743133233, 43.20020334205618], "deepest_minima": [-1.4237891641678289, -1.5890512578189373, -1.5890512578189373, -1.5890512578189373, -1.5890512578189373, -1.5890512578189373, -6.0802921276772395, -6.0802921276772395, -6.0802921276772395, -6.0802921276772395, -6.0802921276772395, -6.0802921276772395, -6.0802921276772395, -6.0802921276772395, -6.0802921276772395, -6.0802921276772395, -6.0802921276772395, -6.0802921276772395, -6.0802921276772395, -6.0802921276772395, -6.0802921276772395, -6.0802921276772395, -6.133996267279144, -6.133996267279144, -6.133996267279144, -6.133996267279144, -6.133996267279144, -6.133996267279144, -6.133996267279144, -6.133996267279144, -6.133996267279144, -6.133996267279144, -6.133996267279144, -6.133996267279144, -6.133996267279144, -6.133996267279144, -6.133996267279144, -6.133996267279144, -6.133996267279144, -6.133996267279144, -6.133996267279144, -6.133996267279144, -6.133996267279144, -6.133996267279144, -6.133996267279144, -6.133996267279144, -6.133996267279144, -6.133996267279144, -6.133996267279144, -6.797643460973632], "norm_en": -499298.5107466433}