{"acq_vals": [99.37677029107024, 84.436911806575, 79.07282279559931], "deepest_minima": [2.8398370415670797, 2.8398370415670797, 2.8398370415670797]}