{"acq_vals": [56.591999735933136, 93.03543428786976, 76.56422933103092, 70.67290354837735, 78.98229365465025, 191.11404240171572, 161.76156235316049, 205.81501174612185, 173.44068493142083, 162.27477153775573, 141.06195549490172, 182.46172248935756, 152.81708951461889, 143.97896936478293, 143.7560311526769, 174.04125362820642, 155.68558048664926, 118.36269831996962, 132.95248390476303, 109.23236528693309, 121.44299159868137, 143.16463904986657, 129.5728566491671, 174.54783760192134, 100.13405870123962, 125.68231069162249, 129.10029874852043, 58.551493784647086, 104.41744281464054, 73.80461989273671, 76.20957418177528, 83.6519813815037, 91.77488767135036, 102.883880646006, 66.56214677316127, 55.122068851684496, 55.067659047658346, 48.90283053458427, 74.37256261025087, 88.81140959174385, 81.96445754582366, 80.43436437725398, 63.754294730076154, 71.62106512764747, 55.63253351581667, 69.90980436241962, 87.8995491935566, 69.1945828402393, 63.49803699788735, 60.074077381797466], "deepest_minima": [-0.40625644009560347, -0.40625644009560347, -0.40625644009560347, -0.40625644009560347, -0.40625644009560347, -0.40625644009560347, -0.43862785096280277, -0.43862785096280277, -0.43862785096280277, -0.43862785096280277, -0.43862785096280277, -0.43862785096280277, -0.43862785096280277, -0.43862785096280277, -0.43862785096280277, -0.43862785096280277, -0.43862785096280277, -0.43862785096280277, -0.43862785096280277, -0.43862785096280277, -0.43862785096280277, -0.43862785096280277, -0.43862785096280277, -1.056404545204714, -1.056404545204714, -1.056404545204714, -1.056404545204714, -1.131082087638788, -1.131082087638788, -1.131082087638788, -1.131082087638788, -1.131082087638788, -1.131082087638788, -1.131082087638788, -1.2368416709359735, -1.2368416709359735, -1.2368416709359735, -1.2368416709359735, -1.2368416709359735, -1.2368416709359735, -1.2368416709359735, -1.2368416709359735, -1.2368416709359735, -1.2368416709359735, -1.2368416709359735, -1.2368416709359735, -1.2368416709359735, -1.2368416709359735, -1.2368416709359735, -1.2368416709359735], "norm_en": -335430.48746516433}