{"acq_vals": [11.696481478578196, 5.973003484100123, 3.7021657644116366, 3.2807244115081517, 3.1907000093576094, 1.1117410250283049, 0.9315145772845401, 0.8655885634464852, 0.5353288993418692, 0.5041560665844061, 0.4794560741457833, 0.43482674861136983, 0.38628555801147185], "deepest_minima": [-0.025143887847661972, -0.025143887847661972, -0.025143887847661972, -0.04179557226598263, -0.04179557226598263, -0.04179557226598263, -0.04179557226598263, -0.04179557226598263, -0.04179557226598263, -0.04179557226598263, -0.04179557226598263, -0.04179557226598263, -0.04179557226598263], "norm_en": -715268.6969642891}