{"acq_vals": [29.833558816105807, 13.19040361145946, 8.46814020932213, 7.349949871054558, 3.1801555067291525, 2.50289966488155, 2.527124166516238, 1.5070992759714645, 1.0344032369925038, 0.8598701742900617, 0.699684915615138, 0.5332055254007149, 0.4403561175516546, 0.3836738054089747, 0.34744939670773317], "deepest_minima": [0.02080083591863513, 0.02080083591863513, 0.02080083591863513, 0.02080083591863513, -0.048016968416050076, -0.048016968416050076, -0.048016968416050076, -0.048016968416050076, -0.048016968416050076, -0.048016968416050076, -0.048016968416050076, -0.048016968416050076, -0.048016968416050076, -0.048016968416050076, -0.048016968416050076], "norm_en": -715268.6969642891}