{"acq_vals": [375.05125275098277, 284.92853767173057, 274.73348679459815, 262.2513371652931, 237.46597326876613, 221.6480619562913, 195.0949556673517, 173.79893222600884, 175.95605350651695, 159.97197706856235, 169.61371563870253, 123.15078570391553, 263.6376992598395, 221.1751639930103, 152.01378324598775, 151.95684239155247, 123.51603911878094, 97.69720467617884, 85.58786564983023, 85.97204323473514, 83.64392038917481, 63.659453030572, 59.786405357142826, 56.13458366046056, 77.03835579437794, 63.708072474643025, 57.05016740178891, 45.2364734592633, 56.835516245312576, 40.513399323986135, 50.44309165864234, 43.83381483038536, 48.03297138623037, 50.79732406429062, 30.270380948764153, 28.455977972584186, 20.04931660992309, 26.893320508201064, 22.971120572031097, 29.76261473716425, 31.253634334258795, 19.851844828917702, 25.607551724633932, 18.5983622412198, 16.287847749838534, 19.327390699767484, 32.449427855281186, 30.063912390076275, 15.483488949033859, 16.041613560242705], "deepest_minima": [-6.082637838437222, -6.082637838437222, -6.082637838437222, -6.082637838437222, -6.082637838437222, -6.082637838437222, -6.090197844838258, -6.847426374151837, -6.847426374151837, -6.847426374151837, -6.847426374151837, -6.847426374151837, -6.847426374151837, -6.847426374151837, -6.847426374151837, -6.847426374151837, -6.847426374151837, -6.847426374151837, -6.847426374151837, -6.847426374151837, -6.847426374151837, -6.847426374151837, -6.847426374151837, -6.847426374151837, -6.847426374151837, -6.847426374151837, -6.847426374151837, -6.847426374151837, -6.847426374151837, -6.847426374151837, -6.847426374151837, -6.847426374151837, -6.847426374151837, -6.847426374151837, -6.847426374151837, -6.847426374151837, -6.847426374151837, -6.847426374151837, -6.847426374151837, -6.847426374151837, -6.847426374151837, -6.847426374151837, -6.847426374151837, -6.847426374151837, -6.847426374151837, -6.847426374151837, -6.847426374151837, -6.847426374151837, -6.847426374151837, -6.847426374151837], "norm_en": -499298.5107466433}