{"acq_vals": [18.543465242934282, 14.973905665018954, 25.57991216889958, 19.879008621105722, 12.385252974211557, 14.24872648106452, 11.132899884251266, 16.883102809174357, 15.394636301657716, 10.488800425036578, 6.9954635016377225, 8.03200774423719, 5.4475153489998025, 5.3666632095900315, 3.347195839122759, 3.752269068676715, 2.5872132733817073, 4.358989671539473, 3.1877113482297603, 2.6716269316619474, 1.9387000282550106, 1.6944346908423344, 1.5658079592469325, 1.2312409308520034, 2.729265644442085, 1.8513269763921876, 2.3036451220139593, 2.3342096514626816, 1.6405652830489894, 1.6410965545868308, 1.379259226831892, 5.208075262140602, 4.4887815086809155, 3.03499186508412, 3.438722256404037, 2.7007410521327917, 2.704072280114175, 2.894847797264534, 3.2309330656859503, 3.1532578619960248, 4.847645501086179, 3.1514293548637498, 3.7639891585071212, 4.210930981640672, 2.8333342405721207, 4.2560581625336535, 4.228543961261274, 3.8664555521216872, 4.036336250219361, 2.811023391783943], "deepest_minima": [-6.747693054843694, -8.097830689745024, -8.097830689745024, -8.097830689745024, -8.097830689745024, -8.12274136254564, -8.12274136254564, -8.12274136254564, -8.12274136254564, -8.12274136254564, -8.12274136254564, -8.132842975610401, -8.165269730321597, -8.165269730321597, -8.165269730321597, -8.165269730321597, -8.165269730321597, -8.165269730321597, -8.165269730321597, -8.165269730321597, -8.165269730321597, -8.165269730321597, -8.165269730321597, -8.165269730321597, -8.165269730321597, -8.165269730321597, -8.165269730321597, -8.165269730321597, -8.165269730321597, -8.165269730321597, -8.165269730321597, -8.165269730321597, -8.165269730321597, -8.165269730321597, -8.165269730321597, -8.165269730321597, -8.165269730321597, -8.165269730321597, -8.165269730321597, -8.165269730321597, -8.165269730321597, -8.165269730321597, -8.165269730321597, -8.165269730321597, -8.165269730321597, -8.165269730321597, -8.165269730321597, -8.165269730321597, -8.165269730321597, -8.165269730321597], "norm_en": -341603.9614621028}