{"acq_vals": [48.898048822914646, 84.57984792436422, 79.94551732801865, 52.167240924008205, 45.586457046062705, 38.9936719547107, 59.468434455928765, 45.81325775061026, 31.718083067561192, 34.665082508801774, 24.76561783400141, 36.28845435654636, 25.535335991085358, 27.22249207861803, 37.132282120798386, 23.36882544452931, 33.08753521977928, 12.531508526952035, 28.77776754494404, 12.25062426687114, 16.387152967416167, 23.987636670542702, 15.503437237994296, 9.368596279055845, 28.18307875510906, 26.57282127945166, 14.568446057121484, 12.684418285745263, 26.48862558917071, 21.71858951002289, 24.59613831067858, 10.741686390995795, 15.190238379918389, 12.854765759199788, 18.920438129146476, 19.18666104165543, 15.430249165383682, 11.34473150284624, 8.903979607535826, 2.5443752309307968, 8.685399280699228, 7.999063211842203, 6.797310998651871, 6.948761442708126, 15.880740182578, 6.2691490110010015, 2.4846184912852673, 7.646899171953552, 1.2817845405321382, 11.723578539840423], "deepest_minima": [-1.257646904559806, -1.257646904559806, -1.257646904559806, -1.257646904559806, -2.0645835591712967, -2.0645835591712967, -2.0645835591712967, -2.0645835591712967, -2.1354099969612435, -2.1354099969612435, -2.1354099969612435, -2.1354099969612435, -2.1354099969612435, -2.1354099969612435, -2.1354099969612435, -2.1354099969612435, -2.1354099969612435, -2.1354099969612435, -2.1354099969612435, -2.1354099969612435, -2.1354099969612435, -2.1354099969612435, -2.1354099969612435, -2.1354099969612435, -2.1354099969612435, -2.1354099969612435, -2.16850403835997, -2.16850403835997, -2.16850403835997, -2.16850403835997, -2.16850403835997, -2.16850403835997, -2.16850403835997, -2.16850403835997, -2.16850403835997, -2.16850403835997, -2.16850403835997, -2.16850403835997, -2.16850403835997, -2.16850403835997, -2.16850403835997, -2.16850403835997, -2.16850403835997, -2.239721934660338, -2.239721934660338, -2.239721934660338, -2.239721934660338, -2.239721934660338, -2.239721934660338, -2.239721934660338], "norm_en": -577108.3228092517}