{"query_points": [[3.7360099078441187, 0.80610754196465], [3.3712126139094747, 1.2919946676825882], [3.441628540982339, 1.4359746846106534], [3.5197857095201046, 0.9986317655710497], [4.644317630866476, 0.6245228284910471], [3.7288830117757303, 1.0539001356020616], [3.4304035353617675, 1.390136016026183], [4.167597937032355, 0.8224231895469583], [5.990866999159195, 4.452474952371651], [3.4177501504307215, 5.959187305544193], [3.4741363460638985, 0.060819222800862605], [4.698371547951898, 5.481795274368132], [2.7953132537183887, 2.2230506150769855], [3.504514776268032, 2.6237011675508057], [3.4843061319444124, 2.385132143696932], [3.1184920481368295, 2.2753636471197662], [3.487896354228207, 4.224577306014259], [3.6397308306000826, 5.212689278021658], [3.472853789997383, 4.471179365216457], [3.4717211490746416, 4.99840953849026], [1.408786685204996, 0.6823530699707216], [1.168612965010417, 1.5845503668159715], [1.1326735503918206, 1.1071318429285562], [1.392253454158582, 1.7061141534159656], [4.457785912145266, 2.3864287684326815], [4.0257712619113875, 2.4254448395886925], [3.5153136337646127, 2.622942430330898], [3.69242617769366, 2.475076288787328], [2.1817579726921075, 4.899397116076093], [3.622563571533899, 5.180978275541532], [2.785934903050947, 4.994236242958293], [3.4409942229896875, 4.86881498763923], [3.9273081011709663, 3.474696343663713], [3.561706632101454, 2.6882738551143355], [3.7588565187988454, 3.2628130105713504], [3.613438914114698, 2.9573716408208615], [1.128905732459149, 2.8654092980607953], [1.2559964381769397, 2.4564073217183857], [1.3526098519150391, 2.0069323664874297], [1.3784399430053798, 1.7050798514784393], [6.283184602763445, 1.994456507421047], [1.3742322954732735, 1.6957959271254222], [1.0246130681726235, 1.8299187980601488], [0.3792212852839123, 1.9210568582721415], [4.157517894860177, 4.6063400110335255], [3.618047094289686, 5.1734723816332755], [3.7867056824617977, 4.923997755197961], [4.05003308863661, 4.689717181438206], [2.9333187343703617, 3.229346348550197], [3.0551562947653377, 3.087782664999004], [3.5246210798748363, 2.6447788705471567], [3.2966904579178773, 2.8402607051336233]], "observations": [[1.7748883736785501], [0.3791600388940424], [0.3383929138071835], [0.7836792598245665], [6.828375090030022], [1.2331598463933915], [0.430331822601147], [3.742331000743434], [14.146720751188695], [2.035626836353913], [2.4525943662738428], [5.1158762300619856], [2.755964673589915], [0.10322770441416651], [0.23451126436702907], [1.1272051038686186], [2.06198503554333], [-0.02305672678630799], [1.5119057752890512], [0.3168069418752566], [7.633186932886019], [3.757496234960854], [5.229601096827537], [3.2706530822906643], [3.0328816464170814], [1.3280333746224642], [0.18520961271133274], [0.42808742565102875], [6.441754675004631], [-0.01704771933145821], [2.951171842520125], [0.3618005265016109], [2.1021801630267873], [0.2158383036730811], [1.2909213178791106], [0.5091001368127763], [4.234920409624465], [3.781011642422527], [3.581381240161136], [3.2632113453000784], [9.999433676246554], [3.257590813213028], [4.1854289105394855], [8.4906377105508], [2.925188968773], [0.025869939709082246], [0.6590144035872072], [2.2386741150403395], [4.494249162264168], [3.0964924494037405], [0.13871648267377168], [0.7880419278517365]]}