{"acq_vals": [78.04117036496937, 75.00034275296635, 69.77475064237862, 62.43775655283964, 251.03646799470118, 232.52303676930896, 166.9655761464974, 146.825224761368, 134.72779516598322, 129.36535120769494, 69.9948342490401, 78.1946979941916, 77.63929705514882, 129.48712449843836, 66.47272190705615, 48.51763057948186, 58.82136573284833, 106.21905663630841, 114.34560985683481, 58.605644097977276, 85.2699097817201, 101.64476890403388, 95.76515721209913, 68.44886367403024, 50.14592045163517, 48.270472655732625, 62.186413365072525, 50.58461453854724, 15.288926284160578, 75.83963776722912, 62.69028544797152, 90.45065600038758, 50.57232898188227, 24.80284848840434, 69.04656125355133, 85.3145709433913, 82.72620619784242, 120.03163732353715, 79.05380724771685, 80.15961340767983, 90.3006425605776, 71.5284477010938, 78.9004218168401, 15.940634606892543, 30.191580945507546, 41.02066851549759, 25.509743996231446, 26.902783029068452, 63.84073888133045, 69.88946741051026], "deepest_minima": [-8.975005357176997, -8.975005357176997, -8.975005357176997, -8.975005357176997, -8.975005357176997, -8.975005357176997, -8.975005357176997, -8.975005357176997, -8.975005357176997, -8.975005357176997, -8.975005357176997, -10.763454337487929, -10.763454337487929, -10.763454337487929, -10.763454337487929, -10.763454337487929, -10.763454337487929, -10.763454337487929, -10.763454337487929, -10.763454337487929, -10.763454337487929, -10.763454337487929, -10.763454337487929, -10.763454337487929, -10.763454337487929, -10.763454337487929, -10.763454337487929, -10.763454337487929, -10.781863067648374, -10.781863067648374, -10.781863067648374, -10.781863067648374, -10.781863067648374, -10.781863067648374, -10.781863067648374, -10.781863067648374, -10.781863067648374, -10.781863067648374, -10.781863067648374, -10.781863067648374, -10.781863067648374, -10.781863067648374, -10.781863067648374, -10.781863067648374, -10.781863067648374, -10.781863067648374, -10.781863067648374, -10.781863067648374, -10.781863067648374, -10.781863067648374], "norm_en": -717119.659190258}