{"acq_vals": [0.6596375415562766, 62.73376346508488, 103.73994540596561, 45.74414864512608, 7.355948766649297, 25.75140983043037, 3.7016495090621344, 34.415223359966035, 183.44622034942904, 23.912820818214644, 104.80919591269567, 58.76790122052117, 66.0305952864461, 70.89385799028935, 50.63721273976407, 22.339271411728483, 17.039668888853022, 21.732027162183897, 5.62218093362972, 2.454276984082577, 51.630757183147814, 78.70109157482187, 27.068957298489998, 50.880644626368074, 5.963412735271234, 30.895064829426182, 7.4587964359106005, 7.956184346519104, 12.454684714626758, 4.346533982904039, 4.576038424834085, 12.13165466272049, 3.703717411428986, 4.903107210187208, 1.872058869261058, 3.1584998896811434, 0.12021896843862116, 8.734276789344001, 2.528285004104942, 4.988066580302646, 0.10165950906275611, 0.10996098390205589, 0.09570771530320599, 1.9211753872306092, 0.0569269751676984, 0.050463337384144324, 0.04307513143271535, 0.03887453573429411, 0.0360078593905655], "deepest_minima": [-0.06081693811574951, -7.395493584917858, -7.395493584917858, -7.395493584917858, -7.458296730415896, -7.458296730415896, -7.458296730415896, -7.458296730415896, -7.458296730415896, -7.458296730415896, -7.458296730415896, -7.458296730415896, -7.458296730415896, -7.458296730415896, -7.458296730415896, -7.458296730415896, -7.458296730415896, -7.458296730415896, -7.4754130798392, -7.4754130798392, -7.4754130798392, -7.4754130798392, -7.4754130798392, -7.4754130798392, -7.4754130798392, -7.4754130798392, -7.4754130798392, -7.4754130798392, -7.4754130798392, -7.4754130798392, -7.4754130798392, -7.4754130798392, -7.4754130798392, -7.4754130798392, -7.4754130798392, -7.4754130798392, -7.4754130798392, -7.4754130798392, -7.4754130798392, -7.4754130798392, -7.4754130798392, -7.4754130798392, -7.4754130798392, -7.4754130798392, -7.4754130798392, -7.4754130798392, -7.4754130798392, -7.4754130798392, -7.4754130798392], "norm_en": -307917.97903379245}