{"acq_vals": [6.750589426327297, 7.246204226041712, 1.413213481070631, 0.9342135116504677, 0.2278712589164232, 0.46694591740590036, 0.8046875073769527, 0.1524137221002768, 0.11921006479379043, 0.10381461316908158, 0.07732899978116947, 0.07231840916985988], "deepest_minima": [-0.00404891069047153, -0.00404891069047153, -0.00404891069047153, -0.027062035631388426, -0.027062035631388426, -0.027062035631388426, -0.027062035631388426, -0.027062035631388426, -0.027062035631388426, -0.027062035631388426, -0.027062035631388426, -0.027062035631388426], "norm_en": -715268.6969642891}