{"acq_vals": [25.008060158455184, 13.395162045622365, 44.26287894790614, 21.33693128576522, 14.670638844308657, 13.600544947315296, 12.120948519964704, 6.538280962039796, 5.224685229374683, 5.8948747973086855, 6.199815518502535, 7.4250287094278375, 10.270961447980723, 9.96792174131529, 8.110413782219634, 9.010492936000281, 10.082235311972603, 29.637242902995762, 16.817084197790905, 13.352993391711719, 6.817755634074061, 7.543446054002769, 6.502042576563123, 6.410870584610618, 4.2670171084706885, 4.234427382599133, 4.221642417631103, 3.5204270379665394, 2.844353559575091, 2.4094728309824323, 1.7630627015466784, 1.7936189217002212, 2.055812161770633, 1.4206689872116518, 1.3102109005530693, 0.9892423926696265, 0.9176749242183591, 2.2235346166334318, 0.9558098957339495, 1.1602724334458892, 0.6595045320243952, 0.6861336187678194, 0.6122637058368328, 0.4375870765207163, 0.5280801215699308], "deepest_minima": [-6.471433366823476, -8.117952260479797, -8.120683443325106, -8.120683443325106, -8.120683443325106, -8.120683443325106, -8.120683443325106, -8.120683443325106, -8.141138916253112, -8.141138916253112, -8.141138916253112, -8.141138916253112, -8.149228708760347, -8.149228708760347, -8.149228708760347, -8.149228708760347, -8.149228708760347, -8.149228708760347, -8.149228708760347, -8.149228708760347, -8.149228708760347, -8.149228708760347, -8.149228708760347, -8.149228708760347, -8.152251207327936, -8.152251207327936, -8.152251207327936, -8.152251207327936, -8.152251207327936, -8.152251207327936, -8.152251207327936, -8.152251207327936, -8.152251207327936, -8.152251207327936, -8.152251207327936, -8.152251207327936, -8.152251207327936, -8.152251207327936, -8.152251207327936, -8.152251207327936, -8.170668799837586, -8.170668799837586, -8.170668799837586, -8.170668799837586, -8.170668799837586], "norm_en": -341603.9614621028}