{"acq_vals": [54.35811979245178, 40.284168439778846, 43.40071160939912, 36.21665716649072, 32.83536932690001, 204.78361244735382, 169.7263137317579, 172.81251266529364, 173.43234001766552, 160.0708494096973, 158.97684690389002, 158.48838338049288, 155.3601737962536, 149.22851608213196, 144.8254056598246, 145.84683721644814, 139.9139276801459, 139.14207613436105, 138.2054483332534, 135.54557282712923, 135.11524463283453, 136.9753799771364, 135.54242050511826, 131.57135866318933, 130.48295969281114, 129.607330665704, 126.32546159400498, 131.3936054286439, 124.73689859459023, 78.36612094543227, 77.23706837994665, 82.37438171350009, 75.58741831727825, 73.76228404761551, 75.59381623886205, 74.21029809144714, 73.08826628015423, 74.7688836805089, 75.81907673867354, 71.50667105494516, 71.97350192771837, 80.19218541752416, 73.22199421822583, 72.92049702355332, 73.09943027999897, 70.29685331107581, 69.96014548867468, 69.70057169015034, 68.5271621446651, 69.30660109120366], "deepest_minima": [-1.9464846811024472, -1.9464846811024472, -2.142832510289736, -2.142832510289736, -2.142832510289736, -2.142832510289736, -2.142832510289736, -2.142832510289736, -2.142832510289736, -2.142832510289736, -2.142832510289736, -2.142832510289736, -2.142832510289736, -2.142832510289736, -2.142832510289736, -2.142832510289736, -2.142832510289736, -2.142832510289736, -2.142832510289736, -2.142832510289736, -2.142832510289736, -2.142832510289736, -2.142832510289736, -2.142832510289736, -2.155763539019972, -2.155763539019972, -2.155763539019972, -2.155763539019972, -2.155763539019972, -2.155763539019972, -2.155763539019972, -2.155763539019972, -2.155763539019972, -2.155763539019972, -2.155763539019972, -2.155763539019972, -2.155763539019972, -2.155763539019972, -2.155763539019972, -2.155763539019972, -2.155763539019972, -2.155763539019972, -2.155763539019972, -2.155763539019972, -2.155763539019972, -2.155763539019972, -2.155763539019972, -2.1925427058013156, -2.1925427058013156, -2.1925427058013156], "norm_en": -577108.3228092517}