{"acq_vals": [19.202783244750297, 1.4378769261445252, 7.8314143991916545, 3.4430761317175738, 4.527620368689469, 0.42214898318267996, 0.19639379630221482, 0.251299897086464, 0.14131808834001844, 0.11227253594618958], "deepest_minima": [0.2027366425609216, 0.2027366425609216, -0.0038986472645774484, -0.044232103042304516, -0.044232103042304516, -0.044232103042304516, -0.044232103042304516, -0.044232103042304516, -0.044232103042304516, -0.044232103042304516], "norm_en": -715268.6969642891}