{"acq_vals": [82.26911143891846, 78.25168332984633, 70.1191454277092, 57.26497561394172, 58.18630549541222, 54.33053265185809, 55.41773263864525, 53.04891994767842, 47.168809217284085, 46.96100850619247, 69.82442511112633, 53.64823721368479, 97.81325687173569, 87.33002252543577, 83.01499772939378, 81.19481554653287, 85.34667992804772, 76.66411067449206, 80.56998647153428, 76.86407343225778, 74.11412602865916, 71.50131777513513, 70.66593099186153, 71.78573386773621, 69.81628533486885, 67.98365345412597, 46.77964823418247, 42.33053912733852, 43.205023708222186, 39.92575013246695, 43.902362925887886, 42.893353565076325, 39.30255723287316, 41.537930407213146, 41.06378003758156, 36.531129580469745, 39.97031860007168, 37.536998177728314, 37.321408688013264, 37.19696200460983, 35.94629979994251, 34.756463701296695, 38.91168066197433, 42.213874320077224, 38.280133510299464, 35.931231760947945, 37.9910832312057, 36.90336618153733, 39.4570119375081, 39.503818665871314], "deepest_minima": [-5.644187689293176, -6.737435175105929, -6.738525536842644, -6.738525536842644, -6.738525536842644, -6.738525536842644, -8.453524952987209, -8.453524952987209, -8.453524952987209, -8.453524952987209, -8.453524952987209, -8.453524952987209, -8.453524952987209, -8.453524952987209, -8.453524952987209, -8.453524952987209, -8.453524952987209, -8.453524952987209, -10.735778180067427, -10.735778180067427, -10.735778180067427, -10.735778180067427, -10.735778180067427, -10.735778180067427, -10.735778180067427, -10.735778180067427, -10.735778180067427, -10.735778180067427, -10.735778180067427, -10.735778180067427, -10.735778180067427, -10.735778180067427, -10.735778180067427, -10.735778180067427, -10.735778180067427, -10.735778180067427, -10.776746507966891, -10.776746507966891, -10.776746507966891, -10.776746507966891, -10.776746507966891, -10.776746507966891, -10.776746507966891, -10.776746507966891, -10.776746507966891, -10.776746507966891, -10.776746507966891, -10.776746507966891, -10.776746507966891, -10.776746507966891]}