{"acq_vals": [15.739568480956658, 23.35253906037439, 112.0427564445477, 102.80970439944045, 90.49523449163544, 82.13009645991137, 74.18143223434576, 55.846035248940105, 60.50999662464508, 55.58705668779545, 70.8206135608172, 74.67054814114076, 57.45395460747664, 56.56561249399328, 68.55478456221753, 76.55694940092143, 51.769004190746685, 48.40890282165994, 47.64244825934553, 47.78140427078746, 25.526415339538826, 27.61832268143365, 25.223797125296755, 20.95031594425425, 21.678660225149144, 19.22843434993011, 85.03985023193056, 49.99281398462441, 50.28061027747321, 40.549028221939885, 46.403021588490205, 41.69614696874693, 42.647238992023354, 102.731049907747, 84.56998267815013, 82.01188046510612, 79.76544985885049, 93.67969828422386, 82.19921226425241, 72.71566085379655, 70.83504133256471, 46.71556728178486, 32.74115533674709, 31.884703523871146, 32.513474467932205, 30.274772531479393, 27.45412108549249, 28.982701738219912, 27.840885042560377, 33.20316705138944], "deepest_minima": [-1.5768574222456664, -1.5768574222456664, -1.5768574222456664, -1.5768574222456664, -1.6263587030116469, -8.93979913147632, -8.93979913147632, -8.93979913147632, -8.93979913147632, -8.93979913147632, -8.93979913147632, -9.025658391299658, -9.025658391299658, -9.025658391299658, -9.025658391299658, -9.025658391299658, -9.025658391299658, -9.025658391299658, -9.025658391299658, -9.025658391299658, -9.025658391299658, -9.025658391299658, -9.025658391299658, -9.025658391299658, -9.025658391299658, -9.025658391299658, -9.025658391299658, -9.025658391299658, -9.025658391299658, -9.025658391299658, -9.025658391299658, -10.716555698076263, -10.716555698076263, -10.773322870838456, -10.773322870838456, -10.773322870838456, -10.773322870838456, -10.773322870838456, -10.773322870838456, -10.773322870838456, -10.773322870838456, -10.773322870838456, -10.773322870838456, -10.773322870838456, -10.773322870838456, -10.773322870838456, -10.773322870838456, -10.773322870838456, -10.773322870838456, -10.773322870838456]}