{"acq_vals": [16.616525640041562, 16.78033045696309, 156.7128188006734, 151.35080757420423, 119.88221653371552, 120.50037139360883, 113.96128811844268, 110.86446109218282, 106.65869532260042, 104.8539665462921, 103.58949224979254, 101.51693875878523, 102.39564486499816, 100.89587155962205, 99.72251398612399, 105.06570254112712, 96.64993693246335, 97.88339341650372, 96.93857249006633, 94.39393015552672, 96.83196794715285, 95.16566205301784, 92.61631165612982, 92.72019132968569, 104.11068961463613, 104.15186198230089, 101.05857704093009, 96.98972037665114, 41.03742761196346, 55.904453517699814, 57.05966776011282, 40.67841159343996, 40.4568441324341, 47.631393090379476, 174.20958886697642, 188.6091527934302, 93.54644019052388, 43.774460114286576, 60.24996560657525, 57.15671426075497, 211.36614500225423, 175.051489065115, 113.88883744017686, 129.72718736624884, 109.3440723062625, 106.22883676110582, 96.81834406249496, 90.51799962717489, 85.43697410617993, 85.14386333457546], "deepest_minima": [-2.5402390938834287, -2.5402390938834287, -2.5789089422905818, -2.5993208666332066, -2.5993208666332066, -2.5993208666332066, -2.5993208666332066, -2.5993208666332066, -2.5993208666332066, -2.5993208666332066, -2.5993208666332066, -2.5993208666332066, -2.5993208666332066, -2.5993208666332066, -2.5993208666332066, -2.5993208666332066, -2.5993208666332066, -2.5993208666332066, -2.5993208666332066, -2.5993208666332066, -2.5993208666332066, -2.5993208666332066, -2.5993208666332066, -2.5993208666332066, -2.5993208666332066, -2.5993208666332066, -2.5993208666332066, -2.5993208666332066, -2.5993208666332066, -2.5993208666332066, -2.5993208666332066, -2.5993208666332066, -2.5993208666332066, -2.5993208666332066, -2.5993208666332066, -2.5993208666332066, -2.5993208666332066, -2.5993208666332066, -2.5993208666332066, -2.5993208666332066, -2.5993208666332066, -2.5993208666332066, -2.5993208666332066, -2.5993208666332066, -2.5993208666332066, -2.5993208666332066, -2.5993208666332066, -2.5993208666332066, -2.5993208666332066, -2.5993208666332066], "norm_en": -493124.6701872513}