{"acq_vals": [22.732313248107904, 22.970613477911723, 16.280324272028132, 11.956774585484846, 12.000592277634347, 10.458588022034684, 9.10165631013283, 9.021817298381272, 9.137377853738933, 7.916844215603471, 7.348481964867571, 6.022627676686055, 5.554285597316458, 13.867144980497669, 10.11433580732482, 11.54551815704093, 10.010166625637718, 9.398975109663379, 9.477968724555957, 9.739647733449301, 7.973190367531525, 7.44820606166344, 7.399516954958037, 7.949873278589297, 8.029716353204012, 7.614753568731256, 7.322959804343373, 7.315660852896589, 7.306556744964269, 6.968831027310922, 6.610852024268241, 6.793916035117703, 6.374729234612854, 6.767451484922589, 5.7231802553930615, 6.701161377807855, 5.718732155244411, 5.683287847585102, 6.304417841861158, 5.98381056403752, 6.097463548147349, 5.698364557975663, 5.854200415894718, 5.811930716733979, 5.278891826326664, 5.992501058320125, 5.4806705458629486, 5.697374385255838, 5.291579770776594, 5.2489832136420835], "deepest_minima": [-2.514750634203665, -2.5854415901121683, -2.5969608386512846, -2.5969608386512846, -2.5969608386512846, -2.5969608386512846, -2.5969608386512846, -2.5969608386512846, -2.5969608386512846, -2.5969608386512846, -2.5969608386512846, -2.5969608386512846, -2.5969608386512846, -2.5969608386512846, -2.5969608386512846, -2.5969608386512846, -2.5969608386512846, -2.5969608386512846, -2.5969608386512846, -2.5969608386512846, -2.5969608386512846, -2.5969608386512846, -2.5969608386512846, -2.5969608386512846, -2.5969608386512846, -2.5969608386512846, -2.5969608386512846, -2.5969608386512846, -2.5969608386512846, -2.5969608386512846, -2.5969608386512846, -2.5969608386512846, -2.5969608386512846, -2.5969608386512846, -2.5969608386512846, -2.5969608386512846, -2.5969608386512846, -2.5969608386512846, -2.5969608386512846, -2.5969608386512846, -2.5969608386512846, -2.5969608386512846, -2.5969608386512846, -2.5969608386512846, -2.5969608386512846, -2.5969608386512846, -2.5969608386512846, -2.5969608386512846, -2.5969608386512846, -2.5969608386512846], "norm_en": -493124.6701872513}