{"acq_vals": [23.522002698448922, 23.348845024669092, 974.3519589564993, 697.4591784006625, 534.5219461313488, 491.4255075109895, 488.85133400522903, 455.5222439100611, 478.4219728648658, 442.8616751206458, 429.6148762533645, 440.2233965923862, 449.1906876638195, 421.1109146650401, 451.2970681932981, 425.28038859980376, 413.1418978565608, 422.3255538634458, 388.8138329047712, 402.1443134888102, 399.1684387090568, 397.79407821940583, 388.7543223408176, 434.00192722274477, 393.7667039042754, 372.2388258350889, 368.33729486608775, 363.0184561717157, 376.1284757874319, 378.8382488271406, 352.4462564277363, 362.1518072363429, 361.66476149481997, 352.58990309234815, 351.63544567022984, 333.72831403210165, 351.3264001440958, 343.0610838245516, 345.317742489649, 353.8199637927839, 339.62354521436845, 343.64467438807895, 332.77023138841275, 333.01955790423455, 322.1911167077048, 326.5503068597774, 379.5628104982189, 324.3161348380629, 337.68246160593515, 324.16955951564506], "deepest_minima": [-10.766027975245379, -10.766027975245379, -10.766027975245379, -10.766027975245379, -10.766027975245379, -10.766027975245379, -10.777172088506632, -10.777172088506632, -10.777172088506632, -10.777172088506632, -10.777172088506632, -10.777172088506632, -10.777172088506632, -10.777172088506632, -10.777172088506632, -10.777172088506632, -10.777172088506632, -10.777172088506632, -10.777172088506632, -10.777172088506632, -10.777172088506632, -10.777172088506632, -10.777172088506632, -10.777172088506632, -10.777172088506632, -10.777172088506632, -10.777172088506632, -10.777172088506632, -10.777172088506632, -10.777172088506632, -10.777172088506632, -10.777172088506632, -10.777172088506632, -10.777172088506632, -10.777172088506632, -10.777172088506632, -10.777172088506632, -10.777172088506632, -10.777172088506632, -10.777172088506632, -10.777172088506632, -10.777172088506632, -10.777172088506632, -10.777172088506632, -10.777172088506632, -10.777172088506632, -10.777172088506632, -10.777172088506632, -10.777172088506632, -10.777172088506632]}