{"acq_vals": [5.276479324237456, 6.098156261604638, 6.082409669419468, 2.207453319168331, 0.5614607881511491, 0.8183061555272952, 0.16905619638306474, 0.18388727693642978, 0.11459687571750976, 0.08443834219680468, 0.06787073745957173], "deepest_minima": [-0.017407021136023104, -0.017407021136023104, -0.017407021136023104, -0.017407021136023104, -0.017407021136023104, -0.017407021136023104, -0.017407021136023104, -0.017407021136023104, -0.017407021136023104, -0.017407021136023104, -0.017407021136023104], "norm_en": -715268.6969642891}