{"acq_vals": [1035.7130540475766, 897.9543064722831, 762.771722480566, 651.9880647583885, 593.6110817840708, 498.2353148490601, 478.1997270712651, 397.13888443670857, 351.00420201269475, 292.1779373617914, 280.83923211934706, 275.66911480779896, 278.85717434897305, 251.14188807119768, 236.89310845707467, 207.68232471421976, 187.14612558023128, 169.1303299911055, 169.82120948232517, 122.85344830522641, 179.2609608587574, 185.79979066196273, 121.78086403016948, 114.65720545757914, 106.38933593808905, 94.32570676036646, 95.44613737446267, 65.12183919128003, 37.80769341720846, 12.21249594635364, 52.08293373046461, 21.549793694847946, 17.962347979479354, 12.0884512542253, 13.85126709601452, 11.862668521047945, 9.607482711132192, 10.485546656926092, 12.267940219571825, 14.580842691175805, 9.296497321104415, 8.935098877223064, 6.658522338147453, 6.404892113755526, 6.398569513122822, 4.885792865313246, 6.363105492151054, 5.747834964999541, 4.964739038994878, 5.557231912137652], "deepest_minima": [-6.083574277057778, -6.083574277057778, -6.083574277057778, -6.083574277057778, -6.083574277057778, -6.083574277057778, -6.083574277057778, -6.1140175547334366, -6.1140175547334366, -6.1140175547334366, -6.1140175547334366, -6.1140175547334366, -6.1140175547334366, -6.1140175547334366, -6.1140175547334366, -6.775051431905013, -6.775051431905013, -6.775051431905013, -6.775051431905013, -6.775051431905013, -6.775051431905013, -6.775051431905013, -6.775051431905013, -6.775051431905013, -6.775051431905013, -6.775051431905013, -6.775051431905013, -6.775051431905013, -6.775051431905013, -6.775051431905013, -6.775051431905013, -6.775051431905013, -6.775051431905013, -6.850825547182467, -6.850825547182467, -6.850825547182467, -6.850825547182467, -6.850825547182467, -6.850825547182467, -6.850825547182467, -6.850825547182467, -6.850825547182467, -6.850825547182467, -6.850825547182467, -6.850825547182467, -6.850825547182467, -6.850825547182467, -6.850825547182467, -6.850825547182467, -6.850825547182467], "norm_en": -499298.5107466433}