{"acq_vals": [3.9371864041297853, 2.951337288717831, 0.1488793155742827, 0.13978081766682432, 0.0706386192090811, 0.08159988268453588, 0.08694416004815153], "deepest_minima": [-0.03453446680214256, -0.03453446680214256, -0.03453446680214256, -0.03453446680214256, -0.03453446680214256, -0.03453446680214256, -0.03453446680214256], "norm_en": -715268.6969642891}