{"acq_vals": [120.14091743079352, 62.11024030356504, 81.78045718982845, 81.58314413893063, 326.2172092052353, 261.6546271641346, 651.563156016894, 554.793777460746, 453.0866057271752, 470.1267234034677, 280.981142840016, 399.4226382318793, 379.5368315292565, 342.5936888395008, 312.85395066514656, 150.39020985031834, 258.9347916576882, 279.26484180194535, 363.54024652243015, 297.70879592541627, 260.1135471166304, 141.8192513116913, 158.8517135738992, 312.1588434417786, 300.29158126212286, 103.61700691397971, 187.99089707757634, 157.40194260420927, 105.1005316980519, 211.2090344415938, 214.00465251268403, 85.67274997702584, 176.15353811544557, 123.74368915107243, 93.00875296656399, 154.82495692576643, 138.87121603227993, 179.0164493848369, 93.02043943120115, 149.8350135103232, 159.07056456164918, 181.779221701665, 74.61889686948612, 125.36112059947386, 100.76037300601051, 112.68209627604037, 104.12746645355652, 106.1026571952029, 150.88716449569006, 50.35235315174995], "deepest_minima": [-1.273203092161566, -1.6357373032951728, -5.820692316745408, -5.820692316745408, -6.2598456079140306, -6.2598456079140306, -6.2598456079140306, -6.2598456079140306, -6.2598456079140306, -6.2598456079140306, -6.2598456079140306, -6.2598456079140306, -8.511692319530994, -8.511692319530994, -8.511692319530994, -8.511692319530994, -8.511692319530994, -8.511692319530994, -8.511692319530994, -8.511692319530994, -8.511692319530994, -8.580022851470858, -8.580022851470858, -8.580022851470858, -8.580022851470858, -8.580022851470858, -8.580022851470858, -8.580022851470858, -8.62129514978733, -8.62129514978733, -8.62129514978733, -8.62129514978733, -8.62129514978733, -8.62129514978733, -8.62129514978733, -8.62129514978733, -8.62129514978733, -8.62129514978733, -8.62129514978733, -8.62129514978733, -8.62129514978733, -8.62129514978733, -8.62129514978733, -8.62129514978733, -8.62129514978733, -8.62129514978733, -8.62129514978733, -8.62129514978733, -8.62129514978733, -8.62129514978733], "norm_en": -717119.659190258}