{"acq_vals": [40.19571020474664, 44.82220264303249, 36.09851450391323, 46.07802698729395, 80.00995558781446, 104.21894369870334, 95.84561038343827, 419.4746090398807, 392.04535970081093, 420.20290091200593, 330.8867505297923, 378.7435537543735, 377.92343283462077, 358.62492107374294, 330.597600319074, 325.6155544727363, 282.87842036521107, 281.6468114623303, 294.6983697444057, 282.6938688943316, 275.72464763294937, 271.2589312875485, 262.17277908325417, 245.97124000227097, 257.35612906073055, 253.8355510811846, 263.56621614172496, 241.61813641296206, 237.62135817329943, 242.75524451295564, 261.8851227610957, 239.4395500163068, 233.6321259442015, 231.96933523116502, 224.43704186753644, 233.1420592017248, 227.89717463504857, 223.38184368704083, 220.2112583436853, 221.5566657594498, 221.1873653973763, 267.4548293991856, 235.5576756422594, 234.00244768079105], "deepest_minima": [-7.731121264747344, -7.731121264747344, -8.461531987064518, -8.461531987064518, -8.461531987064518, -8.461531987064518, -8.461531987064518, -8.461531987064518, -8.461531987064518, -8.461531987064518, -8.461531987064518, -8.461531987064518, -8.461531987064518, -8.461531987064518, -8.461531987064518, -8.461531987064518, -8.461531987064518, -8.461531987064518, -8.461531987064518, -8.461531987064518, -8.661995598115027, -8.661995598115027, -8.661995598115027, -8.661995598115027, -8.661995598115027, -8.661995598115027, -8.661995598115027, -8.661995598115027, -8.661995598115027, -8.661995598115027, -8.661995598115027, -8.661995598115027, -8.661995598115027, -8.661995598115027, -8.661995598115027, -8.661995598115027, -8.661995598115027, -8.661995598115027, -8.684768491773866, -8.684768491773866, -8.684768491773866, -8.684768491773866, -8.684768491773866, -8.684768491773866]}