{"acq_vals": [63.21271893863721, 54.28862455375085, 57.262243321378484, 117.45873862667561, 121.52288073703201, 100.2546606915477, 85.32657133297668, 96.43610815995483, 81.50292145662267, 80.55795401672692, 78.03519785638419, 78.0900447101806, 85.76426088105988, 78.15780560240519, 72.00311306544413, 69.37168550621357, 73.21813443080129, 78.17981853282122, 62.79751661451736, 60.60215181425083, 61.2445037701135, 34.758200120089995, 41.40194943580474, 26.608378532416847, 22.227549708443128, 30.116033557456806, 26.7686372207951, 26.89986615714403, 28.607079009509974, 25.868011274871265, 259.2239049024851, 147.80328002726125, 130.30111477210838, 119.10332575542134, 119.91261586004077, 131.46258588182675, 120.24405510538298, 116.67231704914239, 132.34900275242882, 111.04324941951775, 106.28850259722736, 100.76452868702007, 116.53635790545094, 103.25387431779546, 108.53210739361916, 93.45413342403718, 91.31775771917387, 84.69866471946506, 86.45646280415075, 85.88679502790767], "deepest_minima": [1.9550320911221206, 1.9550320911221206, 1.9550320911221206, 1.2352739138295874, 0.08981823601061478, 0.08981823601061478, 0.08981823601061478, 0.08981823601061478, 0.08981823601061478, 0.08981823601061478, 0.08981823601061478, 0.08981823601061478, 0.08981823601061478, 0.08981823601061478, 0.08981823601061478, 0.08981823601061478, 0.08981823601061478, 0.08981823601061478, 0.08981823601061478, 0.08981823601061478, 0.08981823601061478, 0.08981823601061478, -1.6764529648353346, -1.6764529648353346, -5.545754840131849, -5.545754840131849, -5.545754840131849, -5.545754840131849, -5.545754840131849, -5.545754840131849, -5.545754840131849, -5.545754840131849, -5.545754840131849, -5.545754840131849, -5.545754840131849, -5.545754840131849, -5.545754840131849, -5.545754840131849, -5.545754840131849, -5.545754840131849, -5.545754840131849, -5.545754840131849, -5.545754840131849, -5.545754840131849, -5.545754840131849, -5.545754840131849, -5.545754840131849, -5.545754840131849, -5.545754840131849, -5.545754840131849]}