{"acq_vals": [594.1738372513825, 605.8497451211244, 530.7585246897636, 434.69145649788476, 493.5918656692521, 417.007458501286, 477.067483357236, 438.9871723008553, 388.2490617646435, 337.21643871646563, 392.12271512342056, 376.0691351673044, 397.1238854189964, 358.4062346121497, 321.17802918964793, 285.6903449415295, 312.02168931401593, 325.13394027075213, 361.84006676016844, 307.75734236373745, 284.0560937377947, 284.02729587577085, 325.4175832049726, 279.88285079403886, 307.1398679535815, 308.96158715305376, 292.63089064386565, 243.87467813413528, 274.93228454738625, 241.16963524398392, 266.3357616929114, 322.14576674820756, 340.3887926574686, 250.0078333563847, 237.24555745222946, 291.4267828953431, 249.55014041067082, 212.07223147142898, 222.94050076853213, 243.8149545554135, 275.32051246276893, 193.95327617106804, 222.6702199843117, 237.49884696429683, 197.8043943038523, 222.2888867797712, 223.1406583906374, 262.04914462974955, 186.46026751279712, 231.86221317132365], "deepest_minima": [-0.5177778662182391, -0.5177778662182391, -0.5177778662182391, -0.5177778662182391, -0.5177778662182391, -0.5177778662182391, -0.5177778662182391, -0.5177778662182391, -0.5177778662182391, -0.5177778662182391, -0.5177778662182391, -0.5177778662182391, -0.5177778662182391, -0.5177778662182391, -0.5177778662182391, -0.5177778662182391, -0.5177778662182391, -0.5177778662182391, -0.5177778662182391, -0.5177778662182391, -0.5177778662182391, -0.5177778662182391, -0.5177778662182391, -1.0869514930527657, -1.0869514930527657, -1.0869514930527657, -1.0869514930527657, -1.0869514930527657, -1.0869514930527657, -1.3829279271885753, -1.3829279271885753, -1.3829279271885753, -1.3829279271885753, -1.3829279271885753, -1.3829279271885753, -1.3829279271885753, -1.3829279271885753, -1.3829279271885753, -1.3829279271885753, -1.3829279271885753, -1.3829279271885753, -1.3829279271885753, -1.3829279271885753, -1.3829279271885753, -1.3829279271885753, -1.3829279271885753, -1.3829279271885753, -1.3829279271885753, -1.3829279271885753, -1.3829279271885753], "norm_en": -335430.48746516433}