{"acq_vals": [105.34815600517831, 142.8860260575665, 99.34655006563025, 97.36248496133742, 78.04090319515657, 224.2992360484265, 192.2736086441119, 151.4054066959675, 133.50478619983406, 121.8295977306831, 139.98171980861568, 134.0789544866801, 112.5995133195525, 116.88834519870106, 98.44381780621642, 89.03019548657073, 93.48860986280995, 84.83027353962873, 88.41038497074226, 88.15592168238238, 73.46440995875417, 80.09555242383767, 86.17533687211628, 88.55121454756662, 70.21500027250744, 69.56636627110043, 64.04486499433546, 71.82233961178231, 68.45049965738855, 63.09032974837481, 55.481425022069935, 61.82128005874246, 57.0703960742706, 60.0070297033744, 70.39444103817256, 59.70365181103275, 63.20599557498021, 56.045356767434036, 56.30671158111384, 45.35097866846479, 53.136951091349395, 41.14340809335075, 54.77215677054254, 37.838132948473344, 40.75251363013899, 44.409052306365766, 36.755377104119304, 37.909701895504604, 163.76949670320607, 93.37174126451576], "deepest_minima": [-0.4623396770330146, -0.7250562221743166, -1.9689101772382855, -1.9689101772382855, -1.9689101772382855, -1.9689101772382855, -1.9689101772382855, -1.9689101772382855, -1.9689101772382855, -1.9689101772382855, -1.9689101772382855, -1.9689101772382855, -1.9689101772382855, -1.9689101772382855, -1.9689101772382855, -1.9689101772382855, -1.9689101772382855, -1.9689101772382855, -1.9689101772382855, -1.9689101772382855, -1.9689101772382855, -1.9689101772382855, -1.9689101772382855, -2.075131941353902, -2.075131941353902, -2.075131941353902, -2.075131941353902, -2.075131941353902, -2.075131941353902, -2.075131941353902, -2.075131941353902, -2.075131941353902, -2.075131941353902, -2.075131941353902, -2.075131941353902, -2.075131941353902, -2.075131941353902, -2.075131941353902, -2.075131941353902, -2.075131941353902, -2.075131941353902, -2.075131941353902, -2.075131941353902, -2.075131941353902, -2.075131941353902, -2.075131941353902, -2.075131941353902, -2.075131941353902, -2.1107427143724635, -2.1107427143724635], "norm_en": -577108.3228092517}