{"acq_vals": [55.38218886086347, 558.89297486977, 481.4675242895224, 449.7437613053171, 447.67663444349967, 435.74379225984126, 426.19146068308015, 422.80317609296844, 418.65063287216407, 413.38156430334885, 416.02481876216996, 404.35496087814283, 405.7898247832456, 386.7483346777958, 396.5145581770797, 379.9012846460802, 381.2305455050323, 379.1854964502164, 385.3257158548236, 360.9562181972443, 369.5045919837961, 365.161537419481, 374.4178622357069, 363.7644049226342, 347.28857412823714, 359.45017333849677, 358.19355242326753, 348.6987266027838, 351.83189545793454, 339.97923963538574, 336.37976125212776, 342.8977101594385, 538.5069021437492, 474.8809872807088, 412.8305772247986, 736.1029128319084, 668.0278431842127, 594.5208204331833, 556.5292015892912, 575.1680130588575, 505.8031408492821, 548.6906142866377, 434.0664452417136, 454.9591077196942, 437.7066455500857, 496.2072082708645, 427.07887425369825, 401.6927782124824, 427.80107486876204, 452.8568649381368], "deepest_minima": [-0.9104900038219057, -0.9104900038219057, -0.9104900038219057, -0.9104900038219057, -0.9104900038219057, -0.9104900038219057, -0.9104900038219057, -0.9104900038219057, -0.9104900038219057, -0.9104900038219057, -0.9104900038219057, -0.9104900038219057, -0.9496170423808508, -0.9496170423808508, -0.9496170423808508, -0.9496170423808508, -0.9496170423808508, -0.9496170423808508, -0.9496170423808508, -0.9496170423808508, -0.9496170423808508, -0.9496170423808508, -0.9496170423808508, -0.9496170423808508, -0.9496170423808508, -0.9496170423808508, -0.9496170423808508, -0.9496170423808508, -0.9496170423808508, -0.9496170423808508, -0.9496170423808508, -0.9496170423808508, -0.9496170423808508, -0.9496170423808508, -0.9496170423808508, -0.9496170423808508, -0.9496170423808508, -0.9496170423808508, -0.9496170423808508, -0.9496170423808508, -0.9496170423808508, -0.9496170423808508, -0.9496170423808508, -0.9496170423808508, -0.9496170423808508, -0.9496170423808508, -0.9496170423808508, -1.1649503113585524, -1.1649503113585524, -1.1649503113585524], "norm_en": -335430.48746516433}