{"acq_vals": [94.90851069552706, 59.89699435955955, 49.91347170957839, 33.52163369709373, 22.206347481957593, 28.19552908342069, 21.25440488396912, 32.96576173468697, 32.54576587226398, 26.683449513496655, 35.371724479407774, 127.36198051730189, 151.6552238966725, 80.22906944264909, 56.07122939307357, 56.094989534406, 98.60575774233038, 46.941151352614725, 90.8452883433316, 68.53386318269635, 53.868894000448606, 46.497396769005036, 73.21871004667935, 53.949822360394755, 49.958727843426225, 45.86865213608704, 50.618848544648905, 21.080176820169097, 54.06541729738935, 58.120201423326805, 23.843849994000713, 21.525253005968292, 44.95806873686126, 23.193387660867135, 15.001317791307704, 40.478763006508515, 41.334885029202006, 24.54953438424599, 43.804593302981125, 31.377259165586153, 35.775989465728685, 42.57758419334796, 38.706809602201396, 33.147337483649416, 49.37121135418207, 33.368540983745014, 23.59446177055794, 30.40397452191727, 25.45123577097525, 16.3729914859886], "deepest_minima": [-0.9671416545752436, -0.9671416545752436, -0.9671416545752436, -1.1567048494471237, -1.1567048494471237, -1.1567048494471237, -1.1567048494471237, -1.1567048494471237, -1.1567048494471237, -1.1567048494471237, -1.1567048494471237, -1.1567048494471237, -1.2903564149746671, -1.2903564149746671, -1.2903564149746671, -1.2903564149746671, -1.2903564149746671, -1.2903564149746671, -1.2903564149746671, -1.2903564149746671, -1.2903564149746671, -1.2903564149746671, -2.1293500915635377, -2.1293500915635377, -2.1700517152203247, -2.1700517152203247, -2.1700517152203247, -2.1700517152203247, -2.1700517152203247, -2.1700517152203247, -2.1700517152203247, -2.1700517152203247, -2.1700517152203247, -2.1700517152203247, -2.1700517152203247, -2.1700517152203247, -2.1700517152203247, -2.1700517152203247, -2.1700517152203247, -2.1700517152203247, -2.1700517152203247, -2.1700517152203247, -2.1700517152203247, -2.1700517152203247, -2.1700517152203247, -2.2321640318259597, -2.2321640318259597, -2.2321640318259597, -2.2321640318259597, -2.2321640318259597], "norm_en": -577108.3228092517}