{"acq_vals": [9.32687220793667, 10.875244618169482, 8.985112752592949, 7.6001524285202295, 30.104842324385718, 14.690427314063047, 15.613905051522218, 9.029672095501535, 10.645353636432342, 5.93613116967645, 4.846262992407577, 1.9889138446325922, 2.1309131199342337, 1.574114584388344, 1.2977879129808074, 4.344486287328098, 2.878955978965354, 2.940522526731136, 8.27455911504288, 2.7036077020107796, 6.252557256899774, 4.486132944092146, 4.038479511626868, 3.674159850368689, 2.224110261004118, 2.7037217585315654, 1.844427614285071, 1.716528015906277, 1.8124176527114324, 1.4531627450103486, 9.568903998775577, 4.183012505714286, 3.6599589262386547, 3.41274636090396, 2.5892724678916967, 2.103128926663132, 5.543402085734745, 2.529662981982073, 2.303052744800297, 2.536467317399819, 10.532310378318279, 10.245175016711453, 4.691161878222216, 5.01994712663995, 3.2907205005449924, 2.448195958922458, 5.815153759146079, 2.417769509593095, 1.7942109561335176, 1.194678392848283], "deepest_minima": [-8.139728374721017, -8.139728374721017, -8.139728374721017, -8.139728374721017, -8.139728374721017, -8.139728374721017, -8.139728374721017, -8.139728374721017, -8.139728374721017, -8.139728374721017, -8.139728374721017, -8.139728374721017, -8.142203348048497, -8.161625707522035, -8.161625707522035, -8.161625707522035, -8.161625707522035, -8.161625707522035, -8.161625707522035, -8.161625707522035, -8.161625707522035, -8.161625707522035, -8.161625707522035, -8.161625707522035, -8.161625707522035, -8.161625707522035, -8.161625707522035, -8.161625707522035, -8.161625707522035, -8.161625707522035, -8.161625707522035, -8.161625707522035, -8.161625707522035, -8.161625707522035, -8.161625707522035, -8.161625707522035, -8.161625707522035, -8.161625707522035, -8.161625707522035, -8.161625707522035, -8.161625707522035, -8.161625707522035, -8.161625707522035, -8.161625707522035, -8.161625707522035, -8.161625707522035, -8.161625707522035, -8.161625707522035, -8.161625707522035, -8.161625707522035], "norm_en": -341603.9614621028}