{"acq_vals": [641.6632472090688, 534.3698580483295, 524.8619735137225, 392.5364230207243, 482.2365274890748, 247.19165586849618, 297.12153888467293, 253.26680976896793, 257.3740131112397, 197.12856005620833, 270.1795732177033, 191.4538976493134, 235.97808249471512, 225.95308423402795, 195.68048186610213, 182.8477317998895, 192.86845678463536, 209.88333858684885, 203.39138217798535, 181.3761309378453, 263.7462080427676, 136.04067405446116, 123.67270290070583, 225.48949524214, 138.02711544782724, 180.91608973954715, 178.1252930581847, 154.95393255346198, 132.22970521066264, 182.7339872558695, 232.20854474544402, 215.4342665333017, 139.58643365691393, 180.32995853705032, 182.1926110265613, 177.16676528071065, 121.9472891712421, 171.5240199619187, 112.19353588792063, 106.79127367139901, 167.98798429530262, 185.27711382656608, 141.2943581410112, 53.21990531696268, 76.31324341606773, 74.42548278945205, 55.355600980638265, 81.1183189531561, 55.94426646543602, 81.18393146122403], "deepest_minima": [0.10152314009610564, 0.10152314009610564, -0.6192025099298917, -0.6474469648092054, -0.6474469648092054, -0.6474469648092054, -0.6474469648092054, -0.6474469648092054, -0.6474469648092054, -1.1028839466162026, -1.1028839466162026, -1.1028839466162026, -1.1028839466162026, -1.1028839466162026, -1.1028839466162026, -1.1028839466162026, -1.1028839466162026, -1.1028839466162026, -1.1028839466162026, -1.1028839466162026, -1.1028839466162026, -1.1028839466162026, -1.1028839466162026, -1.1028839466162026, -1.1028839466162026, -1.1028839466162026, -1.1028839466162026, -1.1028839466162026, -1.1028839466162026, -1.1028839466162026, -1.1028839466162026, -1.1028839466162026, -1.1735447727842256, -1.1735447727842256, -1.1735447727842256, -1.1735447727842256, -1.1735447727842256, -1.1735447727842256, -1.1735447727842256, -1.4441692041582428, -1.4441692041582428, -1.4441692041582428, -1.4441692041582428, -1.4441692041582428, -1.4441692041582428, -1.4441692041582428, -1.4441692041582428, -1.4441692041582428, -1.4441692041582428, -1.4441692041582428], "norm_en": -335430.48746516433}