{"acq_vals": [780.5607133652314, 739.5732595378732, 682.089167552172, 665.7466756156049, 644.2436812789657, 638.7105231320079, 596.9554700391609, 605.2640218814785, 5038.68878600773, 4044.3298805869385, 3610.344913715766, 3669.1309338322767, 3147.8939780744677, 3015.556289596355, 2990.083470003889, 3122.7629806651803, 2897.5490072712323, 2896.2759427243604, 2954.196638216484, 3206.9831138455365, 2844.5060692151183, 2906.182409529992, 2944.9580510980063, 2748.333300242773, 2754.6862096503387, 2896.2850597144075, 2687.6132406776364, 2827.8011396326474, 2760.660810961582, 2705.227528642726, 3034.62013020929, 2659.193775348494, 2692.116921948248, 2659.3287062614227, 2696.3853827536363, 2798.6912665416944, 2886.562229472377, 2532.275890514663, 2749.455546168432, 2538.045749593259, 2487.116960286195, 2484.381806227727, 2584.072423215579, 2428.8685978386943, 2708.8433873343747, 2449.084725079167, 2382.169049079067, 2300.4551520388695, 2474.261183915998, 2321.950959571711], "deepest_minima": [-0.90910156047903, -0.90910156047903, -0.90910156047903, -0.90910156047903, -0.90910156047903, -0.90910156047903, -0.90910156047903, -0.90910156047903, -0.90910156047903, -0.90910156047903, -0.90910156047903, -0.90910156047903, -0.90910156047903, -0.90910156047903, -0.90910156047903, -0.90910156047903, -0.90910156047903, -0.90910156047903, -0.90910156047903, -0.90910156047903, -0.90910156047903, -0.90910156047903, -0.90910156047903, -0.90910156047903, -0.90910156047903, -0.90910156047903, -0.90910156047903, -0.90910156047903, -0.90910156047903, -0.90910156047903, -0.90910156047903, -1.1437276767101139, -1.1437276767101139, -1.1437276767101139, -1.1437276767101139, -1.1437276767101139, -1.1437276767101139, -1.1437276767101139, -1.1437276767101139, -1.1437276767101139, -1.1437276767101139, -1.1437276767101139, -1.1437276767101139, -1.1437276767101139, -1.5355720785446465, -2.7491103946231306, -2.7491103946231306, -2.7491103946231306, -2.7491103946231306, -2.7491103946231306], "norm_en": -1056417.0631725974}