{"acq_vals": [165.84750685892814, 140.5288273984397, 71.90773538693621, 90.20921755482378, 60.05232494839606, 87.29130490958264, 99.28115911667541, 89.65514584449555, 40.44733239702178, 56.567239199537674, 70.27174127783498, 70.11929050760615, 68.63561572658924, 37.81733004635256, 47.661096961070086, 28.738678864398643, 48.0778845280262, 49.56911540369222, 23.5027591483729, 23.5227341479743, 28.927418340894686, 38.0757871478476, 33.1334379814666, 22.718604164705596, 6.488738021479363, 27.132537486623704, 16.74342968009313, 38.69152856780961, 24.214239936215584, 19.37552622686203, 58.88858086382462, 41.58395482711522, 38.08377162893756, 30.90880421881282, 35.43983710610923, 46.551734383027366, 28.75679832967844, 39.4309100422381, 14.415513224548345, 12.423503453192296, 42.97101380449029, 50.63724126263913, 25.069720573035024, 19.77314523442811, 13.814247761623283, 19.185259045060842, 42.86939867341397, 33.85004501003579, 42.97918317722252, 34.74772643267734], "deepest_minima": [0.02379605098394677, 0.02379605098394677, 0.02379605098394677, 0.02379605098394677, 0.02379605098394677, 0.02379605098394677, 0.02379605098394677, 0.02379605098394677, 0.02379605098394677, 0.02379605098394677, 0.02379605098394677, 0.02379605098394677, 0.02379605098394677, 0.02379605098394677, 0.02379605098394677, 0.02379605098394677, -1.726590769190807, -1.726590769190807, -1.726590769190807, -1.7836657176958397, -1.7836657176958397, -1.7836657176958397, -1.7836657176958397, -1.7836657176958397, -1.8627582768676803, -1.8627582768676803, -1.8627582768676803, -1.8627582768676803, -1.8627582768676803, -1.8627582768676803, -1.8627582768676803, -1.8627582768676803, -1.8627582768676803, -1.8627582768676803, -1.8627582768676803, -1.8627582768676803, -1.8627582768676803, -1.8627582768676803, -1.8627582768676803, -1.8627582768676803, -1.8627582768676803, -1.8627582768676803, -1.8627582768676803, -1.8627582768676803, -1.8627582768676803, -1.8627582768676803, -1.8627582768676803, -1.8627582768676803, -1.8627582768676803, -1.8627582768676803]}