{"acq_vals": [580.4181897520972, 580.1225799947701, 496.8884583358091, 469.2816698504492, 447.618243390393, 407.18001737128395, 403.16014218693846, 388.1685806384378, 364.622985424484, 423.79931043790566, 305.22047507437185, 326.20209563493955, 403.33066565101393, 290.5662745431907, 328.32012802558114, 398.0412534864664, 338.2492138877281, 402.1880751709811, 267.80573123798075, 380.20813424763077, 335.8114770209879, 272.3420150622937, 302.80266520302513, 310.1190857239207, 264.6349483027749, 307.6620628877435, 334.89186535652726, 205.82363213930742, 255.68569425241523, 310.4265576033451, 317.90724178547214, 256.74790935472157, 284.22473309906235, 237.435585676364, 234.29760512143935, 272.4621362472628, 243.08106092423498, 66.99793403423257, 97.09661461871033, 99.8590359326018, 73.84983047284963, 55.42715734142361, 82.9597772780226, 82.5216488907902, 73.94648562002375, 52.48156577121971, 50.12745816633452, 68.47971397783833, 26.117978273814348, 69.64605173792084], "deepest_minima": [-1.2337725579272956, -1.2337725579272956, -1.2337725579272956, -1.2337725579272956, -1.4171466149855405, -1.4171466149855405, -1.4171466149855405, -1.8503472169395536, -1.8503472169395536, -1.8503472169395536, -1.8503472169395536, -1.8503472169395536, -1.8503472169395536, -1.8503472169395536, -1.8503472169395536, -1.8503472169395536, -1.8503472169395536, -1.8503472169395536, -1.8503472169395536, -1.8503472169395536, -1.8503472169395536, -1.8503472169395536, -1.8503472169395536, -1.8503472169395536, -1.8503472169395536, -1.8503472169395536, -1.8503472169395536, -2.1860667390283197, -2.1860667390283197, -2.1860667390283197, -2.1860667390283197, -2.1860667390283197, -2.1860667390283197, -2.1860667390283197, -2.1860667390283197, -2.1860667390283197, -2.1860667390283197, -2.1860667390283197, -2.1860667390283197, -2.1860667390283197, -2.1860667390283197, -2.1860667390283197, -2.1860667390283197, -2.1860667390283197, -2.1860667390283197, -2.1860667390283197, -2.1860667390283197, -2.1860667390283197, -3.099201507633552, -3.099201507633552], "norm_en": -1056417.0631725974}