{"acq_vals": [96.96795183364286, 139.66379995386816, 72.81479717302743, 116.19589522553629, 71.0239626129031, 66.73309881393398, 56.66206187488333, 48.08764127258725, 54.83241543587727, 27.621256470455716, 49.10587226000464, 54.57025467789962, 55.780702719204335, 36.32688973711949, 48.69246591286461, 39.674365896624096, 20.780971922521218, 37.415442120783844, 25.18049716585951, 29.93325905475617, 39.407840665704576, 20.17761302982194, 19.770908766659282, 25.811773970361507, 35.822140940784266, 12.379467260705475, 43.32308998329489, 19.77653754466065, 43.15905432276338, 27.351610445956137, 30.358579471611698, 23.51668985447968, 20.188588280115095, 22.118062408173408, 24.187067048164977, 23.994807329970413, 19.435747094865064, 21.137458750692925, 7.918966424394376, 21.925889789090355, 9.979179871476745, 12.728565315795983, 11.423624261143168, 15.200603558183758, 18.976412988978193, 34.479829320951424, 23.758051061423288, 20.306831721936963, 12.44363821023753, 22.307131674910476], "deepest_minima": [-0.7693174480227754, -0.7693174480227754, -0.7693174480227754, -0.7693174480227754, -0.7693174480227754, -0.7693174480227754, -0.7693174480227754, -0.7693174480227754, -0.8432651743059978, -0.8432651743059978, -2.086857463582419, -2.086857463582419, -2.086857463582419, -2.086857463582419, -2.086857463582419, -2.086857463582419, -2.1752409662585706, -2.1752409662585706, -2.1752409662585706, -2.1752409662585706, -2.1752409662585706, -2.1752409662585706, -2.1752409662585706, -2.1752409662585706, -2.1752409662585706, -2.1752409662585706, -2.1752409662585706, -2.1752409662585706, -2.1752409662585706, -2.1752409662585706, -2.1752409662585706, -2.1752409662585706, -2.1752409662585706, -2.1752409662585706, -2.1752409662585706, -2.1752409662585706, -2.1752409662585706, -2.1752409662585706, -2.1752409662585706, -2.1752409662585706, -2.1752409662585706, -2.1752409662585706, -2.1752409662585706, -2.1752409662585706, -2.1752409662585706, -2.1752409662585706, -2.1752409662585706, -2.1752409662585706, -2.1752409662585706, -2.1752409662585706], "norm_en": -577108.3228092517}