{"acq_vals": [9.739021481718176, 6.219155926673696, 5.585694601712865, 14.13710808909308, 10.326188842456192, 9.722066352838706, 6.524778212062009, 8.358366363692605, 6.8403370310183185, 4.164488560348267, 4.064568140942632, 3.4602314387311703, 7.381355098748709, 3.2690893774402814, 4.8232801242302195, 8.236463280355391, 8.490962965843844, 7.65708116589417, 8.088388016385121, 4.293191227834943, 5.229775463118083, 6.854385520795153, 6.446036220996548, 7.244454861832221, 116.50166216540232, 40.30983216445302, 46.280400406188775, 31.604999653015703, 26.39772514911111, 17.965228602702165, 18.756023887732866, 10.975905292867417, 12.3236828212485, 11.050978927021209, 11.549661030184204, 8.672198307422727, 7.361252642838206, 5.984142269231742, 6.4489381870954166, 4.901403853037135, 3.4144524888267576, 3.6615614464044337, 3.8118823061404106, 4.853184627250949, 3.071569187345784, 2.407657618563928, 2.1952835849996672, 2.345969339641294, 2.9750908410395422, 1.682912237062462], "deepest_minima": [-5.575785267923493, -5.575785267923493, -5.575785267923493, -5.575785267923493, -5.575785267923493, -5.575785267923493, -5.575785267923493, -5.575785267923493, -5.575785267923493, -5.575785267923493, -5.575785267923493, -5.59298340883106, -5.59298340883106, -5.59298340883106, -7.44269358436577, -7.44269358436577, -7.44269358436577, -7.44269358436577, -7.470935130841099, -7.470935130841099, -7.470935130841099, -7.470935130841099, -7.470935130841099, -7.470935130841099, -7.470935130841099, -7.470935130841099, -7.470935130841099, -7.470935130841099, -7.470935130841099, -7.470935130841099, -7.470935130841099, -7.470935130841099, -7.470935130841099, -7.470935130841099, -7.470935130841099, -7.473796235164627, -7.473796235164627, -7.473796235164627, -7.473796235164627, -7.473796235164627, -7.473796235164627, -7.473796235164627, -7.473796235164627, -7.473796235164627, -7.473796235164627, -7.473796235164627, -7.473796235164627, -7.473796235164627, -7.480735518562142, -7.480735518562142], "norm_en": -307917.97903379245}