{"acq_vals": [9855.926133954039, 11556.759528384231, 8637.735613405375, 9542.871205230304, 4542.617788392965, 5704.3392321084275, 849.3948729592215, 701.0421354644719, 2747.08419658333, 1844.6118141744748, 3419.0282437886085, 749.6344261955536, 2296.6955509835193, 1366.3309023972731, 504.1282066179975, 2493.043209890858, 581.2570129988724, 997.4915484111277, 454.8087652418647, 797.5500888976862, 101.893780334173, 193.61225317061349, 233.64813422346978, 332.4781274913889, 233.19944856635053, 46.87914415637764, 190.0751642584009, 396.66650176813744, 211.0524771835138, 168.06271612048187, 363.8149089348913, 82.35250161841182, 200.90766563060458, 87.46476842916277, 157.12295129257575, 49.04474571481883, 90.02751029248758, 73.22574645424265, 22.847818540680464, 75.8275785704101, 18.500765714204498, 219.49923448320385, 247.60372101895663, 286.44201766454376, 37.20529076592177, 74.74585409603097, 37.21888774654621, 37.22133353768917, 26.041661227169012, 8.054678290345793], "deepest_minima": [0.8662040918134153, -0.04982759687118232, -0.04982759687118232, -0.04982759687118232, -0.04982759687118232, -0.04982759687118232, -0.04982759687118232, -0.061512031592428684, -0.10075475537450984, -7.422984934353735, -7.448253948998172, -7.448253948998172, -7.448253948998172, -7.448253948998172, -7.448253948998172, -7.448253948998172, -7.448253948998172, -7.448253948998172, -7.448253948998172, -7.448253948998172, -7.448253948998172, -7.448253948998172, -7.448253948998172, -7.448253948998172, -7.448253948998172, -7.448253948998172, -7.448253948998172, -7.4529159615631215, -7.4529159615631215, -7.4529159615631215, -7.4529159615631215, -7.4529159615631215, -7.4529159615631215, -7.4529159615631215, -7.4529159615631215, -7.4529159615631215, -7.4529159615631215, -7.4529159615631215, -7.4529159615631215, -7.4529159615631215, -7.4580207511316985, -7.4580207511316985, -7.4580207511316985, -7.4580207511316985, -7.4580207511316985, -7.4580207511316985, -7.4580207511316985, -7.4580207511316985, -7.4580207511316985, -7.4580207511316985], "norm_en": -307917.97903379245}