{"acq_vals": [626.9910777948708, 573.4909582944471, 584.4277521197517, 528.2122905216311, 525.2612704436901, 507.6058509780279, 494.9234430996193, 486.98151160351506, 468.88945281624103, 466.59382923678646, 456.6984457754777, 446.14609195397077, 440.134280089573, 428.921424264285, 427.4136488525075, 416.12631460974006, 412.77997146994875, 414.1194915871611, 405.31652353476375, 407.57140705260156, 405.9910518377885, 397.75679319995436, 395.57811550310913, 394.49363071087737, 395.77537551720735, 395.5325313475169, 391.6142422368818, 382.41689237747244, 383.91825985655845, 383.2027941879694, 381.2574268831265, 375.89346912439555, 375.94697310541306, 380.9258851750252, 374.1457565365151, 367.6156868204827, 367.84667017922726, 364.35434348307604, 360.1432676660709, 359.6447462430609, 358.07179193340306, 353.9515449523277, 355.37993823973096, 352.9157309959369, 358.38558760173134, 348.79674596115944, 352.8250412679827, 350.26031312553346, 348.8587794760248, 343.8591252005675], "deepest_minima": [-0.9403509049443528, -2.0632577087963, -2.0632577087963, -2.0632577087963, -2.0632577087963, -2.0632577087963, -2.0632577087963, -2.0632577087963, -2.0632577087963, -2.0632577087963, -2.0632577087963, -2.0632577087963, -2.0632577087963, -2.0632577087963, -2.0632577087963, -2.0632577087963, -2.0632577087963, -2.0632577087963, -2.0632577087963, -2.0632577087963, -2.0632577087963, -2.0632577087963, -2.0632577087963, -2.0632577087963, -2.0632577087963, -2.0632577087963, -2.0632577087963, -2.0632577087963, -2.0632577087963, -2.0632577087963, -2.0632577087963, -2.0632577087963, -2.0632577087963, -2.0632577087963, -2.0632577087963, -2.0632577087963, -2.0632577087963, -2.0632577087963, -2.0632577087963, -2.0632577087963, -2.0632577087963, -2.0632577087963, -2.0632577087963, -2.0632577087963, -2.0632577087963, -2.0632577087963, -2.0632577087963, -2.0632577087963, -2.0632577087963, -2.0632577087963], "norm_en": -577108.3228092517}