{"acq_vals": [4.394014217012052, 5.092834500365807, 8.407394292350595, 12.386981478018049, 107.7680869612724, 80.35695376296263, 55.85553687898649, 50.271671938750515, 42.491242380356226, 36.69288275660994, 31.50208145566387, 36.041537721367916, 20.921411516428705, 21.126663975119616, 19.45734187520062, 12.719216504380377, 12.703181219250014, 11.55406019234202, 7.280223562106617, 6.4966532888130555, 5.656694572287042, 4.464199352523171, 5.392216972542055, 4.505811611523051, 2.479281114011689, 5.841409116668242, 3.2811612854563603, 2.5896402448816973, 1.9573403238079683, 2.224212242449749, 12.487223085362057, 9.228209915515334, 16.793293034728656, 10.972112886318337, 10.388229171692087, 9.714596372522763, 7.08026980019015, 6.3037123348226665, 5.9160460102068235, 4.238089908977065, 4.26991255188489, 3.4946957771029052, 3.8355158599829946, 2.9713433134080196, 2.2477883449500715, 2.4696644812982727, 3.109874088914773, 2.627368792452168, 2.9920997408657257, 0.9104307390469932], "deepest_minima": [-7.463690455537289, -7.463690455537289, -7.463690455537289, -7.463690455537289, -7.463690455537289, -7.463690455537289, -7.463690455537289, -7.463690455537289, -7.463690455537289, -7.463690455537289, -7.463690455537289, -7.463690455537289, -7.463690455537289, -7.463690455537289, -7.463690455537289, -7.463690455537289, -7.463690455537289, -7.463690455537289, -7.463690455537289, -7.463690455537289, -7.463690455537289, -7.463690455537289, -7.463690455537289, -7.463690455537289, -7.463690455537289, -7.463690455537289, -7.463690455537289, -7.4693650776171125, -7.4693650776171125, -7.4693650776171125, -7.4693650776171125, -7.4693650776171125, -7.4693650776171125, -7.4693650776171125, -7.4693650776171125, -7.4693650776171125, -7.4693650776171125, -7.4693650776171125, -7.4693650776171125, -7.4693650776171125, -7.4693650776171125, -7.4693650776171125, -7.4693650776171125, -7.4693650776171125, -7.4812077326350845, -7.4812077326350845, -7.4812077326350845, -7.4812077326350845, -7.4812077326350845, -7.4812077326350845], "norm_en": -307917.97903379245}