{"acq_vals": [830.9807576212197, 880.3887991919029, 737.4538503074589, 750.4485213924307, 525.2888338191555, 388.56863278712905, 339.50693346001566, 380.3075689983154, 409.7265398959821, 441.04366918418947, 350.36785679365914, 423.42358406693444, 345.4091582705906, 352.5789795427605, 285.5409250113564, 450.98517498172964, 379.94722170005895, 251.86897717011632, 319.19140724977257, 347.2812480060441, 355.63442278836953, 301.10566434520774, 322.5774403924762, 294.8171870246526, 291.8320074670751, 291.6152694591198, 381.44114653811914, 285.3997205452969, 279.7718344202561, 272.48639390557724, 304.2115214963862, 272.7296367668364, 277.59191548626467, 283.53525470353577, 313.1094804722189, 306.66535165986477, 284.23637923324327, 221.02729031203623, 292.98279621645133, 202.35118600622593, 253.96899595763645, 293.5870569479057, 63.222112268964295, 60.79762760598879, 43.99932608140655, 63.71436820798724, 57.52623715774413, 54.35659297782719, 69.96915284221242, 55.22299709466604], "deepest_minima": [0.12941889057401568, -0.26567648781929165, -0.26567648781929165, -0.26567648781929165, -0.34088312805397436, -0.36424250836716965, -0.36424250836716965, -0.5029744533239864, -0.5029744533239864, -0.5029744533239864, -0.5029744533239864, -0.5029744533239864, -0.5029744533239864, -0.5029744533239864, -0.5029744533239864, -0.5029744533239864, -0.5029744533239864, -0.5029744533239864, -0.5029744533239864, -0.5029744533239864, -0.5029744533239864, -0.5029744533239864, -0.5029744533239864, -0.5029744533239864, -0.5029744533239864, -0.5029744533239864, -0.5029744533239864, -0.5029744533239864, -0.5091600307496265, -0.5091600307496265, -0.5091600307496265, -0.5091600307496265, -0.5091600307496265, -0.5091600307496265, -0.5091600307496265, -0.5091600307496265, -0.5091600307496265, -0.9469709296827205, -0.9469709296827205, -0.9469709296827205, -0.9469709296827205, -0.9469709296827205, -0.9469709296827205, -0.9469709296827205, -0.9469709296827205, -0.9469709296827205, -0.9469709296827205, -0.9469709296827205, -0.9469709296827205, -0.9469709296827205], "norm_en": -335430.48746516433}