{"acq_vals": [47.096074196962725, 35.31977608599811, 29.776753895924017, 24.0977099099542, 18.093708162401143, 14.26758452015583, 13.714225738108867, 11.56585154881032, 9.664667769355948, 14.009876531307626, 10.932957601432596, 8.73365468502567, 5.466722128164076, 3.8137073831157804, 2.7857560332898608, 2.5388280612136285, 2.688165305487031, 5.677595343496262, 4.814641431422489, 753.7649919634598, 474.24261785414535, 362.2100529965369, 241.8315524017732, 254.35380787473082, 249.96402144181346, 184.78190674050964, 309.46007759702877, 220.83348579703218, 121.14758581542387, 126.11324516901523, 104.86268749919331, 107.94705586250177, 93.69209119598642, 81.26410601187656, 95.79912664497182, 87.90363482507412, 61.1521231819286, 61.58045135762639, 54.28757541446315, 47.53352888590886, 38.34521543214866, 33.557578058068515, 38.42135561151233, 33.32819733525027, 26.740482531683693, 54.046718209877206, 77.74065127260272, 57.6424768420876, 75.94735204840278, 51.84228833638624], "deepest_minima": [-8.107206097338349, -8.138211538724136, -8.138211538724136, -8.138211538724136, -8.138211538724136, -8.138211538724136, -8.138211538724136, -8.138211538724136, -8.138211538724136, -8.138211538724136, -8.138211538724136, -8.138211538724136, -8.138211538724136, -8.138211538724136, -8.138211538724136, -8.138211538724136, -8.138211538724136, -8.138211538724136, -8.138211538724136, -8.138211538724136, -8.138211538724136, -8.138211538724136, -8.138211538724136, -8.138211538724136, -8.163592973549385, -8.163592973549385, -8.163592973549385, -8.163592973549385, -8.163592973549385, -8.163592973549385, -8.163592973549385, -8.163592973549385, -8.163592973549385, -8.163592973549385, -8.163592973549385, -8.163592973549385, -8.163592973549385, -8.163592973549385, -8.163592973549385, -8.163592973549385, -8.163592973549385, -8.163592973549385, -8.163592973549385, -8.163592973549385, -8.163592973549385, -8.163592973549385, -8.163592973549385, -8.163592973549385, -8.163592973549385, -8.163592973549385], "norm_en": -341603.9614621028}