{"acq_vals": [205.13462444076748, 167.49162942535958, 157.2102967433413, 160.6277004926582, 145.66088276054296, 142.97228763348988, 135.4844554176433, 138.68241660263467, 136.27288890657763, 118.69900824344772, 103.35756259560677, 105.17925492920524, 100.53911748526082, 99.88151245015732, 100.7890809015935, 97.26285226492728, 95.13049578229985, 92.85340022251798], "deepest_minima": [2.408396053360775, 2.408396053360775, 2.273513326770626, 2.273513326770626, 1.2452994281775318, 1.2452994281775318, 1.2452994281775318, 0.9599336514947936, -1.8026568532222882, -1.8026568532222882, -1.8026568532222882, -1.8026568532222882, -1.8026568532222882, -1.8026568532222882, -1.8026568532222882, -1.8026568532222882, -1.8026568532222882, -1.8026568532222882]}