{"acq_vals": [11.492201229076343, 8.27440031064194, 5.461843584140406, 15.533160892103691, 24.066838997136554, 20.728144928248675, 21.58453239799142, 8.911514854342114, 6.639462288999604, 7.811617833537093, 5.812840362125335, 31.02711497000975, 21.819746187807866, 9.378509916943349, 11.88874805051742, 8.374168190035109, 5.141924868353488, 3.5579305653866586, 4.63700649477635, 4.805507037568489, 4.661922976175404, 4.018217024411249, 3.8368668272761433, 2.483090066567499, 5.36776990197939, 3.9732436189505447, 13.729785182867307, 224.83070608169015, 119.26699533684639, 118.92116164095604, 77.070176767025, 62.44561808476923, 60.97338317045541, 50.402491893767646, 93.8126000512068, 52.16532831453434, 35.60624598264581, 48.05419129279456, 35.75937811323492, 33.96155838697481, 29.69011946563306, 32.24013298154312, 30.761122399204805, 25.476813098100433, 21.988525262021156, 18.39977345667963, 19.531043100351432, 17.219584583082383, 17.291889425225612, 14.493104716815997], "deepest_minima": [-7.462253690988291, -7.462253690988291, -7.462253690988291, -7.462253690988291, -7.462253690988291, -7.462253690988291, -7.462253690988291, -7.462253690988291, -7.462253690988291, -7.462253690988291, -7.462253690988291, -7.462253690988291, -7.462253690988291, -7.462253690988291, -7.462253690988291, -7.462253690988291, -7.462253690988291, -7.462253690988291, -7.462253690988291, -7.462253690988291, -7.462253690988291, -7.462253690988291, -7.462253690988291, -7.462253690988291, -7.462253690988291, -7.462253690988291, -7.462253690988291, -7.462253690988291, -7.462253690988291, -7.462253690988291, -7.462253690988291, -7.462253690988291, -7.462253690988291, -7.462253690988291, -7.462253690988291, -7.462253690988291, -7.462253690988291, -7.462253690988291, -7.462253690988291, -7.462253690988291, -7.462253690988291, -7.462253690988291, -7.462253690988291, -7.462253690988291, -7.462253690988291, -7.462253690988291, -7.462253690988291, -7.462253690988291, -7.462253690988291, -7.462253690988291], "norm_en": -307917.97903379245}