{"acq_vals": [454.2751029379965, 431.0313112945475, 417.6867010454492, 412.0603148820808, 351.96497250607416, 351.26327116543393, 330.57758911583056, 328.64844464473236, 317.3458489330459, 329.9185944750518, 306.737483658507, 306.6828198366675, 309.75503243518835, 323.7872362116203, 314.5176596416003, 309.781598701262, 295.9828911514014, 307.89187923316274, 309.01599227338653, 326.3058403659405, 308.5258762276891, 335.3963492630984, 309.9642029154543, 329.06836274932294, 322.17195429475333, 335.04472298203575, 310.3527800884833, 329.81949562968947, 299.6753918534249, 321.6546277913263, 295.9761379184412, 286.73686926499477, 291.15544711625665, 300.44907983398207, 312.76213378165573, 313.71933278968, 308.0964785659357, 305.54166662364867, 328.57491476059704, 306.07236225385765, 323.02092492879905, 313.5718384352472, 309.307605976389, 302.61036428516894, 306.409984017071, 293.61578326573846, 293.11018246965637, 288.8540490617157, 300.6434865079117, 298.155062055825], "deepest_minima": [-13.100287582492456, -13.100287582492456, -17.955744048813358, -25.325846276129596, -26.061200724332593, -26.061200724332593, -26.061200724332593, -26.384515191079117, -26.384515191079117, -26.630188498063944, -26.630188498063944, -26.630188498063944, -26.630188498063944, -26.630188498063944, -26.630188498063944, -26.630188498063944, -26.630188498063944, -26.630188498063944, -26.630188498063944, -26.630188498063944, -26.630188498063944, -26.630188498063944, -26.953133564908057, -26.953133564908057, -26.953133564908057, -26.953133564908057, -26.953133564908057, -26.953133564908057, -27.346844388870522, -27.346844388870522, -27.346844388870522, -27.346844388870522, -27.346844388870522, -27.346844388870522, -27.346844388870522, -27.346844388870522, -27.346844388870522, -27.346844388870522, -27.346844388870522, -27.346844388870522, -27.346844388870522, -27.346844388870522, -27.346844388870522, -27.346844388870522, -27.346844388870522, -27.346844388870522, -27.346844388870522, -27.346844388870522, -27.346844388870522, -27.346844388870522], "norm_en": -682511.0441145345}