{"query_points": [[3.0923134809952444, 5.252160219536377], [3.6229689554145863, 5.186932440276267], [3.3773440491693174, 5.065239375212761], [3.543874430921839, 5.023529068638857], [1.4477902333546906, 5.342375526712967], [1.5464572811616373, 5.581931342411599], [1.467752768220345, 5.4369575555641205], [1.5765756258423886, 5.561099368199084], [1.9799858106121953, 2.0712576177840276], [1.6805525064263875, 1.6089306494002251], [1.7820841357442205, 1.9325977248861577], [1.5926247662150494, 1.6767969692097147], [4.547756197297158, 4.368690370392779], [3.942440136217346, 4.734848932124791], [3.510334431722844, 4.933295417447123], [3.648143335255757, 5.221218949630128], [3.715939506579681, 6.2831849117034215], [3.4274027392421096, 5.954150052619186], [3.646328734600258, 5.2108261815277475], [3.6218035967065205, 5.567589687095301], [3.4113746041988704, 5.113524038970296], [3.5948409515045383, 5.126260848206476], [3.6165995712725723, 5.17844693192658], [3.4703656442090924, 5.10199174440077], [3.3689389171876254, 5.04823743521089], [3.623278720117579, 5.187886859767465], [3.4285719225486555, 5.043201781523596], [3.5972777584995894, 5.119906905008581], [3.5551809653628412, 5.223816984579898], [3.612982134471258, 5.172148834147475], [3.5790684668865844, 5.205588155411688], [3.60988979160177, 5.177141511412692], [3.6390447455986026, 5.273821097334819], [3.612350870338891, 5.168743361967277], [3.6380621435698344, 5.254220501013818], [3.6230364923777842, 5.13987062115295], [3.68637212189595, 5.296193539115733], [3.6091117771787653, 5.16805720589997], [3.6720661503666463, 5.27821477699187], [3.611351128660248, 5.1826842787046425]], "observations": [[1.9266544862184674], [-0.03453446680214256], [0.3884995410917327], [0.08497661771252751], [5.458282298059203], [4.83491356309969], [5.159322774736211], [4.830509249819443], [5.261026257299818], [4.179627010016702], [4.680165029363707], [4.204872476053424], [5.2264044743496925], [1.7772535567637533], [0.32871448691003025], [0.035248443484306335], [2.7615350199630484], [1.8849396305158734], [0.03602266765665263], [0.6666062485892326], [0.2158205583691597], [0.010415090364404023], [0.001810104469768703], [0.10756003158167005], [0.309027279028669], [0.0017744260840117931], [0.193643799982965], [0.016061749425716698], [0.03707567136734724], [-0.007573171518743038], [0.010689634014852345], [-0.0063979580299928784], [0.036222065216861665], [-0.008097389247268438], [0.023074542521499097], [0.0006612180732190609], [0.06623531877994537], [-0.006797207752242684], [0.048269445076584816], [-0.0018726225243881345]]}