{"acq_vals": [233.77554442585244, 310.60509575072814, 425.7273006023481, 288.8590275404354, 205.90789836035242, 333.1933058089874, 102.54386443575511, 117.37696699112293, 4544.12342987493, 4160.0053496346445, 3153.923999995453, 3843.331692529523, 2767.3324296143523, 5625.77365624611, 3561.6895507064132, 1733.22616582052, 3599.5577622776404, 3340.421359572262, 3068.0080118017154, 4161.75652193863, 4094.6490411113505, 2969.2673104719424, 2886.3490396007423, 1785.2206849579268, 3188.682091641053, 2066.5280283801094, 2842.0140092590304, 1274.4477980545341, 1397.450081820991, 2382.723376177612, 2957.684829869311, 2863.315107257708, 1516.9172660617353, 2732.8563783732548, 2848.734931034079, 1981.9592899940487, 1240.004032361051, 1885.5703528852937, 1795.9053989269828, 1926.5450205850973, 1755.6921946946916, 1929.709236711077, 1790.6298583455139, 1834.5019402337682, 1459.6923593470246, 1462.5166374582575, 422.83762007657856, 1337.103179013355, 1799.7296273152363, 1531.1454206123783], "deepest_minima": [-8.598694226471707, -8.598694226471707, -8.598694226471707, -8.598694226471707, -8.598694226471707, -8.598694226471707, -8.598694226471707, -8.598694226471707, -8.598694226471707, -8.598694226471707, -8.598694226471707, -8.615419805631973, -8.615419805631973, -8.615419805631973, -8.615419805631973, -8.62125367950648, -8.62125367950648, -8.62125367950648, -8.62125367950648, -8.62125367950648, -8.62125367950648, -8.62125367950648, -8.62125367950648, -8.62125367950648, -8.62125367950648, -8.62125367950648, -8.62125367950648, -8.62125367950648, -8.62125367950648, -8.62125367950648, -8.62125367950648, -8.62125367950648, -8.62125367950648, -8.62125367950648, -8.62125367950648, -8.62125367950648, -8.62125367950648, -8.62125367950648, -8.62125367950648, -10.764992737676948, -10.764992737676948, -10.764992737676948, -10.764992737676948, -10.764992737676948, -10.764992737676948, -10.764992737676948, -10.764992737676948, -10.764992737676948, -10.764992737676948, -10.764992737676948], "norm_en": -717119.659190258}