{"acq_vals": [11.178469734931914, 11.608833890683107, 10.28676978502886, 7.881035844163311, 8.245874998701435, 7.588030898594772, 13.081169972965634, 13.364508940973721, 11.570839397390394, 11.894221910740274, 11.29450451144618, 11.336005806829865, 11.263689965465668, 11.24460903559943, 19.583208977292657, 11.356720828129518, 11.421658230547347, 13.655239099361905, 11.136998033765542, 14.156403526423464, 19.150376632499125, 18.934521665544555, 18.92465630921277, 19.847197359352226, 18.80387107586892, 18.83087753571582, 18.792249228520028, 18.72041970684602, 18.247312383219572, 18.111561438314013, 18.111587110085612, 16.173709678779687, 16.226185193768565, 16.31023821683145, 16.248915598508358, 16.23146227276615, 16.17064446571541, 16.417084733824534, 16.16815049605946, 16.16901568063354, 16.292957528525392, 16.309632388699665, 14.460138182143266, 14.473476212702707, 19.18830799575827, 16.11972739928814, 16.024492037906896, 16.033778038945766, 16.003585676165724, 15.334976601116391], "deepest_minima": [-8.14221932750661, -8.171750683279242, -8.171750683279242, -8.171750683279242, -8.171750683279242, -8.171750683279242, -8.171750683279242, -8.171750683279242, -8.171750683279242, -8.171750683279242, -8.171750683279242, -8.171750683279242, -8.171750683279242, -8.171750683279242, -8.171750683279242, -8.171750683279242, -8.171750683279242, -8.171750683279242, -8.171750683279242, -8.171750683279242, -8.171750683279242, -8.171750683279242, -8.171750683279242, -8.171750683279242, -8.171750683279242, -8.171750683279242, -8.171750683279242, -8.171750683279242, -8.171750683279242, -8.171750683279242, -8.171750683279242, -8.171750683279242, -8.171750683279242, -8.171750683279242, -8.171750683279242, -8.171750683279242, -8.171750683279242, -8.171750683279242, -8.171750683279242, -8.171750683279242, -8.171750683279242, -8.171750683279242, -8.171750683279242, -8.171750683279242, -8.171750683279242, -8.171750683279242, -8.171750683279242, -8.171750683279242, -8.171750683279242, -8.171750683279242], "norm_en": -341603.9614621028}