{"acq_vals": [45.20763804468366, 43.62749840969329, 36.54897862696505, 34.913110971087576, 36.82270137351593, 35.77373046454775, 260.4872775640045, 445.86408449311585, 390.12979235122253, 380.00285100090025, 505.375596190738, 448.80901069254094, 439.351198440687, 363.02673506594437, 417.40757248728033, 365.3425965271987, 416.8952870338726, 341.5082404169234, 358.12518231919154, 337.12383079276134, 321.91378850096635, 471.3509838673735, 436.19138740843493, 365.30386760760246, 355.36431600280326, 370.8999725202593, 436.02683671548647, 355.2225937685402, 341.5411555579162, 342.98364877735924, 342.1596896955535, 302.89306187880953, 356.14916623253714, 337.6210876514878, 335.38392921125444, 349.86778878671913, 335.5665741799738, 664.7672987303255, 610.0208647609197, 545.6722323374473, 496.48587597482975, 473.8715560909245, 1141.2924894751936, 902.5010157397612, 1051.8423559873233, 975.4739469092892, 916.719549202971, 871.6699735817965, 839.5129576484966, 915.1979409295184], "deepest_minima": [-1.6811516548041254, -1.6811516548041254, -1.6811516548041254, -1.6811516548041254, -1.6811516548041254, -1.6811516548041254, -1.6811516548041254, -1.6811516548041254, -1.6811516548041254, -1.6811516548041254, -1.6811516548041254, -1.6811516548041254, -1.6811516548041254, -1.6811516548041254, -1.6811516548041254, -1.6811516548041254, -1.9609922419767827, -1.9609922419767827, -1.9609922419767827, -1.9609922419767827, -1.9609922419767827, -1.9609922419767827, -1.9609922419767827, -1.9609922419767827, -1.9609922419767827, -1.9609922419767827, -1.9609922419767827, -1.9609922419767827, -1.9609922419767827, -1.9609922419767827, -1.9609922419767827, -1.9609922419767827, -1.9609922419767827, -1.9609922419767827, -1.9609922419767827, -1.9609922419767827, -1.9609922419767827, -1.9609922419767827, -1.9609922419767827, -1.9609922419767827, -1.9609922419767827, -1.9609922419767827, -1.9609922419767827, -1.9609922419767827, -1.9609922419767827, -1.9609922419767827, -1.9609922419767827, -1.9609922419767827, -1.9609922419767827, -1.9609922419767827], "norm_en": -1056417.0631725974}