{"acq_vals": [90.82878221061713, 78.13228611818315, 74.62235892019208, 66.11569487228361, 63.87711413284553, 364.13522069669483, 308.0510744213822, 304.87535633522816, 284.2729369849651, 268.89697128208945, 273.7329227621184, 287.34675317569463, 262.6911107100968, 262.35600081196395, 286.7444099752953, 260.3608818886446, 231.46675737090726, 205.58090251247376, 259.1745568672035, 216.4127097768979, 183.79029985286783, 202.96891282895467, 178.00500868100386, 201.34984727566172, 196.4750158301761, 169.31554629649185, 159.19022839941698, 158.9968084727007, 181.91426117424336, 180.94461732081078, 158.4082783075875, 151.01002066315564, 149.46788845022715, 164.02981243757318, 152.7259902257228, 184.34502685917076, 141.36412670312228, 169.0612644670438, 142.5151481800222, 137.15273792618822, 140.58237754550677, 152.70866031471792, 136.2211538140859, 135.65441155342083, 162.61134232517858, 142.8790034245571, 193.75580001219615, 166.4577835994133, 141.86624511225534, 137.59778070230018], "deepest_minima": [-0.1916282545425929, -0.7860537593369372, -0.7860537593369372, -1.146204523742199, -1.146204523742199, -1.146204523742199, -1.146204523742199, -1.146204523742199, -1.146204523742199, -1.146204523742199, -1.146204523742199, -1.146204523742199, -1.146204523742199, -1.146204523742199, -1.146204523742199, -1.146204523742199, -1.146204523742199, -1.146204523742199, -1.146204523742199, -1.146204523742199, -1.2224210507702082, -1.2224210507702082, -1.2224210507702082, -1.2224210507702082, -1.2224210507702082, -1.2224210507702082, -1.2224210507702082, -1.2224210507702082, -1.2224210507702082, -1.2224210507702082, -1.2224210507702082, -1.2224210507702082, -1.2224210507702082, -1.2224210507702082, -1.2224210507702082, -1.2224210507702082, -1.2224210507702082, -1.2224210507702082, -1.2224210507702082, -1.2224210507702082, -1.2224210507702082, -1.2224210507702082, -1.2224210507702082, -1.2224210507702082, -1.2224210507702082, -1.2224210507702082, -1.2224210507702082, -1.2224210507702082, -1.2224210507702082, -1.2224210507702082], "norm_en": -335430.48746516433}