{"acq_vals": [8.299487142738524, 19.85879940680498, 17.116379663252896, 14.666256516703351, 11.912431502712481, 10.24984748152846, 8.63685802718624, 8.101509834232713, 12.139002171807194, 4.910383776695198, 6.095589129239518, 3.547432639426137, 2.9756666436845842, 3.71708916454034, 4.2149468604500635, 3.7486594492835734, 3.903232886156449, 6.850524145872423, 4.418367713827551, 6.780632216450373, 4.759126398747913, 4.040447034046354, 3.621107796799691, 3.6415692206438934, 6.708871180437822, 4.3827302909668795, 3.3027056387992717, 2.9269771641422753, 2.9714962213913556, 2.9273171566105556, 3.8373070554046107, 3.6546047837046767, 4.229639376512415, 3.58515738740949, 3.1292880279008344, 4.586698011926956, 3.007501319466792, 1.84038057019644, 1.9416650085459908, 1.745553811691119, 1.5123305229813937, 1.3102951086311276, 8.323153593950607, 4.72339608398838, 2.950157290537252, 2.157808681583753, 1.7519018850459163, 1.7716491105239667, 1.7894171574981275, 1.2170619075818916], "deepest_minima": [-5.6106997294700705, -5.6106997294700705, -5.6106997294700705, -5.6106997294700705, -5.6106997294700705, -5.6106997294700705, -5.6106997294700705, -7.453598840045743, -7.453598840045743, -7.453598840045743, -7.453598840045743, -7.453598840045743, -7.453598840045743, -7.453598840045743, -7.453598840045743, -7.453598840045743, -7.453598840045743, -7.453598840045743, -7.453598840045743, -7.453598840045743, -7.453598840045743, -7.453598840045743, -7.453598840045743, -7.453598840045743, -7.462134745961521, -7.462134745961521, -7.462134745961521, -7.462134745961521, -7.462134745961521, -7.462134745961521, -7.462134745961521, -7.462134745961521, -7.462134745961521, -7.462134745961521, -7.462134745961521, -7.462134745961521, -7.462134745961521, -7.462134745961521, -7.462134745961521, -7.462134745961521, -7.462134745961521, -7.462134745961521, -7.462134745961521, -7.462134745961521, -7.462134745961521, -7.462134745961521, -7.462134745961521, -7.484582638659049, -7.484582638659049, -7.484582638659049], "norm_en": -307917.9790337391}