{"acq_vals": [14.936932530630349, 5.628883686615874, 21.660380686456637, 162.89482960285162, 90.65349521118488, 35.05094368724044, 117.85105925031927, 23.352786595265222, 46.73241888538151, 2.3287544027604854, 44.32442485705134, 29.78256780964335, 6.056449924213664, 6.192878984253509, 8.078042595035592, 0.3867824431380798, 16.70648560254247, 6.436529097104716, 0.5680264451665973, 7.399912287396838, 15.999627652114576, 3.505213228448589, 17.40455071644017, 0.48864014765096103, 3.297771587929229, 4.070221472372573, 0.19600575026871223, 0.190542684266646, 0.1308955213397639, 0.09919601452304505, 0.08377245287840651], "deepest_minima": [-8.15198903385317, -8.15198903385317, -8.15198903385317, -8.15198903385317, -8.15198903385317, -8.15198903385317, -8.15198903385317, -8.15198903385317, -8.15198903385317, -8.155824986752123, -8.155824986752123, -8.155824986752123, -8.171334264916368, -8.171334264916368, -8.171334264916368, -8.171334264916368, -8.171334264916368, -8.171334264916368, -8.171334264916368, -8.171334264916368, -8.171334264916368, -8.171334264916368, -8.171334264916368, -8.171334264916368, -8.171334264916368, -8.171334264916368, -8.171334264916368, -8.171334264916368, -8.171334264916368, -8.171334264916368, -8.171334264916368], "norm_en": -341603.9614621028}