{"acq_vals": [27.170368262452058, 14.234287407579762, 45.65073851227864, 40.4213978649286, 179.84700555544686, 270.1496611437828, 203.7676139832051, 108.11886399598266, 109.11650500218943, 98.14879502869607, 169.8672141500118, 74.18958291414958, 67.21904277248483, 103.94681054116346, 75.54799606757024, 135790.11178380178, 166942.26465555458, 140661.90373624564, 15034.088769619415, 62108.011496282095, 196665.91235181488, 54242.95680432708, 42359.726352583246, 89866.677042547, 104542.82653831525, 23043.872752064304, 60244.27441299039, 75438.89523371254, 21432.2734305547, 99766.8389867013, 104150.2318024252, 503.2479172674939, 29004.758402341053, 131593.49958926108, 7770.771586276242, 10931.523159429587, 21129.11062465259, 37247.29700960551, 8224.29713524005, 46380.25603274, 20140.348658662522, 29891.11622779048, 49763.84314545212, 34265.94571787888, 30696.96556589495, 33409.95429959311, 31138.52400723986, 9274.207047586893, 12403.08215972886, 15393.60379269996], "deepest_minima": [-2.5920326327322982, -2.5920326327322982, -2.5920326327322982, -2.5920326327322982, -2.5920326327322982, -2.5920326327322982, -2.5920326327322982, -2.5920326327322982, -2.5920326327322982, -2.5920326327322982, -2.5920326327322982, -2.5920326327322982, -2.5920326327322982, -2.5920326327322982, -2.5920326327322982, -2.5920326327322982, -2.5920326327322982, -2.5920326327322982, -2.5920326327322982, -2.5920326327322982, -2.5920326327322982, -2.5920326327322982, -2.5920326327322982, -2.5920326327322982, -2.5920326327322982, -2.5920326327322982, -2.5920326327322982, -2.5920326327322982, -2.5920326327322982, -2.5920326327322982, -2.5920326327322982, -2.5920326327322982, -2.5920326327322982, -2.5920326327322982, -2.5920326327322982, -2.5920326327322982, -2.5920326327322982, -2.5920326327322982, -2.5920326327322982, -2.5920326327322982, -2.5920326327322982, -2.5920326327322982, -2.5920326327322982, -2.5920326327322982, -2.5920326327322982, -2.5920326327322982, -2.5920326327322982, -2.5920326327322982, -2.5920326327322982, -2.5920326327322982], "norm_en": -493124.6701872513}