{"acq_vals": [94.9060920926012, 114.39880969810329, 80.60282581309946, 61.89227329034188, 61.162294524677904, 60.00884140309148, 56.54659224873824, 56.19879834511064, 61.83881020978749, 76.12106396648193, 76.41322379381972, 62.094776313047284, 66.38030028710145, 54.53743956646705, 63.08989947118214, 51.0781808026099, 47.46624663159442, 45.06500257428411, 45.51786345515245, 41.05399174164551, 44.13914766282137, 41.38494172338262, 42.96446652000473, 40.27933124046875, 39.79804167743216, 38.31644455395738, 36.16242585609761, 28.937211426199397, 30.29434143637968, 32.26079618798617, 27.0253420402534, 24.77553250510003, 30.42998018732393, 59.38086409873415, 60.58435136243517, 42.299770938456206, 38.42298333874733, 39.08206591036888, 44.727162270217356, 37.135930326312895, 38.21716636740624, 33.23001016953715, 35.919156000674704, 37.63301902222362, 31.5682272781535, 31.66208549510734, 31.66208027460214, 30.150265339672632, 25.13744480288277, 25.81633169894628], "deepest_minima": [-0.4130204695975408, -0.4446881079347804, -0.4446881079347804, -0.4446881079347804, -0.9748155664419755, -0.9748155664419755, -0.9748155664419755, -0.9748155664419755, -0.9748155664419755, -0.9748155664419755, -0.9748155664419755, -0.9748155664419755, -0.9748155664419755, -0.9748155664419755, -1.0616568177938461, -1.1576355558354408, -1.9814393715932965, -1.9814393715932965, -1.9814393715932965, -1.9814393715932965, -1.9814393715932965, -1.9814393715932965, -2.2087089048000053, -2.2087089048000053, -2.2087089048000053, -2.2087089048000053, -2.2087089048000053, -2.2087089048000053, -2.2087089048000053, -2.2087089048000053, -2.2087089048000053, -2.2087089048000053, -2.2087089048000053, -2.2087089048000053, -2.2087089048000053, -2.2087089048000053, -2.2087089048000053, -2.2087089048000053, -2.2087089048000053, -2.2087089048000053, -2.2087089048000053, -2.2087089048000053, -2.2087089048000053, -2.2087089048000053, -2.2087089048000053, -2.2087089048000053, -2.2087089048000053, -2.2087089048000053, -2.2087089048000053, -2.2087089048000053], "norm_en": -577108.3228092517}