{"acq_vals": [24.42425909332534, 37.565878841969706, 9.272262045281776, 12.107453310726443, 54.6805299459361, 13.02346382689366, 7.895327911293164, 20.441432683785752, 11.532400825251964, 1.8237383270562397, 10.984940047757144, 24.68697061608677, 29.10431838143115, 23.173785262399715, 11.800539726364383, 1.318675510882164, 1.8366485765304226, 1.8290029500315506, 0.6292533639476765, 2.748767260143899, 7.6456257611607015, 8.658413076671915, 0.7250639726958168, 7.574509440702576, 8.496563672710494, 0.2799818809760025, 0.24662851654427093, 2.141749843491793, 0.5697228034909363, 0.5003881954113835, 0.3025976931042152, 1.4509633597853346, 0.7504082648973162, 0.4310756308082411, 2.0305988250968667, 0.222968095463004, 0.2694088552285303, 1.1318477284549195, 0.13451842876604445, 2.9799937451889544, 0.07478824337039214, 0.11832262332637611, 2.154354259134228, 0.05087905542018234, 0.046917828857317545, 0.04367874865425847, 0.04135305362905228, 0.039753651116484434], "deepest_minima": [-3.2060510321171023, -6.7310675992048346, -6.7310675992048346, -6.781021303497255, -6.781021303497255, -6.781021303497255, -6.781021303497255, -6.781021303497255, -6.781021303497255, -6.781021303497255, -6.781021303497255, -8.138497459643986, -8.138497459643986, -8.138497459643986, -8.138497459643986, -8.138497459643986, -8.154777335119434, -8.154777335119434, -8.154777335119434, -8.154777335119434, -8.154777335119434, -8.154777335119434, -8.154777335119434, -8.154777335119434, -8.154777335119434, -8.154777335119434, -8.154777335119434, -8.154777335119434, -8.154777335119434, -8.154777335119434, -8.154777335119434, -8.154777335119434, -8.154777335119434, -8.154777335119434, -8.154777335119434, -8.154777335119434, -8.154777335119434, -8.154777335119434, -8.182157843199093, -8.182157843199093, -8.182157843199093, -8.182157843199093, -8.182157843199093, -8.182157843199093, -8.182157843199093, -8.182157843199093, -8.182157843199093, -8.182157843199093], "norm_en": -341603.9614621028}