{"acq_vals": [162.21949850036492, 88.06076911249117, 110.79320994586277, 55.42056972345985, 59.67015906543256, 101.16333787574767, 107.08546855358283, 108.79217211485775, 51.49729983831174, 79.12281510318843, 33.19422002809852, 31.39098287244055, 84.51257168973255, 30.516979682639416, 43.19925442477595, 32.92113760406205, 43.968190915630615, 32.05190927074156, 60.28958287872124, 58.78523623415929, 33.38242512358723, 63.5211244220752, 36.23500874207452, 40.84147243583346, 28.599526153258036, 44.189711308477904, 59.8113498928504, 71.37191265944041, 61.886142984555555, 23.86619451436312, 108.14054604329043, 220.67135420701356, 250.1525994467652, 88.8975531098929, 220.4510357166335, 160.78861429820924, 314.4039220339012, 117.82185518419895, 99.01850787067218, 142.70536450339984, 200.32764097448933, 124.16472002582283, 100.92490567247435, 160.77465287769454, 220.106444491429, 88.58020542359819, 64.37287922569891, 113.72282208269031, 76.24367448922615, 429.8179268843775], "deepest_minima": [-8.433742351597175, -8.445409581181593, -8.445409581181593, -8.56800167192705, -8.56800167192705, -8.56800167192705, -8.56800167192705, -8.56800167192705, -8.582491004955955, -8.582491004955955, -8.603635484585539, -8.603635484585539, -8.603635484585539, -8.603635484585539, -8.603635484585539, -8.603635484585539, -8.603635484585539, -8.603635484585539, -8.603635484585539, -8.603635484585539, -8.603635484585539, -8.603635484585539, -8.603635484585539, -8.603635484585539, -8.603635484585539, -8.603635484585539, -8.603635484585539, -8.603635484585539, -8.603635484585539, -8.603635484585539, -8.603635484585539, -8.603635484585539, -8.603635484585539, -8.603635484585539, -8.603635484585539, -8.603635484585539, -8.603635484585539, -8.603635484585539, -8.603635484585539, -8.603635484585539, -8.603635484585539, -8.603635484585539, -8.603635484585539, -8.603635484585539, -8.603635484585539, -8.603635484585539, -8.603635484585539, -8.603635484585539, -8.603635484585539, -8.603635484585539], "norm_en": -717119.659190258}