{"acq_vals": [16.045148659608998, 10.19636650080547, 18.78547747651476, 16.554579162490157, 17.143039597498788, 17.32505032745634, 20.394346310262875, 21.984644370168997, 15.276505802769373, 11.434604543083276, 6.665560669472429, 6.56472181169902, 6.325729943710672, 4.883960766232862, 4.260136548987719, 5.073144098344521, 7.732193161732769, 6.943297373212372, 7.427884992707802, 4.054017191380222, 3.6315244361427004, 3.791233252315773, 4.615449057889521, 24.627315359915862, 25.984479639778357, 143.37310194760641, 101.17263648653001, 151.37946182841867, 281.4753862025617, 113.12724490154125, 169.59324862130043, 63.54297054471664, 100.46475062073857, 277.87666563888035, 287.2576977739104, 208.99204330625173, 142.21463515118026, 155.75717115220937, 77.42984905247806, 314.99266116267177, 193.36080790080234, 167.72406832444884, 134.08361605356885, 130.96088667099994, 234.73188226172573, 3298.977961541129, 3007.2195782185045, 1940.4622006527848, 2244.344916590263, 2287.3457725774865], "deepest_minima": [-7.386748685035855, -7.386748685035855, -7.386748685035855, -7.416239168611355, -7.416239168611355, -7.416239168611355, -7.416239168611355, -7.416239168611355, -7.416239168611355, -7.416239168611355, -7.416239168611355, -7.4285127788898535, -7.4285127788898535, -7.4285127788898535, -7.4285127788898535, -7.4285127788898535, -7.4285127788898535, -7.476180922414642, -7.476180922414642, -7.476180922414642, -7.476180922414642, -7.476180922414642, -36.99001428001793, -36.99001428001793, -36.99001428001793, -36.99001428001793, -36.99001428001793, -36.99001428001793, -36.99001428001793, -36.99001428001793, -36.99001428001793, -36.99001428001793, -36.99001428001793, -36.99001428001793, -37.82469549111556, -37.85742493259022, -37.85742493259022, -37.85742493259022, -37.85742493259022, -37.85742493259022, -37.85742493259022, -37.85742493259022, -37.85742493259022, -37.85742493259022, -37.85742493259022, -37.85742493259022, -37.85742493259022, -37.85742493259022, -37.85742493259022, -37.85742493259022], "norm_en": -307917.97903379245}