{"acq_vals": [9.012342826136823, 4.583897210088803, 11.431647043811882, 3.145578787803642, 3.2910633786458927, 2.0947885269068593, 8.457335683486551, 14.185135995997172, 3.635771158034665, 10.416709986171975, 29.551431887868844, 19.678240512094806, 8.350480474802815, 23.010481282232814, 6.8218345168465975, 5.739400707895539, 5.648000110321829, 12.79151876101005, 12.935309308255677, 4.7101041971071345, 0.7526724761997703, 2.015271314374406, 4.424773334390506, 1.3353645386449928, 0.6735421903776451, 1.743114124371113, 2.2839148503325073, 0.8828085686187224, 1.4697889578767094, 2.0407305704336247, 0.9886965578849648, 4.450519688800907, 6.085390748322959, 0.22952508710766376, 0.2638233835444643, 0.18978594654851624, 0.13585960634995312, 0.17335296105033032], "deepest_minima": [-1.574351399729494, -1.574351399729494, -1.574351399729494, -1.574351399729494, -1.592047832091339, -1.592047832091339, -1.592047832091339, -1.592047832091339, -1.59327899874188, -1.59327899874188, -1.59327899874188, -1.59327899874188, -1.59327899874188, -1.59327899874188, -1.59327899874188, -1.5946276797913015, -1.5946276797913015, -1.5946276797913015, -1.5946276797913015, -1.5946276797913015, -1.5946276797913015, -1.5946276797913015, -1.5946276797913015, -1.6091482947813347, -1.6091482947813347, -1.6091482947813347, -1.6091482947813347, -1.6091482947813347, -1.6091482947813347, -1.6126941280672327, -1.6126941280672327, -6.10770575189963, -6.10770575189963, -6.10770575189963, -6.10770575189963, -6.10770575189963, -6.10770575189963, -6.10770575189963], "norm_en": -499298.5107466433}