{"acq_vals": [11.25512964946897, 36.39220996490707, 55.4658046981885, 54.50761019081099, 55.79100834706243, 77.49154937246603, 69.15720924304361, 56.92166325551826, 73.16898893087466, 53.79050766765379, 53.23863864091885, 43.38826729531, 44.67687053461456, 34.26834122393838, 30.65783219833166, 26.64726226645801, 20.39559651531934, 23.91035646850501, 19.81133456175277, 21.357188027286025, 16.42162318247388, 17.193737552749802, 10.095695034026633, 10.009757841120036, 13.479338957581557, 14.723665270222217, 11.95008257318406, 9.062581538962066, 6.149082447039724, 7.505339453426801, 6.686927526613344, 6.4789467196860695, 3.935721535497623, 6.11810518974953, 5.558162757024004, 8.812451176411518, 154.2586098044087, 73.60321556850833, 99.85359311589954, 77.85584730136061, 665.7215792913898, 428.7179175106613, 376.5709132421703, 300.7908903333055, 353.7160497466165, 213.77842221761495, 219.05771974882376, 165.1275880801397, 332.72302308965726, 212.69605754268545], "deepest_minima": [-6.144866109360009, -6.144866109360009, -6.144866109360009, -6.144866109360009, -6.144866109360009, -6.144866109360009, -6.144866109360009, -6.144866109360009, -6.144866109360009, -6.144866109360009, -6.144866109360009, -6.144866109360009, -6.144866109360009, -6.144866109360009, -6.784880414663348, -6.784880414663348, -6.784880414663348, -6.784880414663348, -6.784880414663348, -6.784880414663348, -6.784880414663348, -6.784880414663348, -6.784880414663348, -6.784880414663348, -6.784880414663348, -6.784880414663348, -6.784880414663348, -6.784880414663348, -6.784880414663348, -6.784880414663348, -6.784880414663348, -6.784880414663348, -6.784880414663348, -6.784880414663348, -6.784880414663348, -6.784880414663348, -6.784880414663348, -6.784880414663348, -6.784880414663348, -6.784880414663348, -6.784880414663348, -6.784880414663348, -6.784880414663348, -6.784880414663348, -6.784880414663348, -6.784880414663348, -6.784880414663348, -6.784880414663348, -6.784880414663348, -6.784880414663348], "norm_en": -499298.5107466433}