{"acq_vals": [10.737677923910661, 12.103692019364559, 12.323966524043135, 8.197796214538602, 11.71653779718113, 9.406633458800728, 7.580559873626757, 9.38987556025318, 9.382058989827298, 8.251914685935523, 8.114931171157293, 8.034347939562583, 8.014654430480872, 6.639969382693758, 6.607494867091929, 6.623362647698346, 12.552588666952584, 12.437397707719041, 14.877435306887918, 14.873444416957804, 14.940656646871595, 14.856582474373335, 14.84891730282263, 14.86622770674059, 17.603620767663976, 17.566625393033807, 17.65030855844216, 17.609460866630005, 17.563056854357406, 16.33364481937253, 16.327956928024925, 16.26406344804326, 16.270413235250853, 16.12934726619265, 18.25350727161632, 18.098692667639064, 17.812230379275128, 17.93958662453619, 18.768271742723787, 18.96627885220115, 18.719507564237365, 18.528491871521155, 18.399274274068034, 18.812688675727347, 18.191681968861914, 18.461220115119954, 18.193750998582686, 18.97102420384093, 18.524840950357053, 18.631924134416433], "deepest_minima": [-2.539341267780401, -2.587065186817199, -2.587065186817199, -2.5905319977900945, -2.5905319977900945, -2.5905319977900945, -2.5905319977900945, -2.5905319977900945, -2.5905319977900945, -2.5905319977900945, -2.5905319977900945, -2.5905319977900945, -2.5905319977900945, -2.5905319977900945, -2.5905319977900945, -2.5905319977900945, -2.5905319977900945, -2.5905319977900945, -2.5905319977900945, -2.5905319977900945, -2.5905319977900945, -2.5905319977900945, -2.5905319977900945, -2.5905319977900945, -2.5905319977900945, -2.5905319977900945, -2.5905319977900945, -2.5905319977900945, -2.5905319977900945, -2.5905319977900945, -2.5905319977900945, -2.5905319977900945, -2.5905319977900945, -2.5905319977900945, -2.5905319977900945, -2.5905319977900945, -2.5905319977900945, -2.5905319977900945, -2.590931919636205, -2.590931919636205, -2.590931919636205, -2.590931919636205, -2.590931919636205, -2.590931919636205, -2.590931919636205, -2.590931919636205, -2.590931919636205, -2.590931919636205, -2.590931919636205, -2.590931919636205], "norm_en": -493124.6701872513}