{"acq_vals": [630.9641145504022, 511.69680127510964, 440.6125634554158, 413.0797708408015, 325.27845906764907, 238.55985416770054, 483.25267645655697, 158.6459983121042, 276.8620007413358, 259.516551246624, 332.2534434785014, 209.83126483178174, 169.43797455389407, 192.47020197953782, 222.0015570893418, 194.4679485476861, 208.76890210815978, 207.82743235991987, 184.9208521082346, 107.70344507230443, 142.92513489539414, 181.62010323398775, 164.1352830436113, 147.02866584564526, 183.12276746735566, 95.46602036801121, 110.81633755514869, 135.35837881372512, 129.5226285996235, 58.920792657944176, 109.63475574387462, 130.84656514664744, 175.56318879094786, 119.37872957987574, 151.3299304044096, 161.89855498860757, 165.43601861326226, 128.91839391089582, 108.00601185412671, 116.00775761066872, 68.63189475983357, 104.12463332602947, 142.7533614068499, 116.43513486525596, 87.47876334272891, 66.54032139765033, 132.46091127373256, 133.47596751644645, 97.66997294187655, 82.4618107077538], "deepest_minima": [-1.0579900501761585, -1.0579900501761585, -1.0579900501761585, -1.5823055317159742, -1.5823055317159742, -10.788117915857583, -10.788117915857583, -10.788117915857583, -10.788117915857583, -10.788117915857583, -10.788117915857583, -10.788117915857583, -10.788117915857583, -10.788117915857583, -10.788117915857583, -10.788117915857583, -10.788117915857583, -10.788117915857583, -10.788117915857583, -10.788117915857583, -10.788117915857583, -10.788117915857583, -10.788117915857583, -10.788117915857583, -10.788117915857583, -10.788117915857583, -10.788117915857583, -10.788117915857583, -10.788117915857583, -10.788117915857583, -10.788117915857583, -10.788117915857583, -10.788117915857583, -10.788117915857583, -10.788117915857583, -10.788117915857583, -10.788117915857583, -10.788117915857583, -10.788117915857583, -10.788117915857583, -10.788117915857583, -10.788117915857583, -10.788117915857583, -10.788117915857583, -10.788117915857583, -10.788117915857583, -10.788117915857583, -10.788117915857583, -10.788117915857583, -10.788117915857583], "norm_en": -717119.659190258}