{"acq_vals": [104.47993581677557, 95.34381125911118, 91.19196355420158, 86.8521201121728, 87.99558370045646, 83.43065699404781, 81.03206060109481, 73.47356411810672, 70.06123165877167, 68.04446395687513, 66.60289004336467, 24.333314136274673, 24.771551468071827, 23.22137287306392, 21.907207945711743, 24.442987434554865, 21.40572658036092, 18.05732569021922, 18.35444182023807, 18.957484637981693, 98.12315298319794, 95.94323097703798, 77.2662473698278, 82.17613605454412, 69.12919571579742, 81.58343726024674, 77.02177171674352, 67.54354801001142, 62.28601501368731, 59.02816244458724, 50.50945740774148, 53.592152141991455, 52.75571408438223, 53.989557013675025, 49.91382677677672, 61.723405316868615, 41.795787789954716, 42.11823392772307, 41.04169352734565, 42.28178358994811, 46.061022181265, 34.68974198854397, 33.330356860158005, 29.81404826415201, 32.11787447882611, 37.176797172909936, 28.01653129935505, 26.223879082568523, 27.884655869209816, 26.290199614688845], "deepest_minima": [-0.8549430604325607, -0.8549430604325607, -0.8549430604325607, -0.8549430604325607, -2.1736896297661588, -2.1736896297661588, -2.1736896297661588, -2.1736896297661588, -2.1736896297661588, -2.1736896297661588, -2.1736896297661588, -2.1736896297661588, -2.1736896297661588, -2.1736896297661588, -2.1736896297661588, -2.1736896297661588, -2.1736896297661588, -2.1736896297661588, -2.1736896297661588, -2.1736896297661588, -2.1736896297661588, -2.1736896297661588, -2.1736896297661588, -2.1736896297661588, -2.1736896297661588, -2.1736896297661588, -2.1736896297661588, -2.1736896297661588, -2.1736896297661588, -2.1736896297661588, -2.1736896297661588, -2.1736896297661588, -2.1736896297661588, -2.1736896297661588, -2.1736896297661588, -2.1736896297661588, -2.1736896297661588, -2.1736896297661588, -2.1736896297661588, -2.1736896297661588, -2.1736896297661588, -2.1736896297661588, -2.1736896297661588, -2.1736896297661588, -2.1736896297661588, -2.1736896297661588, -2.1736896297661588, -2.1736896297661588, -2.1736896297661588, -2.1736896297661588], "norm_en": -577108.3228092517}