{"acq_vals": [3020.2297566005204, 2182.7059333689995, 2056.4050160861198, 1911.715039794581, 1859.181740259949, 1665.4468940017803, 1407.4067584565732, 1511.2258645232396, 1340.6437910341829, 1282.8121581755101, 1137.6103797254416, 1095.5712155247656, 991.0251783522608, 923.2670137885041, 852.6213201999769, 762.6804434703208, 669.2697596662084, 690.1606009343044, 654.6416379650126, 557.3395393873552, 483.7907542578507, 435.10414293854353, 489.7445799181618, 410.0320217325523, 393.6613436985024, 340.71570011211486, 382.12595077471383, 361.17994280047435, 256.7318476448373, 335.4861970307919, 337.41170268289625, 292.298364215702, 212.31250586479274, 148.8750272479524, 163.4840166366381, 125.39992325585571, 158.04056841637524, 130.50188397778408, 171.79470589921448, 101.73252252821185, 84.72758265872844, 117.38236662618323, 93.16980909890384, 76.18887829374695, 65.4392911836713, 62.80693206484975, 65.08999142055251, 63.79201624129608, 54.654424998971756, 49.40619285847904], "deepest_minima": [-1.5663334350683726, -1.5663334350683726, -1.5663334350683726, -6.041166031558532, -6.041166031558532, -6.041166031558532, -6.041166031558532, -6.041166031558532, -6.082515299611259, -6.082515299611259, -6.082515299611259, -6.082515299611259, -6.082515299611259, -6.082515299611259, -6.082515299611259, -6.082515299611259, -6.088128740899265, -6.088128740899265, -6.088128740899265, -6.088128740899265, -6.088128740899265, -6.088128740899265, -6.088128740899265, -6.088128740899265, -6.088128740899265, -6.088128740899265, -6.088128740899265, -6.088128740899265, -6.088128740899265, -6.088128740899265, -6.088128740899265, -6.088128740899265, -6.088128740899265, -6.088128740899265, -6.088128740899265, -6.088128740899265, -6.088128740899265, -6.088128740899265, -6.088128740899265, -6.088128740899265, -6.088128740899265, -6.088128740899265, -6.088128740899265, -6.088128740899265, -6.088128740899265, -6.088128740899265, -6.088128740899265, -6.088128740899265, -6.088128740899265, -6.088128740899265], "norm_en": -499298.5107466433}