{"acq_vals": [31.819890153197733, 6.45773310253912, 11.180508813337596, 2.2880743919660946, 2.7293365322879892, 82.4640640297246, 37.94333907134277, 106.28340909830024, 78.89826932012953, 1.7690778417028297, 77.89675534194667, 26.85206812741355, 53.42178473546246, 1848.1237604557614, 429.66009459721874, 571.6996779069556, 426.62523814860924, 189.1601194805085, 297.42594708489764, 774.1471408720129, 148.5992246781497, 254.28251970212995, 105.49187475102741, 157.88460388904696, 405.521281451565, 265.5819560272855, 420.5661462112532, 143.0131853584517, 350.7786263400044, 98.84104814614263, 120.51674447043729, 60.48865914615572, 133.06225837148773, 115.57947480704384, 177.3146761227007, 44.28306777883937, 16.07801241199987, 77.91344325946147, 105.25552325033755, 137.29949946964297, 133.71641756699518, 60.185118859824435, 49.77912246290493, 6.924379743881009, 48.395058282778294, 24.744620569406035, 50.51449504662957, 39.95417989678969, 30.318127369915743, 22.352835236486946], "deepest_minima": [-6.142114944639616, -6.142114944639616, -6.142114944639616, -6.142114944639616, -6.142114944639616, -6.142114944639616, -6.142114944639616, -6.142114944639616, -6.142114944639616, -6.142114944639616, -6.142114944639616, -6.142114944639616, -6.142114944639616, -6.142114944639616, -6.142114944639616, -6.841558632208034, -6.841558632208034, -6.841558632208034, -6.841558632208034, -6.841558632208034, -6.841558632208034, -6.841558632208034, -6.841558632208034, -6.841558632208034, -6.841558632208034, -6.841558632208034, -6.841558632208034, -6.841558632208034, -6.841558632208034, -6.841558632208034, -6.841558632208034, -6.841558632208034, -6.841558632208034, -6.841558632208034, -6.841558632208034, -6.841558632208034, -6.841558632208034, -6.841558632208034, -6.841558632208034, -6.841558632208034, -6.841558632208034, -6.841558632208034, -6.841558632208034, -6.841558632208034, -6.841558632208034, -6.841558632208034, -6.841558632208034, -6.841558632208034, -6.841558632208034, -6.841558632208034], "norm_en": -499298.5107466433}