{"acq_vals": [6.300052740530027, 0.7640513253558816, 0.24818961866785919, 1.3041283015934275, 0.2216143630751986, 0.19094258664990996, 0.3659419031879321, 0.15548575843709267, 0.1079251636255627], "deepest_minima": [-0.001076722051948309, -0.001076722051948309, -0.001076722051948309, -0.03549770382232964, -0.03549770382232964, -0.03549770382232964, -0.03549770382232964, -0.03549770382232964, -0.03549770382232964], "norm_en": -715268.6969642891}