{"acq_vals": [4.2163301532516835, 18.360874336979553, 21.019683522915983, 15.970928155106353, 29.422923483271017, 127.77770527250134, 112.26483153926345, 92.70022645790615, 61.0872434397171, 50.63419502382003, 41.37758438165677, 36.404272398933756, 35.080556427212095, 26.92434985164987, 18.803531264426145, 18.772260136311356, 16.15685876787866, 18.960217011737154, 25.34818349198117, 14.922519513846517, 15.274172744076838, 12.964913689636989, 10.552699968999567, 11.041506229717148, 12.091916549061738, 9.509985388256828, 7.377343497227455, 6.608862915781372, 5.728098138926008, 6.855017357998899, 4.627625661323666, 4.743105594604457, 4.184113865714061, 4.084689493440249, 4.336299751852541, 2.8611963655268347, 2.279493185341648, 2.4419619671876815, 4.558552109324255, 2.850823226949186, 2.528727900089758, 2.2440334068200998, 1.6511949719264871, 1.9625705230298782, 1.7464835011439803, 1.4770055416475434, 1.9960582903016792, 0.9319779281723591, 1.139043956533075, 0.9872718048927831], "deepest_minima": [-5.543120362679474, -5.6149648711434565, -5.6149648711434565, -7.426302561885677, -7.426302561885677, -7.478328600525856, -7.478328600525856, -7.478328600525856, -7.478328600525856, -7.478328600525856, -7.478328600525856, -7.478328600525856, -7.478328600525856, -7.478328600525856, -7.478328600525856, -7.478328600525856, -7.478328600525856, -7.478328600525856, -7.478328600525856, -7.478328600525856, -7.478328600525856, -7.478328600525856, -7.478328600525856, -7.478328600525856, -7.478328600525856, -7.478328600525856, -7.478328600525856, -7.478328600525856, -7.478328600525856, -7.478328600525856, -7.478328600525856, -7.478328600525856, -7.478328600525856, -7.478328600525856, -7.478328600525856, -7.478328600525856, -7.478328600525856, -7.478328600525856, -7.478328600525856, -7.478328600525856, -7.478328600525856, -7.478328600525856, -7.478328600525856, -7.478328600525856, -7.478328600525856, -7.478696584003046, -7.478696584003046, -7.478696584003046, -7.478696584003046, -7.478696584003046], "norm_en": -307917.97903379245}