{"acq_vals": [81.0231552501521, 69.0564207719365, 56.847168649519666, 71.11519131048087, 55.970586939963376, 299.5113628120899, 240.434139395699, 216.35479772705085, 188.29748735485302, 186.15677058284012, 178.47415053364844, 157.54952753062258, 189.49654931663392, 172.30886244621234, 167.06261399027508, 147.58584905211518, 151.92311750396985, 139.79030565851812, 143.41697271757047, 167.29407350932615, 127.72291913013949, 129.93763261594881, 139.6207271871185, 113.83744011987852, 124.4698090218131, 120.88226751065623, 1309.7074276308272, 990.144279071534, 795.902075375063, 935.8992424410444, 771.0528972185735, 795.569487651764, 840.0957807736878, 821.0562212521254, 597.5190326010083, 593.9101999569548, 660.996824872439, 478.5976680270578, 512.3956093778768, 588.6612068574619, 508.50917261015604, 612.6928018501104, 508.71126799027536, 488.91122397375534, 443.1952057850794, 452.4488673558229, 448.0276020123864, 523.8932139041527, 475.19340557662855, 450.9689258239729], "deepest_minima": [-9.00251592474524, -9.00251592474524, -9.00251592474524, -9.00251592474524, -9.00251592474524, -9.00251592474524, -9.00251592474524, -9.00251592474524, -9.00251592474524, -9.00251592474524, -9.00251592474524, -9.00251592474524, -9.00251592474524, -9.00251592474524, -9.00251592474524, -9.00251592474524, -9.00251592474524, -9.00251592474524, -9.00251592474524, -9.00251592474524, -9.00251592474524, -9.00251592474524, -9.00251592474524, -9.00251592474524, -9.00251592474524, -9.00251592474524, -9.00251592474524, -9.00251592474524, -10.746736462228, -10.746736462228, -10.746736462228, -10.746736462228, -10.746736462228, -10.746736462228, -10.746736462228, -10.746736462228, -10.746736462228, -10.746736462228, -10.746736462228, -10.746736462228, -10.746736462228, -10.746736462228, -10.746736462228, -10.746736462228, -10.746736462228, -10.746736462228, -10.746736462228, -10.746736462228, -10.746736462228, -10.746736462228], "norm_en": -717119.659190258}