{"acq_vals": [1187.3793696479834, 1012.6775934343711, 990.4921848354268, 1038.8608372444055, 999.3675300021966, 1021.9174688542181, 932.0861442121723, 948.6164549406261, 886.7810131195798, 859.9541658229449, 878.1800186282492, 834.3192276679165, 838.5902025000903, 821.0649002859053, 817.8392897893294, 903.487141613683, 835.1378194550172, 814.3264896088585, 790.3958152464384, 794.6042022652096, 775.1241047225858, 741.7885104612219, 717.8641405730982, 776.6075348759714, 729.3564635291468, 737.0985170814083, 719.2365515619393, 705.4559917928822, 704.958662762769, 688.0409936838314, 695.2400179993986, 678.6018209963046, 708.7562688538422, 700.0659976169671, 668.8090416563133, 685.6599362186735, 659.1383934436952, 678.1647440604144, 666.9405046947999, 660.7589927787469, 670.5877269413338, 652.6708885903043, 652.9444619161848, 664.779249203248, 633.3056581672128, 651.6764045429466, 639.1288354967892, 649.9625603938775, 633.3955226733775, 628.98457834826], "deepest_minima": [-7.717309965169989, -7.717309965169989, -7.717309965169989, -8.401918830350041, -8.401918830350041, -8.401918830350041, -8.401918830350041, -8.401918830350041, -8.401918830350041, -8.401918830350041, -8.401918830350041, -8.401918830350041, -8.401918830350041, -8.401918830350041, -8.401918830350041, -8.401918830350041, -10.725067950668745, -10.725067950668745, -10.725067950668745, -10.725067950668745, -10.725067950668745, -10.725067950668745, -10.725067950668745, -10.725067950668745, -10.725067950668745, -10.725067950668745, -10.725067950668745, -10.725067950668745, -10.725067950668745, -10.725067950668745, -10.725067950668745, -10.725067950668745, -10.725067950668745, -10.725067950668745, -10.725067950668745, -10.725067950668745, -10.725067950668745, -10.725067950668745, -10.725067950668745, -10.725067950668745, -10.725067950668745, -10.725067950668745, -10.725067950668745, -10.725067950668745, -10.725067950668745, -10.725067950668745, -10.725067950668745, -10.725067950668745, -10.725067950668745, -10.725067950668745]}