{"acq_vals": [86.00815629100362, 56.75917374947394, 75.46704796836455, 45.77638219457986, 49.16448252310154, 59.357913180047184, 40.10913025028483, 74.61850784977844, 76.83961592903648, 90.00919663864312, 89.80443089818698, 79.76118788300451, 67.1068748056056, 43.94430631261362, 40.610063509092306, 58.92138496832767, 74.53645971559666, 61.889588337866606, 80.25594123830051, 92.82301903176065, 36.80334947227687, 41.11592446419308, 28.793667263913214, 13.380118235616715, 33.74925321393317, 45.54015391576338, 35.53281183782914, 44.827136830857356, 33.29525982767971, 39.292715882486846, 36.72389515958532, 23.643726433567057], "deepest_minima": [0.9088473967276514, 0.9088473967276514, 0.9088473967276514, 0.9088473967276514, 0.9088473967276514, 0.9088473967276514, 0.9088473967276514, 0.9088473967276514, 0.9088473967276514, 0.9088473967276514, 0.9088473967276514, 0.9088473967276514, 0.870632276230026, 0.870632276230026, 0.870632276230026, 0.870632276230026, 0.870632276230026, 0.870632276230026, 0.870632276230026, 0.870632276230026, 0.870632276230026, 0.870632276230026, 0.870632276230026, 0.870632276230026, 0.8062668868806213, 0.8062668868806213, 0.8062668868806213, -1.0434391339076683, -1.0434391339076683, -1.0434391339076683, -1.0434391339076683, -1.0434391339076683]}