{"acq_vals": [26.526820021410987, 15.14486050544578, 12.538939108363769, 9.157528378393083, 31.871401630997507, 28.692263686795332, 15.04003602873927, 10.1083656368818, 6.542432235393491, 0.9575200564015041, 6.293719083296951, 20.024446361556347, 6.365622789833848, 9.827555636458355, 5.8656916342334275, 3.8696132492392534, 3.6194994455937546, 0.5668588257542757, 3.913596341762255, 2.22222441888065, 1.1229394187422443, 0.46667665637089556, 2.553388992423152, 0.1433956679100228, 7.181754243369444, 3.7391527323438774, 1.7788474237543486, 1.6507204331506635, 3.156772560443792, 4.055222491735138, 0.20452393538338048, 0.16192771658683106, 0.07783550839934605, 0.06733763968884432, 1.043056255530244, 4.2218743777372545, 0.0748358207500246, 0.06361792214369189, 1.073327278274637, 0.057041242632067224, 0.04956983182279373, 0.03397175625445925, 1.2856897932549194, 0.03342156980738764, 0.0330054524565071, 0.032651178194441854, 0.032079246376838455, 0.03156138459820568], "deepest_minima": [-6.704859772697091, -6.704859772697091, -6.704859772697091, -6.704859772697091, -6.704859772697091, -6.704859772697091, -6.704859772697091, -6.704859772697091, -6.704859772697091, -6.704859772697091, -6.704859772697091, -6.704859772697091, -6.704859772697091, -6.704859772697091, -6.704859772697091, -6.704859772697091, -6.704859772697091, -6.704859772697091, -6.704859772697091, -6.704859772697091, -6.704859772697091, -6.704859772697091, -6.704859772697091, -6.704859772697091, -6.704859772697091, -6.704859772697091, -6.704859772697091, -6.704859772697091, -6.704859772697091, -6.704859772697091, -6.704859772697091, -6.704859772697091, -6.704859772697091, -6.704859772697091, -6.704859772697091, -6.704859772697091, -6.704859772697091, -6.704859772697091, -6.704859772697091, -6.704859772697091, -6.704859772697091, -6.704859772697091, -6.704859772697091, -6.704859772697091, -6.704859772697091, -6.704859772697091, -6.704859772697091, -6.704859772697091], "norm_en": -499298.5107466433}