{"acq_vals": [41.613156880029386, 37.6126969596296, 39.66238588594897, 38.59195784351041, 32.79474595468712, 31.811973402447208, 23.743506010342625, 21.107752560578845, 23.761327833272784, 28.291557544825153, 23.8402441091395, 26.361230137519215, 22.865460431699482, 22.838568492501825, 22.61156247500094, 19.172873617917666, 17.954636830874495, 21.899022663276213, 138.78536725125764, 129.28230702217664, 113.67453593535517, 119.14448359620394, 109.46525468360758, 100.59789264291233, 114.51300239438861, 100.78388037814806, 109.59317151013732, 104.98109762896219, 93.58619635452197, 105.21944198980843, 97.50393404882506, 93.57938670438483, 85.45237154918513, 88.34532386144419, 94.81385851737595, 85.52091451620373, 93.18527224865994, 81.11440198113719, 90.44092588436305, 78.87821169563529, 74.51741446106796, 144.7242128366717, 122.08665645156321, 117.92276783550899, 106.47130055751839, 94.2799060994462, 102.00645406149835, 96.44324674182168, 94.93930153711432, 79.61334289394819], "deepest_minima": [-1.1252764145028777, -1.1252764145028777, -1.1252764145028777, -1.1252764145028777, -1.1252764145028777, -1.1252764145028777, -1.1252764145028777, -1.1252764145028777, -1.1252764145028777, -1.1252764145028777, -1.1252764145028777, -1.1252764145028777, -1.1252764145028777, -1.1252764145028777, -1.1252764145028777, -1.1252764145028777, -1.1252764145028777, -1.1252764145028777, -1.1252764145028777, -1.1252764145028777, -1.1252764145028777, -1.1252764145028777, -1.1252764145028777, -1.1252764145028777, -1.1252764145028777, -1.1252764145028777, -1.1252764145028777, -1.1252764145028777, -1.1252764145028777, -1.1252764145028777, -1.1252764145028777, -1.1252764145028777, -1.1252764145028777, -1.1252764145028777, -1.1252764145028777, -1.1252764145028777, -1.1252764145028777, -1.1252764145028777, -1.1252764145028777, -1.1252764145028777, -1.1252764145028777, -1.1252764145028777, -1.1252764145028777, -1.1252764145028777, -1.1252764145028777, -1.1252764145028777, -1.1252764145028777, -1.1252764145028777, -1.1252764145028777, -1.1252764145028777], "norm_en": -335430.48746516433}