{"acq_vals": [227.53295410733799, 176.26366228148188, 175.0907856140284, 145.87087438523227, 143.31219004406395, 129.05455046014114, 126.85149234492441, 130.51710936511202, 129.61871758638299, 123.25007438772168, 115.30686058801746, 121.85631859461382, 117.4793545037117, 133.80351023650556, 117.01388250974625, 194.30438240958128, 320.9612621526713, 7625.9290393388455, 586276.615412042, 517329.58471254294, 459719.6428579716, 381538.5818087381, 427075.2416303387, 323741.7636723797, 341358.83858800784, 390469.8951580348, 326455.51253509696, 351660.5620670673, 353408.11636187084, 324101.11388321756, 329751.9986776825, 311623.7965046255, 299037.34766168054, 339782.35710062843, 282646.077934229, 271825.4503685795, 263441.1474717005, 265000.1914074308, 292300.50383184897, 258675.11217304075, 284040.01567922864, 244531.32795010525, 238931.6440515533, 278039.0115458171, 295340.5716163794, 230885.14015901226, 236429.85629591433, 251024.84285410322, 241362.10132575745, 218529.9572341205], "deepest_minima": [0.8356080232188106, -0.5810758676379919, -0.5810758676379919, -0.7517522478010505, -0.7517522478010505, -0.7517522478010505, -0.7517522478010505, -0.7517522478010505, -0.7517522478010505, -0.7517522478010505, -0.7517522478010505, -1.4861741072963923, -1.4861741072963923, -1.4861741072963923, -1.4861741072963923, -1.4861741072963923, -1.4861741072963923, -1.4861741072963923, -1.4861741072963923, -1.4861741072963923, -1.4861741072963923, -1.4861741072963923, -1.4861741072963923, -1.4861741072963923, -1.4861741072963923, -1.4861741072963923, -1.4861741072963923, -1.7061081728897989, -1.7061081728897989, -1.7061081728897989, -1.7061081728897989, -1.7061081728897989, -1.7061081728897989, -1.7061081728897989, -1.7061081728897989, -1.7061081728897989, -1.7061081728897989, -1.7061081728897989, -1.7061081728897989, -1.7061081728897989, -1.7061081728897989, -1.7061081728897989, -1.7061081728897989, -1.7061081728897989, -1.7061081728897989, -1.7061081728897989, -1.9989291606470942, -1.9989291606470942, -1.9989291606470942, -1.9989291606470942]}