{"acq_vals": [254.81925772743463, 180.10773191508093, 188.2678013800969, 160.044005122664, 125.75826383022633, 111.56274694584624, 119.44808836822179, 114.11142060888886], "deepest_minima": [1.9030784287606366, 1.9030784287606366, 1.5667517216643319, 1.5667517216643319, 1.5667517216643319, 1.5667517216643319, 1.5667517216643319, 1.5667517216643319]}