{"acq_vals": [38.48463135752645, 34.3389802986181, 34.314565363982794, 33.52891799635924, 24.324244509973507, 35.15385222249645, 18.39628694313081, 26.832593865752674, 43.277299608179305, 30.791544449836174, 29.437032224061863, 45.56364649870776, 75.94966008898818, 87.04893955505067, 88.92916195894064, 80.16540313868259, 71.26796862812289, 67.69830236210946, 77.66762604398674, 71.82624826402103, 44.78737701256476, 58.04563329335429, 44.07971355654383, 66.213735460984, 57.215599592625644, 42.19589593986533, 32.18490180007805, 45.96279230773385, 57.6548510828126, 35.77233392498849, 46.244938198862776, 64.41399409132022, 55.904497429293556, 40.63885725187867, 27.12493862571191, 49.03947834016339, 54.06221954701254, 42.43638670512606, 25.19052058833192, 47.931415103217354, 27.35879543705523, 43.275911511704486, 38.810070275945705, 47.852620864291474, 64.56054808222935, 52.47502866183023, 28.095408947214146, 39.21866358406102, 36.12649815067711, 32.83716399217411], "deepest_minima": [-0.2074702445534058, -0.2074702445534058, -1.386569024529308, -1.386569024529308, -1.386569024529308, -1.386569024529308, -1.386569024529308, -1.386569024529308, -1.386569024529308, -1.386569024529308, -1.386569024529308, -1.386569024529308, -1.386569024529308, -1.386569024529308, -1.386569024529308, -1.386569024529308, -1.386569024529308, -1.386569024529308, -1.386569024529308, -1.386569024529308, -1.386569024529308, -1.386569024529308, -1.386569024529308, -1.386569024529308, -1.386569024529308, -1.386569024529308, -1.386569024529308, -1.386569024529308, -1.386569024529308, -1.386569024529308, -1.386569024529308, -1.386569024529308, -1.386569024529308, -1.386569024529308, -1.386569024529308, -1.386569024529308, -1.386569024529308, -1.386569024529308, -1.386569024529308, -1.386569024529308, -1.386569024529308, -1.386569024529308, -1.386569024529308, -1.386569024529308, -1.386569024529308, -1.386569024529308, -1.386569024529308, -1.386569024529308, -1.386569024529308, -1.386569024529308], "norm_en": -335430.48746516433}