{"acq_vals": [37.46087077414026, 30.895932309633753, 14.249060949359095, 13.412059560254857, 10.849076111226628, 10.523979312476012, 4.588588490417559, 17.23412743058068, 50.1094903745535, 25.668818035686638, 74.05965002675042, 69.2431309461264, 91.70272718502619, 64.44071045791605, 41.168435504363934, 42.11739026512182, 49.59725489134195, 42.8649428582365, 30.0203629549909, 25.604235249428115, 28.079472177437268, 25.636109283776502, 13.927429954177027, 35.376864793441015, 15.9159146211444, 17.025908308745752, 7.055643322419638, 15.112497800756893, 15.25360977448966, 9.013054142832956, 16.195209784425927, 10.00876176664597, 12.239781319801915, 10.218738212935001, 11.629517055670284, 14.75676102878305, 26.009971874737744, 20.421514430787674, 9.623508351769319, 8.583506461826442, 13.149137642110482, 7.077556970836798, 9.841183364963907, 4.779577744608278, 6.623422354790242, 5.826601930899213, 10.646108489399152, 1.5957624129583654, 5.625260094254104, 6.271383130464338], "deepest_minima": [-2.554276854149066, -2.554276854149066, -2.5724046967807226, -2.5724046967807226, -2.5724046967807226, -2.5834108364069834, -2.5834108364069834, -2.5834108364069834, -2.5834108364069834, -2.5834108364069834, -2.5834108364069834, -2.5834108364069834, -2.5834108364069834, -2.5918570205103606, -2.5918570205103606, -2.5918570205103606, -2.5918570205103606, -2.5918570205103606, -2.5918570205103606, -2.5918570205103606, -2.5918570205103606, -2.5918570205103606, -2.5918570205103606, -2.5918570205103606, -2.5918570205103606, -2.59759123402182, -2.59759123402182, -2.59759123402182, -2.59759123402182, -2.59759123402182, -2.59759123402182, -2.59759123402182, -2.59759123402182, -2.59759123402182, -2.59759123402182, -2.59759123402182, -2.59759123402182, -2.59759123402182, -2.59759123402182, -2.59759123402182, -2.59759123402182, -2.59759123402182, -2.59759123402182, -2.59759123402182, -2.59759123402182, -2.59759123402182, -2.59759123402182, -2.59759123402182, -2.59759123402182, -2.59759123402182], "norm_en": -493124.6701872513}