{"acq_vals": [217.36067559836096, 172.81940936400406, 173.26863951267458, 175.24633804541605, 175.66876153781675, 179.50664112831458, 149.90265017468087, 143.54910416110718, 136.31583611093123, 111.62417256260622, 112.25327797046371, 108.09593182775123, 84.50973407505307, 69.35000623513803, 51.6980074426295, 64.19733399238525, 45.826274916850956, 58.72100396619338, 59.15436834308597, 55.92920223157731, 64.05199629193362, 51.9114215768334, 49.56148293819525, 45.495410301476404, 53.25168364989974, 44.186339362468175, 42.29362795301112, 42.85778687904583, 40.22362086815897, 38.03531193385337, 39.48419248776361, 39.115233345287834, 36.89851288765318, 35.463056564624125, 34.45712307485105, 34.31093782811922, 41.22043711846657, 29.625540442700945, 43.42329017002039, 35.69140924334565, 31.323365644294032, 30.208671866846597, 27.024008512631276, 27.067261458841152, 26.718005610817343, 25.61899650296927, 29.657204425220797, 35.53871357334876, 25.661495810206873, 25.74995168075267], "deepest_minima": [4.024753621313721, 4.024753621313721, 4.024753621313721, 3.505660912487656, 2.1778101117815822, 2.1778101117815822, 2.1778101117815822, -1.6699589465279132, -1.6699589465279132, -1.6699589465279132, -1.6699589465279132, -1.6699589465279132, -1.6699589465279132, -1.6699589465279132, -1.6699589465279132, -1.6699589465279132, -1.6699589465279132, -1.6699589465279132, -1.6699589465279132, -1.6699589465279132, -1.6699589465279132, -1.6699589465279132, -1.6699589465279132, -1.6699589465279132, -1.6699589465279132, -1.6699589465279132, -1.6699589465279132, -1.6699589465279132, -1.6699589465279132, -1.6699589465279132, -1.6699589465279132, -1.6699589465279132, -1.6699589465279132, -1.6699589465279132, -1.6699589465279132, -1.6699589465279132, -1.6699589465279132, -1.6699589465279132, -1.6699589465279132, -1.6699589465279132, -1.6699589465279132, -1.6699589465279132, -1.6699589465279132, -1.6699589465279132, -1.6699589465279132, -1.6699589465279132, -1.6699589465279132, -1.6699589465279132, -1.6699589465279132, -1.6699589465279132]}