{"acq_vals": [587.5022283811375, 568.296116709774, 525.243652842358, 518.6603743376344, 511.96207483932017, 502.68566405803153, 18556.913543624036, 16454.435633288194, 16146.525111988192, 14590.253830136595, 14923.498372084405, 15113.352843112734, 15442.91589138199, 14348.791942550368, 13583.444462155394, 13384.960415431837, 12797.813734612502, 13068.619891892287, 13000.470692038027, 12508.916573675857, 12694.448370223423, 12550.805487444479, 12218.050451337587, 12265.48033103019, 12856.53088037063, 12226.907384582455, 12835.59271886698, 12453.632740554243, 11820.922661616853, 12012.259361705725, 11875.603209780718, 11829.95272608776, 12008.262706860929, 11881.99186110934, 11447.166232792451, 11937.998981783221, 11139.337861598458, 11505.33526688464, 11602.116946401142, 11327.341321270076, 11638.204447716505, 11341.854163203914, 11340.736332516039, 11086.367872801147, 11039.268490052946, 11331.826189108086, 10933.833271194972, 10752.751342387328, 11172.501658674957, 10962.017750421983], "deepest_minima": [-0.3226471757516265, -0.3226471757516265, -0.3226471757516265, -0.3226471757516265, -0.3226471757516265, -0.3226471757516265, -0.3226471757516265, -0.3226471757516265, -0.3226471757516265, -0.3226471757516265, -0.6965752206742764, -0.7714206199161708, -0.7714206199161708, -0.7714206199161708, -0.7714206199161708, -2.668084572069347, -2.668084572069347, -2.668084572069347, -2.668084572069347, -2.668084572069347, -2.668084572069347, -2.668084572069347, -2.668084572069347, -2.668084572069347, -2.668084572069347, -2.668084572069347, -2.668084572069347, -2.668084572069347, -2.668084572069347, -2.668084572069347, -2.668084572069347, -2.668084572069347, -2.668084572069347, -2.668084572069347, -2.668084572069347, -2.668084572069347, -2.668084572069347, -2.668084572069347, -2.668084572069347, -2.668084572069347, -2.668084572069347, -2.668084572069347, -2.668084572069347, -2.668084572069347, -2.668084572069347, -2.668084572069347, -2.668084572069347, -2.668084572069347, -2.668084572069347, -2.668084572069347]}