{"acq_vals": [31.9137110603526, 10.598630848754606, 7.608181778944078, 145.30107318793947, 96.5961098947689, 38.15433337865601, 75.46144277687058, 11.971521506670568, 11.78902216525071, 13.096657936619332, 8.00953926743455, 31.351315719092465, 27.840973235694694, 23.03340443843647, 24.017720988654933, 7.040979621564705, 8.619195061893656, 21.39005693094833, 7.366522892035366, 0.35764765878213367, 0.5067077484500256, 7.300108132282682, 22.674554491095034, 1.1925378820796633, 9.7447015477285, 0.17587662232941945, 0.8900278226457843, 9.219981287438292, 0.19625437652834546, 0.22821360577547622, 6.585813862751984, 0.07329522422287482, 0.23051480148399345, 0.6882727357079784, 3.0311162519065884, 6.075988425497437, 0.06872665474361384, 0.2806386843151556, 0.1596207506662376, 0.11662069993951717, 0.048639808013945185], "deepest_minima": [-6.787332192645408, -6.787332192645408, -6.787332192645408, -6.787332192645408, -6.787332192645408, -8.120978911814746, -8.120978911814746, -8.183422325644642, -8.183422325644642, -8.183422325644642, -8.183422325644642, -8.183422325644642, -8.183422325644642, -8.183422325644642, -8.183422325644642, -8.183422325644642, -8.183422325644642, -8.183422325644642, -8.183422325644642, -8.183422325644642, -8.183422325644642, -8.183422325644642, -8.183422325644642, -8.183422325644642, -8.183422325644642, -8.183422325644642, -8.183422325644642, -8.183422325644642, -8.183422325644642, -8.183422325644642, -8.183422325644642, -8.183422325644642, -8.183422325644642, -8.183422325644642, -8.183422325644642, -8.183422325644642, -8.183422325644642, -8.183422325644642, -8.183422325644642, -8.183422325644642, -8.183422325644642], "norm_en": -341603.9614621028}