{"acq_vals": [11.686701406586922, 19.06075437356461, 9.42020999727249, 7.539713970744548, 7.4973256105575565, 5.829742793272969, 21.0533458267689, 24.82844408335884, 34.17819949646119, 15.351085144355485, 15.117310283731333, 11.991581014669222, 108.4359684938696, 115.28634412944136, 57.30517221674401, 54.25611357070431, 60.348273069108444, 44.562967103846105, 43.956873424052816, 51.06265521059606, 44.777981001207316, 42.796469086842315, 36.054674545483884, 28.608111517138827, 25.140767002479283, 22.51262376958416, 24.115269781065987, 19.962008084210435, 21.498082210566995, 15.614858067483853, 11.796019332936732, 9.768309165566047, 10.373247618687211, 7.6891665680152865, 7.5366122767377455, 8.190109696921654, 5.2962147045794765, 6.014118319918408, 5.511062444117253, 5.531450594259803, 5.260269146203561, 4.247281094522204, 4.2930125784931334, 4.451058469400865, 15.961719948544786, 10.120605752958507, 197.4587290151437, 177.25199328423415, 117.00382283279282, 86.03347065511318], "deepest_minima": [-7.47189071419416, -7.47189071419416, -7.47189071419416, -7.47189071419416, -7.47189071419416, -7.47189071419416, -7.47189071419416, -7.47189071419416, -7.47189071419416, -7.47189071419416, -7.47189071419416, -7.47189071419416, -7.47189071419416, -7.47189071419416, -7.47189071419416, -7.47189071419416, -7.47189071419416, -7.47189071419416, -7.47189071419416, -7.47189071419416, -7.47189071419416, -7.47189071419416, -7.47189071419416, -7.47189071419416, -7.47189071419416, -7.47189071419416, -7.47189071419416, -7.47189071419416, -7.47189071419416, -7.47189071419416, -7.47189071419416, -7.47189071419416, -7.47189071419416, -7.47189071419416, -7.47189071419416, -7.47189071419416, -7.47189071419416, -7.495033560378943, -7.495033560378943, -7.495033560378943, -7.495033560378943, -7.495033560378943, -7.495033560378943, -7.495033560378943, -7.495033560378943, -7.495033560378943, -7.495033560378943, -7.495033560378943, -7.495033560378943, -7.495033560378943], "norm_en": -307917.97903379245}