{"acq_vals": [18.10304726637027, 10.895491300862137, 43.78388254473938, 12.085451976536932, 26.55077018834954, 44.38377614593696, 26.712620777964638, 33.330638640059746, 26.60616332922915, 28.966138670104865, 8.415347685128133, 37.29982768152321, 47.84502163754735, 123.3352704876961, 158.48988391565882, 173.54536137907937, 228.72495593202098, 118.03045205668857, 104.46050941265794, 61.01201525752326, 185.72157108961483, 453.06313426535144, 360.73867346587815, 414.86902782555677, 772.9977896189554, 704.7604409418587, 318.89929245516964, 258.3928539202104, 41.78156249805159, 277.9306187944683, 85.50701519676926, 638.3441082577928, 39.88764151898758, 101.37368931778681, 241.2872954284304, 131.178524528652, 538.4167948557161, 227.29623420368677, 347.7939970102654, 318.8687230543968, 72.50703205597745, 131.96212881122182, 68.55808766059302, 156.42809030595652, 51.532475353315725, 182.78820380283418, 149.52279434255627, 16.764379449707185, 1413.7879065733077, 1166.6336351523369], "deepest_minima": [-2.580423102597706, -2.580423102597706, -2.5847185530001298, -2.5847185530001298, -2.5847185530001298, -2.590107744326815, -2.590107744326815, -2.590107744326815, -2.590107744326815, -2.590107744326815, -2.590107744326815, -2.590107744326815, -2.590107744326815, -2.590107744326815, -2.590107744326815, -2.590107744326815, -2.590107744326815, -2.590107744326815, -2.590107744326815, -2.590107744326815, -2.590107744326815, -2.590107744326815, -2.590107744326815, -2.590107744326815, -2.590107744326815, -2.590107744326815, -2.590107744326815, -2.590107744326815, -2.590107744326815, -2.590107744326815, -2.590107744326815, -2.590107744326815, -2.590107744326815, -2.590107744326815, -2.590107744326815, -2.590107744326815, -2.590107744326815, -2.590107744326815, -2.590107744326815, -2.590107744326815, -2.590107744326815, -2.590107744326815, -2.590107744326815, -2.590107744326815, -2.590107744326815, -2.590107744326815, -2.590107744326815, -2.590107744326815, -2.590107744326815, -2.590107744326815], "norm_en": -493124.6701872513}