{"acq_vals": [39.85830409441546, 11.16211263462817, 7.600494704407845, 4.0550480515547775, 97.69682974028052, 41.98341356281198, 43.53916836347684, 53.982038665051796, 33.51477203207588, 20.137693216323346, 5.297345600079012, 12.723385764236056, 18.49010698509194, 13.073481348754724, 11.493569284570938, 7.073833881919148, 7.009005361759174, 4.928642720304323, 7.952277130281283, 16.375315594938687, 8.193937476129319, 0.46434332846207127, 0.46144649608473837, 54.750711593028406, 35.3069812986956, 7.900120953995027, 7.465741125771719, 17.640695047161763, 15.402768107790836, 7.06489070718003, 4.82568012506864, 0.2710113598131392, 0.1935835471327325, 10.306564046566127, 10.537246578942298, 0.14680589268161973, 4.619026387680528, 0.10851005927133883, 0.09097916034875198, 1.0816039131577664, 0.07248853539022093, 0.06541264172142291, 0.12409493174004388, 2.9655495996905326, 0.09556676480428905, 0.07867977741329923, 0.05404264517346746, 2.30317856474826, 0.04741263217442793, 2.795750683453074], "deepest_minima": [-7.415660408500116, -7.429307374055497, -7.464775753207505, -7.464775753207505, -7.464775753207505, -7.464775753207505, -7.464775753207505, -7.464775753207505, -7.4665288151591085, -7.4665288151591085, -7.4665288151591085, -7.4665288151591085, -7.4665288151591085, -7.4665288151591085, -7.4665288151591085, -7.466596196463797, -7.466596196463797, -7.466596196463797, -7.466596196463797, -7.466596196463797, -7.466596196463797, -7.466596196463797, -7.479121106734965, -7.479121106734965, -7.479121106734965, -7.479121106734965, -7.479121106734965, -7.479121106734965, -7.479121106734965, -7.479121106734965, -7.479121106734965, -7.479121106734965, -7.510120751801878, -7.510120751801878, -7.510120751801878, -7.510120751801878, -7.510120751801878, -7.510120751801878, -7.510120751801878, -7.510120751801878, -7.510120751801878, -7.510195097303949, -7.510195097303949, -7.510195097303949, -7.510195097303949, -7.510195097303949, -7.510195097303949, -7.510195097303949, -7.510195097303949, -7.510195097303949], "norm_en": -307917.97903379245}