{"acq_vals": [93.1164876348632, 85.71433877757362, 48.57730169813373, 48.311255499617275, 97.04732403922601, 191.05002966607424, 135.97081150393927, 133.41862071506583, 126.23173443060611, 83.19799479309953, 111.46420800100397, 109.06701959195874, 96.02098715888131, 105.61888521791914, 101.58486330741711, 101.54588649062357, 102.91121830437014, 98.25641315082282, 106.25829670751166, 98.61044450505766, 145.01676127402106, 126.36268446923792, 125.18595941313853, 183.22662132200313, 174.34098951519857, 167.73358680741214, 193.53641528259553, 163.9388951400188, 216.12646443948466, 198.30270376873452, 142.88476601418844, 166.61058735922836, 172.81285537342094, 155.48275332133977, 141.29116742498908, 149.59628242633588, 142.90060417928504, 124.64628408827129, 117.44808231783786, 116.596774322954, 121.8491849120748, 105.75896998267747, 118.71374394261048, 115.31798084170929, 110.48766065120759, 115.02727099639839, 107.68657637615507, 100.96988236679285, 95.20288395401218, 93.64233962384824], "deepest_minima": [-2.038253774284385, -2.038253774284385, -2.038253774284385, -2.038253774284385, -2.038253774284385, -2.038253774284385, -2.038253774284385, -10.71936796035152, -10.71936796035152, -10.71936796035152, -10.71936796035152, -10.71936796035152, -10.71936796035152, -10.7452445771778, -10.7452445771778, -10.7452445771778, -10.7452445771778, -10.7452445771778, -10.7452445771778, -10.7452445771778, -10.7452445771778, -10.7452445771778, -10.7452445771778, -10.7452445771778, -10.7452445771778, -10.7452445771778, -10.7452445771778, -10.7452445771778, -10.7452445771778, -10.755983635084704, -18.71245798957534, -18.71245798957534, -18.71245798957534, -18.71245798957534, -18.71245798957534, -18.71245798957534, -18.71245798957534, -18.71245798957534, -18.71245798957534, -18.71245798957534, -18.71245798957534, -18.71245798957534, -18.71245798957534, -18.71245798957534, -18.71245798957534, -18.71245798957534, -18.71245798957534, -18.71245798957534, -18.71245798957534, -18.71245798957534], "norm_en": -717119.659190258}