{"acq_vals": [246.1480102899673, 205.00537617667996, 170.56961938749083, 116.39804417485915, 69.24062187436904, 95.88751092748241, 72.70213261610428, 83.88155576960796, 93.85297175560058, 70.16473609333266, 88.65097884823372, 60.30384039067432, 25.141784707809997, 31.39707522554257, 90.99914096755984, 55.39656504680349, 61.884057029733874, 41.93795078689269, 74.44603467973764, 79.84905310995843, 75.493967847267, 48.803890697196174, 63.95775261912909, 37.265154156515514, 57.724929914812684, 43.5945782641406, 27.855305912139034, 18.256481686646094, 40.136524507025996, 53.586808487524216, 34.063504095358766, 41.58517936585105, 80.77416786210986, 55.10505388931364, 31.996434659355927, 52.41432583968441, 20.303119273416534, 29.90554512539421, 34.70223142966053, 49.285330558323274, 19.577968463798378, 44.50123167083114, 30.32169193478473, 25.104207079628125, 33.74173475443566, 14.360615785521654, 20.89475942977642, 32.543399214201926, 28.22805380396378, 58.23062535984199], "deepest_minima": [3.658167321118526, -1.4786742721917108, -1.4786742721917108, -1.4786742721917108, -1.4786742721917108, -1.4786742721917108, -1.4786742721917108, -1.4786742721917108, -1.4786742721917108, -1.4786742721917108, -1.4786742721917108, -1.4786742721917108, -1.4786742721917108, -1.4786742721917108, -1.4786742721917108, -1.4786742721917108, -1.4786742721917108, -1.4786742721917108, -1.4786742721917108, -1.4786742721917108, -1.4786742721917108, -1.4786742721917108, -1.4786742721917108, -1.4786742721917108, -1.4786742721917108, -1.4786742721917108, -1.4786742721917108, -1.4786742721917108, -1.4786742721917108, -1.4786742721917108, -1.4786742721917108, -1.4786742721917108, -1.4786742721917108, -1.4786742721917108, -1.4786742721917108, -1.4786742721917108, -1.4786742721917108, -1.4786742721917108, -1.4786742721917108, -1.4786742721917108, -1.4786742721917108, -1.4786742721917108, -1.4786742721917108, -1.4786742721917108, -1.4786742721917108, -1.4786742721917108, -1.4786742721917108, -1.4786742721917108, -1.4786742721917108, -1.4786742721917108]}