{"acq_vals": [8.983479984424958, 0.7804196638715031, 4.585773000513177, 1.819048108473951, 0.5167660233476544, 0.19982047027265784, 1.5615779609412948, 0.1004219185749946, 0.08501940118524232, 0.06474420090362543, 0.36887112997706395, 0.06418939332868234], "deepest_minima": [0.07068792695645243, 0.07068792695645243, -0.009949767612852156, -0.024129288038238883, -0.024129288038238883, -0.024129288038238883, -0.024129288038238883, -0.024129288038238883, -0.024129288038238883, -0.024129288038238883, -0.024129288038238883, -0.024129288038238883], "norm_en": -715268.6969642891}