{"acq_vals": [38.440220689965045, 7.0402757901794875, 17.1101514440043, 20.597804067664296, 6.707733590040606, 17.328018104555355, 8.366193521933718, 12.913604288949543, 22.320460579376395, 0.45633743157119744, 11.478357718210255, 12.799206804491508, 0.3696375665100522, 9.744283537638333, 0.2917891062737269, 1.9756117551575296, 15.810782798835481, 11.144096114395134, 18.98924416279679, 8.634078179799957, 1.3787422643122558, 7.302982921111784, 4.84379324245655, 12.606316393961578, 5.7188744647929335, 7.256216694254752, 3.6439902225783203, 2.3459662539687964, 1.484560387197215, 0.12913686624051407, 0.11358926100825784, 0.06532011210873634, 0.058946752350664156, 0.053224198298266856], "deepest_minima": [-1.5492259925813414, -1.5492259925813414, -1.5615610441891477, -1.5615610441891477, -6.091001142282039, -6.12328044482274, -6.12328044482274, -6.12328044482274, -6.12328044482274, -6.12328044482274, -6.12328044482274, -6.12328044482274, -6.12328044482274, -6.12328044482274, -6.12328044482274, -6.12328044482274, -6.12328044482274, -6.12328044482274, -6.12328044482274, -6.76807478594128, -6.76807478594128, -6.76807478594128, -6.76807478594128, -6.76807478594128, -6.76807478594128, -6.76807478594128, -6.76807478594128, -6.76807478594128, -6.76807478594128, -6.76807478594128, -6.76807478594128, -6.76807478594128, -6.76807478594128, -6.76807478594128], "norm_en": -499298.5107466433}