{"acq_vals": [119.14579994256604, 112.40211304955973, 93.51278068423068, 89.37435481963512, 90.74282340371292, 82.98391993820783, 75.78544179366486, 74.75475737006644, 76.16865201155089, 82.66071800571376, 84.77718535158992, 69.88669919675195, 116.93599065117705, 8085.632388402753, 5949.073629613688, 6220.252376749065, 4441.922436227203, 4267.381508109908, 4275.538423240376, 4333.494787049512, 4172.980543793235, 4086.4721153527157, 4193.040899542186, 3389.423512715316, 3505.6892204213286, 3648.9642906756185, 3679.7721633791416, 3189.485095511942, 2903.9017590802423, 2917.370792783039, 2447.3249168225047, 2617.7035679172436, 2568.1629819274312, 2601.5802063296505, 2316.606313786569, 2479.0349704306964, 2151.2607091582468, 2249.7764769140986, 2090.0608531060507, 2064.2471941600684, 2015.0024617321124, 2091.5975300493033, 1960.0328576427044, 1849.7803808455897, 1936.5586445960498, 1818.1729413622882, 1891.0458460061302, 1861.905915945876, 2050.8877850832528, 1764.6621979200668], "deepest_minima": [1.4992469325079583, 1.4992469325079583, 0.7355111204669811, 0.7355111204669811, 0.7355111204669811, 0.7355111204669811, 0.7355111204669811, 0.7355111204669811, 0.7355111204669811, 0.7355111204669811, -0.5511402401025407, -0.5511402401025407, -0.5511402401025407, -0.5511402401025407, -0.5511402401025407, -0.5511402401025407, -0.5511402401025407, -0.5511402401025407, -0.5511402401025407, -0.5511402401025407, -0.5511402401025407, -0.5511402401025407, -0.5511402401025407, -0.5511402401025407, -0.5511402401025407, -0.5511402401025407, -0.5511402401025407, -0.5511402401025407, -0.5511402401025407, -0.5511402401025407, -0.5511402401025407, -0.5511402401025407, -0.5511402401025407, -0.5511402401025407, -0.5511402401025407, -1.2503530700341798, -1.2503530700341798, -1.2503530700341798, -1.2503530700341798, -1.2503530700341798, -1.2503530700341798, -1.2503530700341798, -1.2503530700341798, -1.2503530700341798, -1.2503530700341798, -1.2503530700341798, -1.2503530700341798, -1.2503530700341798, -1.2503530700341798, -1.2503530700341798], "norm_en": -321357.706198883}