{"acq_vals": [150.55463933818362, 158.25019905493994, 139.10934407416997, 113.66635366458459, 299.47802549603796, 283.6765103603824, 234.50658161941763, 211.4195770456099, 209.30730037359066, 212.61533579222356, 174.83141350543085, 163.50365824781431, 159.8971420938503, 185.2958957104954, 152.48591846579782, 145.58882632326691, 138.03066844163683, 145.4113889758238, 137.08888603835854, 158.79408774170298, 142.22666318910285, 135.47626895155705, 150.38891751999955, 133.78332061740252, 132.17757181148608, 123.09678178480115, 128.71051099648918, 143.00057723572232, 110.28452483527379, 128.39473391667678, 124.38786263206177, 101.8718025900872, 87.4783264228937, 100.72872046615713, 102.05944224536569, 90.95182327822738, 94.9982439739886, 96.72580069114507, 84.14916658051972, 80.01170991918336, 80.0213826749477, 74.65826370987253, 83.14100843002974, 64.4795841326386, 71.68138024981063, 68.70147377932462, 65.70511216428402, 59.31248670939746, 64.14002013463896, 57.18953934990583], "deepest_minima": [-0.4245047958684154, -0.4245047958684154, -0.4245047958684154, -0.4245047958684154, -0.4245047958684154, -0.4245047958684154, -0.4245047958684154, -0.4245047958684154, -0.4245047958684154, -0.4245047958684154, -0.4245047958684154, -0.4245047958684154, -0.4245047958684154, -0.4245047958684154, -0.4245047958684154, -0.4245047958684154, -0.4245047958684154, -0.4245047958684154, -0.4245047958684154, -0.4245047958684154, -0.4245047958684154, -0.4245047958684154, -0.4245047958684154, -0.4245047958684154, -0.4245047958684154, -0.4245047958684154, -0.4245047958684154, -0.4245047958684154, -0.4245047958684154, -0.4245047958684154, -0.4245047958684154, -0.4245047958684154, -0.4245047958684154, -0.4245047958684154, -0.4245047958684154, -0.4245047958684154, -0.4245047958684154, -0.4245047958684154, -0.4245047958684154, -0.4245047958684154, -0.4245047958684154, -0.4245047958684154, -0.7262561545940116, -0.7262561545940116, -0.7262561545940116, -0.7262561545940116, -0.7262561545940116, -0.7262561545940116, -0.7262561545940116, -0.7262561545940116], "norm_en": -321357.706198883}