{"acq_vals": [16.45459587907396, 7.821194012054077, 10.48150257158726, 7.59229339944174, 8.030864670611297, 34.92108409771884, 14.648123212300998, 1.5177742223984285, 0.9223431632886199, 0.41622996830357484, 0.295537320084135, 0.19282505539739306, 0.13723369241193387, 4.144084142599322, 0.08642674529187389, 0.08194177359166588, 0.07156036698791013, 22.749319883219485, 9.228726607458423, 16.97299093799679, 76.82176244765918, 639.3802317049239, 207.84631274726505, 8.952365756606694, 263.1469277401747, 353.8292266113423, 120.2576432221013, 198.9357537001376, 112.51350746379357, 12.06278445555855, 132.3059008362533, 54.97740018103958, 103.88507999365072, 83.20210399788118, 39.31040222136652, 40.111487286841566, 30.125442365971804, 16.91987268945478, 17.4007480075581, 39.17693862027677, 22.320846351767845, 19.845188276512957, 17.368168987799972, 8.996340276256749, 24.04081320903474, 23.07488536975756, 11.688349725310713, 9.711781694140761, 0.17393313475218874, 11.052404427694626], "deepest_minima": [-7.4469374466571026, -7.4469374466571026, -7.4469374466571026, -7.4469374466571026, -7.4469374466571026, -7.4469374466571026, -7.4469374466571026, -7.4469374466571026, -7.479580990853719, -7.479580990853719, -7.479580990853719, -7.479580990853719, -7.479580990853719, -7.479580990853719, -7.479580990853719, -7.479580990853719, -7.479580990853719, -7.479580990853719, -7.479580990853719, -7.479580990853719, -7.479580990853719, -7.479580990853719, -7.479580990853719, -7.479580990853719, -7.479580990853719, -7.479580990853719, -7.479580990853719, -7.479580990853719, -7.479580990853719, -7.479580990853719, -7.479580990853719, -7.479580990853719, -7.479580990853719, -7.479580990853719, -7.479580990853719, -7.479580990853719, -7.479580990853719, -7.479580990853719, -7.479580990853719, -7.479580990853719, -7.479580990853719, -7.479580990853719, -7.479580990853719, -7.479580990853719, -7.479580990853719, -7.479580990853719, -7.479580990853719, -7.479580990853719, -7.479580990853719, -7.479580990853719], "norm_en": -307917.97903379245}