{"acq_vals": [15.700291899899687, 10.256843877462732, 16.379793164379862, 6.178888354514213, 12.520233436210368, 5.9034711586391655, 5.345646523679526, 2.5475728587955677, 6.448671870627026, 2.416639687863732, 0.5539578158416685, 8.535552710669112, 0.732490857762631, 0.4314417465846921, 3.3998635410305558, 14.04973687527541, 44.82029267662578, 59.038799750853634, 63.32530515687076, 8.122320670548763, 2.240943088937941, 17.304099472467378, 4.174273322425629, 3.168325104600861, 12.005104517779394, 13.649856891088264, 28.879659121477218, 0.3278919573271518, 0.35176390789099093, 5.158500232438456, 0.13633698009606843, 0.21163977204791706, 0.13738135657779577, 0.11419763938749825, 0.10277964734314082], "deepest_minima": [-0.5222586747840978, -0.5222586747840978, -0.5222586747840978, -0.534784214454703, -0.534784214454703, -0.5437797698541544, -0.5437797698541544, -0.5437797698541544, -0.5437797698541544, -0.5437797698541544, -0.5437797698541544, -0.5437797698541544, -0.5437797698541544, -0.5437797698541544, -1.5410442071733996, -1.5410442071733996, -1.5410442071733996, -7.4424382984871045, -7.4424382984871045, -7.4424382984871045, -7.4424382984871045, -7.460429479542654, -7.460429479542654, -7.460429479542654, -7.460429479542654, -7.460429479542654, -7.460429479542654, -7.511813944322057, -7.511813944322057, -7.511813944322057, -7.511813944322057, -7.511813944322057, -7.511813944322057, -7.511813944322057, -7.511813944322057], "norm_en": -307917.97903379245}