{"acq_vals": [60.30913913104656, 56.86386998216353, 126.66093305189034, 52.12675006913234, 49.88728232102722, 68.57358363602171, 31.957765335508203, 51.78041884946125, 25.675909547198504, 23.374888282593062, 26.836153508624694, 22.227103039252853, 54.106379683170005, 22.5873548660369, 13.863560298706075, 5.416070349654423, 4.2343016382651015, 29.98630579703361, 8.051952386824391, 11.231785055652768, 4.999064543180391, 5.9515438024292555, 34.13475324255065, 28.81932786333926, 18.643651129168468, 14.811076482887172, 5.068832043160552, 18.217908427637177, 1413.0770622718467, 1141.0492285981586, 3715.9782799124832, 2943.2596965984467, 1680.8799346990215, 29.832590567853202, 1099.1177886352707, 1747.7552257220223, 1244.3000334285389, 861.8408128323927, 456.7541481661493, 900.7093017308249, 21.3950196243495, 375.45228078641117, 275.72738178427795, 529.9741411177666, 797.5796675838156, 997.1204961723192, 229.86574811509047, 1265.3533968657318, 787.4065655776737, 1144.365358682689], "deepest_minima": [-2.5915576413390227, -2.5915576413390227, -2.5915576413390227, -2.5915576413390227, -2.5915576413390227, -2.5915576413390227, -2.5915576413390227, -2.5915576413390227, -2.5915576413390227, -2.5915576413390227, -2.5915576413390227, -2.5915576413390227, -2.5915576413390227, -2.5915576413390227, -2.5915576413390227, -2.5915576413390227, -2.5915576413390227, -2.5915576413390227, -2.5915576413390227, -2.5915576413390227, -2.5915576413390227, -2.5915576413390227, -2.5915576413390227, -2.5915576413390227, -2.5915576413390227, -2.5915576413390227, -2.5915576413390227, -2.5915576413390227, -2.5915576413390227, -2.5915576413390227, -2.5915576413390227, -2.5915576413390227, -2.5915576413390227, -2.5915576413390227, -2.5915576413390227, -2.5915576413390227, -2.5915576413390227, -2.5915576413390227, -2.5915576413390227, -2.5915576413390227, -2.5915576413390227, -2.5915576413390227, -2.5915576413390227, -2.5915576413390227, -2.5915576413390227, -2.5915576413390227, -2.5915576413390227, -2.5915576413390227, -2.5915576413390227, -2.5915576413390227], "norm_en": -493124.6701872513}