{"acq_vals": [26.402043049217635, 25.209609910608247, 16.45297584990318, 9.256645051270654, 15.434241064243746, 18.27082737769851, 12.160875904486486, 7.561216049688748, 19.403869654673244, 14.198203372806423, 12.662942901014011, 10.32912465885766, 6.905120441375625, 7.09048742579399, 6.629314144544383, 17.337059880833, 9.51714843284387, 16.09284163229128, 7.985897806692658, 6.134356004592066, 9.484978905341102, 7.198650090999426, 6.070095825143339, 6.455398333438246, 4.823864675780541, 4.442960866647639, 9.665733754394454, 4.9206547034242165, 5.426119509822296, 4.235140203275637, 3.9376284421217984, 8.578362999053686, 6.373250974076888, 4.412819365493751, 4.000308110341736, 2.9904569363304287, 2.88889687809821, 2.3973439592240617, 1.9073568855750915, 4.538800990471298, 2.168494630942827, 2.145159459685776, 1.5495257063617343, 1.3261271786468003, 1.1765897410654016, 0.8233716065785243, 0.857033259138939, 0.7408381966156578, 0.6889225520548942, 1.3783890146067375], "deepest_minima": [-8.165872918791138, -8.165872918791138, -8.165872918791138, -8.165872918791138, -8.165872918791138, -8.165872918791138, -8.165872918791138, -8.165872918791138, -8.165872918791138, -8.165872918791138, -8.165872918791138, -8.165872918791138, -8.165872918791138, -8.165872918791138, -8.165872918791138, -8.165872918791138, -8.165872918791138, -8.165872918791138, -8.168835626915097, -8.168835626915097, -8.168835626915097, -8.168835626915097, -8.168835626915097, -8.168835626915097, -8.168835626915097, -8.168835626915097, -8.168835626915097, -8.168835626915097, -8.168835626915097, -8.168835626915097, -8.168835626915097, -8.168835626915097, -8.168835626915097, -8.168835626915097, -8.168835626915097, -8.168835626915097, -8.168835626915097, -8.168835626915097, -8.168835626915097, -8.168835626915097, -8.168835626915097, -8.168835626915097, -8.168835626915097, -8.168835626915097, -8.168835626915097, -8.168835626915097, -8.168835626915097, -8.168835626915097, -8.168835626915097, -8.168835626915097], "norm_en": -341603.9614621028}