{"acq_vals": [49.314456609092204, 22.02109199561401, 33.130926807066594, 11.710782717912748, 8.368559762544132, 5.578420793364912, 0.2756600896596645, 4.803662054826869, 6.072185847759629, 6.052923230814917, 1.0857501334962771, 15.863489088734944, 3.036781862690355, 0.2639742464338873, 0.18211227802154822, 0.13050987135866843, 1.6978337599375313, 2.0687125679806937, 0.06801051872250241, 0.06277670173466277, 0.06931836770007749, 0.06581568118940595, 0.9927858250634198, 0.44087345682843054, 0.04314178924724388, 0.04492605744678713, 0.04978279337751701, 0.050145259765116634, 0.04998916064283776], "deepest_minima": [-8.10989522014279, -8.145749797520693, -8.145749797520693, -8.145749797520693, -8.145749797520693, -8.145749797520693, -8.145749797520693, -8.145749797520693, -8.145749797520693, -8.145749797520693, -8.170695302716922, -8.170695302716922, -8.170695302716922, -8.170695302716922, -8.170695302716922, -8.170695302716922, -8.170695302716922, -8.170695302716922, -8.170695302716922, -8.170695302716922, -8.170695302716922, -8.170695302716922, -8.170695302716922, -8.170695302716922, -8.170695302716922, -8.170695302716922, -8.170695302716922, -8.170695302716922, -8.170695302716922], "norm_en": -341603.9614621028}