{"acq_vals": [628.098159739627, 605.420106368957, 652.8648404018762, 632.9891089581286, 525.1243831156738, 444.9903985056059, 696.4287686757932, 615.2953375800444, 595.1955130010625, 470.9720135991747, 397.3508981835365, 539.1119157477444, 495.33832075122626, 118.52816650362821, 421.9449932967865, 297.70128636330196, 288.16570309867586, 265.5663557254992, 149.6047288735345, 288.7587246834572, 267.3237448847775, 301.6650643775737, 176.76743951139284, 263.42847440224455, 294.0513445137191, 222.6620940657172, 198.04650155070064, 296.9302910251191, 322.3217671399061, 263.968753202476, 273.56076334014386, 325.57553157070424, 191.22770989589645, 271.3767766752651, 239.08346670186273, 93.50661189847841, 192.32901361504594, 128.84571215876093, 213.18249600107444, 108.72580558764584, 151.74881370537187, 97.61983747972855, 152.4714245395475, 111.20938200189126, 116.78670806571647, 136.8343085457468, 155.05657573913965, 116.94855423699889, 114.60746382974872, 107.70149124631864], "deepest_minima": [-2.0557591430842876, -2.0557591430842876, -2.0557591430842876, -2.0557591430842876, -2.0557591430842876, -2.0557591430842876, -2.0557591430842876, -2.0557591430842876, -2.0557591430842876, -2.0557591430842876, -2.0557591430842876, -2.0557591430842876, -2.0557591430842876, -2.0557591430842876, -2.0557591430842876, -2.0557591430842876, -2.0557591430842876, -2.0557591430842876, -2.0557591430842876, -2.0557591430842876, -2.0557591430842876, -2.0557591430842876, -2.0557591430842876, -2.0557591430842876, -2.0557591430842876, -2.0557591430842876, -2.0557591430842876, -2.0557591430842876, -2.0557591430842876, -2.0557591430842876, -3.3744879227597266, -3.3744879227597266, -3.3744879227597266, -3.3744879227597266, -3.3744879227597266, -3.3744879227597266, -3.3744879227597266, -3.3744879227597266, -3.3744879227597266, -3.3744879227597266, -3.3744879227597266, -3.3744879227597266, -3.3744879227597266, -3.3744879227597266, -3.3744879227597266, -3.3744879227597266, -3.3744879227597266, -3.3744879227597266, -3.3744879227597266, -3.3744879227597266], "norm_en": -1056417.0631725974}