{"acq_vals": [0.9911739233973245, 5.104863382500428, 5.843334382578457, 3.4431855496594723, 12.476696712602815, 10.82842777330207, 2.7377660565194244, 9.669318213130444, 5.344898969433039, 2.546123389141993, 5.044206325816162, 3.7186159983675426, 1.1450972334782066, 2.410932063880264, 2.1814322496386236, 1.3837781368978823, 1.2958076204682245, 0.9497067182361967, 7.576721425489269, 2.355234899480149, 0.36926661480424366, 1.5696319117627286, 1.0638343698841903, 1.3997725893566082, 0.2719118806649385, 0.8435615660591168, 0.294138467474582, 2.547153591740746, 0.3548142529886057, 0.09842377537509606, 0.06569396965632279, 0.05389015132799102, 0.4460970625558749, 0.12604325654837015], "deepest_minima": [-0.3872446092427708, -1.3921022287104279, -1.4358964116545394, -1.5796964156324975, -1.622902902716305, -1.622902902716305, -1.622902902716305, -1.622902902716305, -1.622902902716305, -1.622902902716305, -1.622902902716305, -1.622902902716305, -1.622902902716305, -1.622902902716305, -1.622902902716305, -1.622902902716305, -1.622902902716305, -1.622902902716305, -1.622902902716305, -1.622902902716305, -1.622902902716305, -1.622902902716305, -1.622902902716305, -1.622902902716305, -1.622902902716305, -1.622902902716305, -1.622902902716305, -1.622902902716305, -1.622902902716305, -1.622902902716305, -1.622902902716305, -1.622902902716305, -1.622902902716305, -1.622902902716305], "norm_en": -499298.5107466433}