{"acq_vals": [73.42778006606063, 62.24975686894033, 44.784133919643665, 31.174087927024555, 24.39985332496252, 33.59331147209679, 13.800984808865412, 13.759336023704156, 10.333396328125936, 8.942694222201265, 8.138095096700184, 8.772887410135887, 9.675726414699506, 8.210929205054697, 8.004329538319828, 9.114140428476086, 8.230480210502073, 9.558005365481408, 4.389855256504457, 4.266704640737293, 4.96264981204468, 3.5851239385650495, 2.457925259771484, 3.2106782182058513, 2.091336359146848, 2.464292325105002, 2.46135329721296, 2.5359360570292178, 1.944951336294987, 6.710423554266961, 4.821830948491183, 5.326589395126412, 3.930898767173439, 3.0900183754850676, 2.75268224166984, 3.1311404356892516, 3.697842929978197, 2.629457533197096, 2.4587277594332106, 1.0419109127375712, 1.7083288706658148, 1.079666778218391, 1.2196767228642245, 1.216174250012271, 1.5577595218215061, 0.9520744627685404, 0.6087699211431126, 0.6994388991913983, 0.5122324182266034, 0.8230923834746663], "deepest_minima": [-7.45658321166411, -7.45658321166411, -7.45658321166411, -7.45658321166411, -7.45658321166411, -7.45658321166411, -7.45658321166411, -7.45658321166411, -7.45658321166411, -7.45658321166411, -7.478929149103351, -7.478929149103351, -7.478929149103351, -7.478929149103351, -7.478929149103351, -7.478929149103351, -7.478929149103351, -7.478929149103351, -7.478929149103351, -7.478929149103351, -7.493476709991228, -7.493476709991228, -7.493476709991228, -7.493476709991228, -7.493476709991228, -7.493476709991228, -7.493476709991228, -7.493476709991228, -7.493476709991228, -7.493476709991228, -7.498734493914526, -7.498734493914526, -7.498734493914526, -7.498734493914526, -7.498734493914526, -7.498734493914526, -7.498734493914526, -7.498734493914526, -7.498734493914526, -7.498734493914526, -7.498734493914526, -7.498734493914526, -7.498734493914526, -7.498734493914526, -7.498734493914526, -7.498734493914526, -7.498734493914526, -7.498734493914526, -7.498734493914526, -7.498734493914526], "norm_en": -307917.97903379245}