{"acq_vals": [46.78856865002622, 43.778837708212556, 36.855257428917525, 247.132080729702, 245.68946979868326, 232.10963817705223, 230.34007392482982, 209.43140096452015, 197.55512293532823, 196.1349508852304, 194.42693496024472, 191.86448943373003, 185.6222134710552, 175.7087791900003, 179.57213358677967, 167.41491616750028, 176.4355336573561, 172.44288400333917, 160.86157472959917, 130.4785292424124, 274.42831396188154, 226.02897005597484, 221.35182753495988, 223.9455685057064, 229.61116758347117, 219.18034701502208, 190.0543488205248, 197.7643917100965, 187.5854270253521, 175.62810161499948, 180.81254058823137, 234.64453390889108, 214.83163535480497, 185.53065304994013, 246.01763957027603, 311.89014075956464, 374.8274328989069, 297.3522990262725, 291.4908572977354, 289.69789434897655, 258.2106293175363, 288.67089757896, 255.79214611090245, 236.4810072001435, 268.4646212450524, 229.42866360887783, 229.82634463505912, 252.9273777165757, 223.5226001563467, 196.13510718252664], "deepest_minima": [-2.1308079541195184, -2.1308079541195184, -2.1308079541195184, -2.1308079541195184, -2.1308079541195184, -3.232867773855105, -3.232867773855105, -3.232867773855105, -3.232867773855105, -3.232867773855105, -3.232867773855105, -3.232867773855105, -3.232867773855105, -3.232867773855105, -3.232867773855105, -3.232867773855105, -3.232867773855105, -3.232867773855105, -3.232867773855105, -3.232867773855105, -3.232867773855105, -3.232867773855105, -3.232867773855105, -3.232867773855105, -3.243709451286122, -3.243709451286122, -3.243709451286122, -3.243709451286122, -3.243709451286122, -3.243709451286122, -3.243709451286122, -3.243709451286122, -3.243709451286122, -3.243709451286122, -3.243709451286122, -3.243709451286122, -3.243709451286122, -3.243709451286122, -3.243709451286122, -3.243709451286122, -3.243709451286122, -3.243709451286122, -3.243709451286122, -3.243709451286122, -3.243709451286122, -3.243709451286122, -3.243709451286122, -3.243709451286122, -3.243709451286122, -3.243709451286122], "norm_en": -1056417.0631725974}