{"query_points": [[3.889121174340872, 1.5127921712074794], [3.4104987886156106, 1.3535243399394616], [3.628054226229396, 1.5304175821662005], [3.420963421933618, 1.439589048499256], [6.189709042048707, 6.177244464742868], [1.5886422360926336, 5.560422138080336], [6.2220459191676305, 6.100574813873486], [0.838222013346563, 5.2008103219422], [6.053662662244368, 1.1848089866194194], [5.6489884816673825, 1.642591432312968], [5.559297821605843, 1.7865252103075235], [5.893937515441571, 1.3389979860150287], [2.743207233066963, 3.352497158501261], [2.9494796973258133, 3.0490471077016803], [3.4829072692023453, 2.569003053608853], [3.2925144984109647, 2.7003743116199246], [3.208049395456932, 1.9473931264791808], [3.275801729404195, 1.944120448945032], [3.4702567592470217, 1.9313942361653105], [3.430577790477821, 1.9361071656674511], [3.534157758905039, 5.15572918313757], [3.6035571699400997, 5.149394135516618], [3.5567616748259714, 5.150221191267297], [3.6127454920626327, 5.165174489165402], [3.2693277744913485, 5.922279517328016], [3.7659950580538264, 5.327654605262904], [3.618948232321156, 5.1798258035299085], [3.579065912868855, 5.799075145129384], [4.0267600357405176, 4.274807328285368], [3.394963818271177, 4.955633298059296], [3.619892053750703, 4.485286209660787], [3.6241007253414197, 5.194102447089475], [3.6887344780234597, 2.1597447504721057], [3.5137467094864507, 2.6376835839091886], [3.435596712504406, 2.2790326795853026], [3.4177413506136114, 2.4982597533506503], [3.6573293646709835, 2.1504422532022787], [3.427883060604549, 2.280167327283836], [3.5095933205278085, 2.6320608517969326], [3.422310572857703, 2.503863182655687], [3.371569828864812, 5.168028641742261], [3.59480194902012, 5.138211385897522], [3.4508882469256843, 5.1374698192068875], [3.6165047508732555, 5.182223484134608], [3.6508045703926744, 2.1694630392028387], [3.5101586065604193, 2.634730010046704], [3.4233291295072097, 2.3044175575480246], [3.4307984657197372, 2.5107079226211653], [3.645966300925009, 2.1898439257969713], [3.4375339052551674, 2.515993764870567], [3.420346762482826, 2.327381913915202], [3.509015930456227, 2.6330825168665033]], "observations": [[1.3209955521160737], [0.3450613560853526], [0.6256397424731404], [0.36419755418319255], [14.581485503353179], [4.819414323894307], [14.3208001103485], [6.991710891365074], [10.928422852535732], [9.885706025292166], [9.529438378056511], [10.630554061383009], [6.541297139716335], [3.6042692152550444], [0.2027366425609216], [0.5206679182592779], [0.8776192120276392], [0.7203011442907155], [0.5320662769954652], [0.5468732679728419], [0.03016266180202365], [-0.0016913325525820255], [0.013786240830086172], [-0.0038986472645774484], [2.5451678883982822], [0.17920140025671571], [-0.044232103042304516], [1.1997721017105505], [3.341666996711865], [0.2915525852004066], [1.6240963499294594], [-0.01849777635652572], [0.6325111839687452], [0.1863847201457247], [0.3589402987854555], [0.24932941677980125], [0.586433584918268], [0.3578590654069558], [0.18625576386693865], [0.23987736774142832], [0.36996364151127636], [0.0049384713638573885], [0.16036696755327284], [-0.0012106652138754725], [0.564435551292263], [0.18655899330042303], [0.33867092384025455], [0.23087040544487536], [0.5439653897192329], [0.22466755972709507], [0.32016116951126605], [0.18679061147850007]]}