{"acq_vals": [630.19547711763, 557.3836970723149, 546.7702301037763, 517.5374629238847, 475.7033431648723, 425.0615662030895, 397.5067432877656, 293.4927813355084, 30590.699089947022, 26270.854712430253, 14518.294341162915, 27850.64563150465, 16816.05483158128, 21460.17279548153, 40065.532370172376, 19044.373210841066, 53422.409679218734, 26599.140066975244, 5233.94802021601, 35323.425587448066, 33257.89262179487, 34010.64439770373, 28475.763334662686, 39307.057548915815, 30353.132159105066, 29674.340048264265, 25120.2481908244, 36350.724042209076, 30874.567298254704, 31585.125506942397, 2569.331490362831, 23878.385575837718, 37330.945244969924, 12440.669489834692, 22430.740491561734, 32396.284250198652, 17509.74201346861, 14277.558805047249, 32671.770342585914, 42053.11117579918, 31040.37305398248, 31065.503081965864, 8612.616916894427, 9486.456258985636, 8436.72309159273, 26048.793632839443, 17327.865306179203, 16652.002774347504, 22785.64614391711, 28920.35019185274], "deepest_minima": [1.4028134394902736, 1.4028134394902736, 0.09595977794378996, -0.5057922741398215, -0.5057922741398215, -0.6300737978890538, -0.6300737978890538, -0.6300737978890538, -0.6300737978890538, -0.736879994859919, -0.736879994859919, -0.736879994859919, -0.736879994859919, -3.2273045026231557, -3.2273045026231557, -3.2273045026231557, -3.2273045026231557, -3.2278612146619707, -3.2278612146619707, -3.2278612146619707, -3.2278612146619707, -3.2278612146619707, -3.2278612146619707, -3.2278612146619707, -3.2278612146619707, -3.2278612146619707, -3.2278612146619707, -3.2278612146619707, -3.2278612146619707, -3.2278612146619707, -3.2278612146619707, -3.2278612146619707, -3.2278612146619707, -3.2278612146619707, -3.2278612146619707, -3.2278612146619707, -3.2278612146619707, -3.2278612146619707, -3.2278612146619707, -3.2278612146619707, -3.2278612146619707, -3.2278612146619707, -3.2278612146619707, -3.2278612146619707, -3.2278612146619707, -3.2278612146619707, -3.2278612146619707, -3.2278612146619707, -3.2278612146619707, -3.2278612146619707]}