{"acq_vals": [13.228789902573155, 75.39746112971658, 36.662573398084234, 39.95551451942527, 28.255794502625694, 28.769417447374753, 12.041161372033267, 19.011814842167265, 9.351217027043681, 6.58534047201648, 0.5022726684846612, 16.172978109743415, 5.735267923120101, 6.478443721382549, 1.6461280600966868, 12.694535555015195, 7.69822218974063, 11.04570710709958, 0.29590358469235967, 3.29580006256291, 2.3954268698291603, 0.2358603878848183, 2.6991055514596956, 3.535791718808699, 2.602893866354396, 0.11054961794957308, 1.8923243785992265, 1.9189320266360597, 0.09828170347827836, 0.08036671440424925, 0.06703123363672603, 8.616668301761493, 15.794893282077027, 12.283352497156145, 14.273385120698746, 8.51371950611431, 9.020330264035627, 0.32175544088314917, 0.22415942556645563, 0.1691481893314048, 6.808864153659386, 4.4855490084944485, 0.095985389724774, 3.524225740186116, 6.978922190660307, 0.09739214873980018, 1.337455805799198, 0.8818850037896526, 4.555031398354817, 1.3879144789829774], "deepest_minima": [-6.12306015950162, -6.12306015950162, -6.12306015950162, -6.12306015950162, -6.12306015950162, -6.12306015950162, -6.12306015950162, -6.12306015950162, -6.12306015950162, -6.12306015950162, -6.12306015950162, -6.12306015950162, -6.12306015950162, -6.12306015950162, -6.12306015950162, -6.12306015950162, -6.12306015950162, -6.12306015950162, -6.12306015950162, -6.12306015950162, -6.12306015950162, -6.12306015950162, -6.12306015950162, -6.12306015950162, -6.12306015950162, -6.12306015950162, -6.12306015950162, -6.12306015950162, -6.12306015950162, -6.12306015950162, -6.12306015950162, -6.12306015950162, -6.12306015950162, -6.12306015950162, -6.12306015950162, -6.12306015950162, -6.12306015950162, -6.12306015950162, -6.12306015950162, -6.12306015950162, -6.12306015950162, -6.12306015950162, -6.12306015950162, -6.12306015950162, -6.12306015950162, -6.12306015950162, -6.12306015950162, -6.12306015950162, -6.12306015950162, -6.12306015950162], "norm_en": -499298.5107466433}