{"acq_vals": [90.11943737005134, 185.08280582607793, 102.22516008070235, 86.91452325770308, 85.9416631537697, 86.99430052137383, 47.34170284522732, 60.08115292022819, 83.64429539060544, 61.09855372744955, 65.30509386740587, 42.87835165274968, 26.28088318277779, 30.23879727903347, 43.89638451873572, 19.99145563587688, 28.53854306393059, 19.873360193250267, 35.30448784990334, 22.816300246621843, 19.254349966077488, 8.736318099556724, 37.89520712103156, 63.4974891516692, 46.86217289725676, 25.191609817248633, 41.30983767260034, 42.41529187973567, 35.50332279456598, 39.91551020425123, 29.552253550963705, 40.42582619993964, 48.30271414104998, 29.960109626856365, 40.14516027944312, 13.792149588478765, 18.589191993584933, 32.57837445849848, 29.334322703179783, 32.16518350726396, 12.748110445389406, 21.400261824475724, 26.009166491683832, 29.604132073945976, 13.809883170752023, 21.438715208428125, 21.04840949453832, 22.03244216727336, 15.354281162233802, 22.203697862507884], "deepest_minima": [0.5932249975157902, -0.9324873239966109, -0.9324873239966109, -0.9324873239966109, -1.1786008883500472, -1.1786008883500472, -1.1786008883500472, -1.1786008883500472, -1.1786008883500472, -2.304832251276821, -2.304832251276821, -2.304832251276821, -2.304832251276821, -2.304832251276821, -2.304832251276821, -2.304832251276821, -2.304832251276821, -2.304832251276821, -2.304832251276821, -2.304832251276821, -2.304832251276821, -2.304832251276821, -2.304832251276821, -2.304832251276821, -2.304832251276821, -2.304832251276821, -2.304832251276821, -2.304832251276821, -2.304832251276821, -2.304832251276821, -2.304832251276821, -2.304832251276821, -2.304832251276821, -2.304832251276821, -2.304832251276821, -2.304832251276821, -2.304832251276821, -2.304832251276821, -2.304832251276821, -2.304832251276821, -2.304832251276821, -2.304832251276821, -2.304832251276821, -2.304832251276821, -2.304832251276821, -2.304832251276821, -2.304832251276821, -2.304832251276821, -2.304832251276821, -2.304832251276821], "norm_en": -577108.3228092517}