{"acq_vals": [20.230819070724426, 8.351579153981893, 6.232874311034359, 3.4646611942719225, 2.179057001054692, 1.4842841545491088, 1.5009226039575174, 0.7257046457918972, 0.518443071592967, 0.5041547848488471, 0.495417626906776, 0.47029854944762534], "deepest_minima": [0.11884460423607379, 0.11884460423607379, -0.011962962918914855, -0.011962962918914855, -0.011962962918914855, -0.011962962918914855, -0.011962962918914855, -0.011962962918914855, -0.011962962918914855, -0.011962962918914855, -0.011962962918914855, -0.025249740690924227], "norm_en": -715268.6969642891}