{"query_points": [[0.6341083390789928, 2.0085564000645153], [1.3922989099616192, 1.7084590615644188], [0.969051981962914, 1.9956640300661412], [1.3304012078108318, 1.8532601814023533], [4.127942350271542, 6.094505689190995], [3.607191292302782, 5.170353797044008], [3.876658487192245, 5.882587304104989], [3.6052526541023617, 5.46343129702097], [3.287991500602414, 1.436669676432369], [3.4099675390053767, 1.3599050146002316], [3.32669956582247, 1.423272267487266], [3.3893608623271967, 1.3943735742419907], [2.8500556719245793, 4.077424245730928], [3.461230287379379, 4.817817433416155], [3.317672146038436, 4.364840508693107], [3.636722982296996, 5.198775389419865], [4.321145517301639, 4.663132102721146], [3.8237739019866197, 5.099159387415039], [4.088150955299309, 4.8815043456853475], [3.6426953380621114, 5.207929464802061], [2.610196131958599, 0.6371219439538498], [3.384290038440769, 1.2557082113559028], [2.903395761904994, 0.861072648401823], [3.20345537337617, 1.0127422463998341], [3.5346972713647613, 1.9776105731618454], [3.4353864780470875, 2.0617134789253413], [3.473793815847072, 2.5829670138408094], [3.3972077307155453, 2.3974655917343277], [3.169145567129126, 1.9047159533366091], [3.465292349318176, 1.7708375962651743], [3.401888359601963, 1.3530462642725452], [3.4492053166037855, 1.561829795676564], [3.7931030449735488, 1.983319558449029], [3.4959493305734943, 2.2795610092524647], [3.520959626584019, 2.646443573544232], [3.7340490523533463, 1.9932765373984527], [3.323313312445155, 1.932271971357661], [3.3622480284778984, 1.9289475662010869], [3.4666649635900595, 1.9151734372505054], [3.444786761294913, 1.9203899882445885], [3.5859219726448526, 5.209310129018718], [3.613171132687381, 5.176281984539757], [3.5979012343664873, 5.196929732835444], [3.6138016317457047, 5.173288059522181], [3.575776584225788, 5.222101761167794], [3.6140079590284087, 5.173292096763669], [3.5924029477588717, 5.20587953358571], [3.613895141191219, 5.178520623272883], [3.570284078605295, 5.2299883872336785], [3.6146434104045024, 5.173993280601497], [3.5895023478398764, 5.2115358528972155], [3.614525441689463, 5.1800438963386695], [3.5661010050731123, 5.236448021993699], [3.6152206071305235, 5.174607417133615], [3.587333206471313, 5.216237570733959], [3.615118890127732, 5.181411674029322]], "observations": [[6.405581905739382], [3.256731213652529], [4.550473352894187], [3.3401928107487038], [3.9355502385878935], [0.02498621365521103], [2.1536081375088543], [0.32170054875314236], [0.4691407415084541], [0.3626612548250705], [0.41641941864509135], [0.37149166234303266], [7.02942089503631], [0.44728567893616855], [1.965539327589795], [-0.017407021136023104], [3.397556864656508], [0.38729521725326777], [1.7960113635053858], [0.03624972945544869], [4.872383103240281], [0.3792848957236856], [2.247604164062068], [0.8602640520548448], [0.5405400356976315], [0.5042085712775588], [0.17634560842998326], [0.41150734783150256], [0.9875545195536688], [0.5040946248918772], [0.32766884355805814], [0.4544184593250975], [0.9521382820094004], [0.4310184797504917], [0.1712981618475169], [0.8202916212612763], [0.6347650504903868], [0.5834516938775778], [0.5262784666847438], [0.5312115025008097], [0.007664314820431173], [-0.006866150302812457], [-0.0010762120364233851], [-0.007177701918408275], [0.019629020360298455], [-0.007610411616042256], [0.0037609435385093093], [-0.006929858820512891], [0.028235580772161484], [-0.007834549294784665], [0.007355312816798687], [-0.006915224017575383], [0.03590791381429881], [-0.008013174869120121], [0.010623462381772697], [-0.006870181416161358]]}