{"acq_vals": [207.97512145437682, 62910110.5718373, 57398161.133055985, 59240695.995732844, 59188282.80540051, 56759924.87095056, 50823473.132017754, 56184636.03024402, 52730338.059119426, 51876772.084946014, 54319892.98207113, 60764284.15631132, 60394335.30586173, 52960698.32065804, 57736435.8896282, 52502953.16342558, 52719906.80863051, 54491746.32977033, 53053456.2248084, 52075667.93325891, 49145961.85623538, 53059209.66908608, 57864865.46219459, 57032417.86922336, 54278706.43452243, 54990053.82416717, 57191211.93955061, 53145041.017779596, 52963235.41826685, 52306422.4586455, 48937849.275104105, 53328181.89306754, 52345965.549569964, 53364746.407198034, 52874261.35756746, 49860187.01932831, 52375351.82906142, 49116102.916948095, 49940503.38706313, 49625580.7341712, 47247315.116278365, 51477771.02064647, 51105445.70094105, 47420644.64668308, 49084973.07199744, 47981739.586661056, 46380489.98290277, 51329246.17360094, 46159086.153241016, 50126890.875493534], "deepest_minima": [-0.7256056016776711, -0.7256056016776711, -0.7256056016776711, -0.7256056016776711, -0.8631307668983936, -0.8631307668983936, -0.8631307668983936, -0.8631307668983936, -0.8631307668983936, -0.8631307668983936, -0.8631307668983936, -0.8631307668983936, -0.8631307668983936, -0.8631307668983936, -1.2676431285217404, -1.2676431285217404, -1.2676431285217404, -1.393414282007143, -1.393414282007143, -1.393414282007143, -1.393414282007143, -1.393414282007143, -1.393414282007143, -1.393414282007143, -1.393414282007143, -1.7309928270988166, -1.7309928270988166, -1.7309928270988166, -1.7309928270988166, -1.991328477859497, -1.991328477859497, -1.991328477859497, -1.991328477859497, -1.991328477859497, -1.991328477859497, -1.991328477859497, -1.991328477859497, -1.991328477859497, -1.991328477859497, -1.991328477859497, -1.991328477859497, -2.2803594199940562, -2.2807496418245137, -2.2807496418245137, -2.2807496418245137, -5.260864517884329, -5.260864517884329, -5.260864517884329, -5.260864517884329, -5.260864517884329]}