{"acq_vals": [17.39897958662472, 7.22048789185787, 6.8027521394975485, 3.8166465535073297, 2.673358698207284, 1.756214388576137, 1.2333343179003442, 0.9705967318593491, 0.7463889725739976, 0.6188779791686086, 0.5913721184908993, 0.5130958768683316, 0.43102376270473386], "deepest_minima": [0.005543340230360627, 0.005543340230360627, 0.005543340230360627, 0.005543340230360627, 0.005543340230360627, 0.005543340230360627, 0.005543340230360627, 0.005543340230360627, -0.03287675429601222, -0.03287675429601222, -0.03287675429601222, -0.03287675429601222, -0.03287675429601222], "norm_en": -715268.6969642891}