{"acq_vals": [578.5100105723714, 531.6411665867626, 518.513319792622, 513.122804411703, 511.72853483832705, 493.65373872655937, 483.37683916541613, 478.5657809704139, 477.78370752898013, 468.65061209266497, 463.23070506479536, 465.00405703698834, 459.9840240735284, 481.4875059914076, 451.2659658130697, 446.8813479001285, 450.56552907232, 432.70908475148013, 440.0857070740529, 429.67913258141016, 424.3175162134265, 420.315295205802, 426.8771482895954, 432.8197318789832, 415.65025092994307, 415.62578948859624, 410.9381971221676, 411.7590080999968, 405.01856614248857, 405.7016306504958, 399.28045414364107, 422.47808901212096, 398.8617305743636, 390.9871445638092, 398.1890396640452, 395.83095448195377, 384.82153860147105, 383.74815043598664, 385.3802490815633, 394.9716869222453, 394.0439194144899, 382.57467940663594, 368.4290439085113, 374.9741113265855, 375.7146716850304, 380.3158785579587, 373.285436579322, 372.7283772834265, 135917.78112051243, 128996.48087616393], "deepest_minima": [-1.7224839148111641, -1.7224839148111641, -1.7224839148111641, -3.01472953800112, -3.01472953800112, -3.01472953800112, -3.01472953800112, -3.01472953800112, -3.01472953800112, -3.01472953800112, -3.01472953800112, -3.01472953800112, -3.01472953800112, -3.01472953800112, -3.01472953800112, -3.01472953800112, -3.01472953800112, -3.01472953800112, -3.01472953800112, -3.01472953800112, -3.01472953800112, -3.01472953800112, -3.01472953800112, -3.01472953800112, -3.01472953800112, -3.01472953800112, -3.01472953800112, -3.01472953800112, -3.01472953800112, -3.01472953800112, -3.01472953800112, -3.01472953800112, -3.01472953800112, -3.01472953800112, -3.01472953800112, -3.01472953800112, -3.01472953800112, -3.01472953800112, -3.01472953800112, -3.01472953800112, -3.01472953800112, -3.01472953800112, -3.01472953800112, -3.01472953800112, -3.01472953800112, -3.01472953800112, -3.01472953800112, -3.01472953800112, -3.01472953800112, -3.01472953800112], "norm_en": -1056417.0631725974}