{"acq_vals": [34.603576886331126, 55.19476500206207, 80.09861193049173, 69.703574551434, 53.26603699067021, 46.46711050990738, 471.07241252416173, 472.7981594177841, 364.6404559443547, 356.3030620718035, 310.301808911692, 269.5270393124129, 230.78218941663823, 216.6111471652038, 194.00749897496092, 155.01343086966787, 144.75952084273374, 154.61978542390392, 144.951997508768, 167.0728967400217, 108.75945887070336, 299.60845964093, 657.742327755991, 530.0354819311179, 612.8868673802025, 494.55312055940055, 398.9700667871404, 335.32759889357555, 411.11643577710345, 281.18544359371043, 323.1584977164689, 262.77755596074905, 284.39417143123296, 231.3935202795403, 222.12858182469859, 236.84367630145923, 207.5792300943426, 237.73519422570376, 211.7632829372505, 151.32947084235457, 398.7754040328676, 330.5684327305461, 199.86257654124316, 193.85868567070474, 199.0608651275081, 190.6402492750883, 179.5940565304513, 184.237013173426, 409.8471366339788, 330.9963736732803], "deepest_minima": [-2.518443031120114, -2.5410112687386572, -2.5410112687386572, -2.5410112687386572, -2.556125065952074, -2.556125065952074, -2.5562471479643136, -2.5562471479643136, -2.578806131146848, -2.578806131146848, -2.578806131146848, -2.578806131146848, -2.578806131146848, -2.578806131146848, -2.578806131146848, -2.578806131146848, -2.578806131146848, -2.578806131146848, -2.578806131146848, -2.578806131146848, -2.578806131146848, -2.578806131146848, -2.578806131146848, -2.578806131146848, -2.578806131146848, -2.578806131146848, -2.578806131146848, -2.578806131146848, -2.578806131146848, -2.578806131146848, -2.578806131146848, -2.578806131146848, -2.578806131146848, -2.578806131146848, -2.578806131146848, -2.578806131146848, -2.578806131146848, -2.578806131146848, -2.578806131146848, -2.578806131146848, -2.578806131146848, -2.578806131146848, -2.578806131146848, -2.578806131146848, -2.578806131146848, -2.578806131146848, -2.578806131146848, -2.578806131146848, -2.578806131146848, -2.578806131146848]}