{"acq_vals": [183.6495301857967, 123.73019888410381, 113.3511098550188, 105.99002583541946, 90.93121907017878, 90.40784694370095, 81.45569073840743, 73.32988101116123, 73.01856933565753, 74.08840102443844, 67.92983458698215, 59.13993355422449, 65.49917982497294, 64.02108274943089, 58.89286924481448, 56.05425475982732, 52.47900030562854, 49.81080005143668, 48.803946817906706, 53.17719223483519, 45.26401993340243, 41.69242152990008, 48.217809103235254, 43.01070251599791, 42.06326979891541, 38.1044483620456, 38.547994655423814, 32.061836740812964, 33.40532958858232, 32.29953261512897, 36.11682611550465, 30.70564632046265, 27.993251498478838, 21.91965655715339, 23.414461895842365, 23.703620638720924, 24.176961372437734, 23.61988402581362, 18.817851294998743, 23.021739556072106, 20.175210956029368, 23.197694722236765, 18.827089865827094, 17.86134751072533, 18.74294950333503, 19.215316545865534, 241.15141413932994, 174.13646496041622, 189.55309579650495, 159.0681957979083], "deepest_minima": [-0.7472516231937334, -0.7472516231937334, -0.7472516231937334, -0.7472516231937334, -0.7472516231937334, -0.7472516231937334, -0.7472516231937334, -1.9433875723043457, -1.9433875723043457, -1.9433875723043457, -1.9433875723043457, -1.9433875723043457, -1.9433875723043457, -2.086974239326082, -2.086974239326082, -2.086974239326082, -2.086974239326082, -2.086974239326082, -2.086974239326082, -2.086974239326082, -2.086974239326082, -2.086974239326082, -2.086974239326082, -2.086974239326082, -2.086974239326082, -2.086974239326082, -2.086974239326082, -2.086974239326082, -2.086974239326082, -2.086974239326082, -2.086974239326082, -2.086974239326082, -2.086974239326082, -2.086974239326082, -2.086974239326082, -2.086974239326082, -2.086974239326082, -2.086974239326082, -2.086974239326082, -2.086974239326082, -2.086974239326082, -2.086974239326082, -2.086974239326082, -2.086974239326082, -2.086974239326082, -2.086974239326082, -2.086974239326082, -2.086974239326082, -2.086974239326082, -2.086974239326082], "norm_en": -577108.3228092517}