{"acq_vals": [310.6151539566728, 283.05298685867643, 241.3966432183445, 246.18615359669755, 228.72291105936947, 224.0895357630457, 231.30211894667147, 228.33549424343335, 210.25345124185986, 199.16037141917224, 197.40118635436508, 187.81323517577775, 186.02145263395198, 185.73293261415463, 175.43725016015165, 183.556040184533, 178.31856941299728, 161.49380360393772, 156.765075346267, 157.89912586130012, 155.80864689522147, 152.26534910513377, 157.0507801832707, 152.6691184860754, 150.9569239041143, 147.87148185415433, 147.0726858117785, 178.31100395066437, 162.55599769285317, 169.72718267259316, 156.40215245467576, 144.02503189166873, 168.77350755495917, 145.2723730035767, 154.02351709791796, 140.3277348730262, 88.75359551355666, 62.85590878006253, 78.84449434475995, 83.20637864865418, 74.72074705075406, 60.43862306480415, 68.97160382747099, 57.78839166772879, 62.34953428036958, 53.579818391281385, 48.307373764793894, 46.10076899856348, 51.33966378250428, 48.650059042012515], "deepest_minima": [2.926154092187062, 2.669798392802477, 2.0154514028690755, 2.0154514028690755, 2.0154514028690755, 2.0154514028690755, 2.0154514028690755, 2.0154514028690755, 2.0154514028690755, 2.0154514028690755, 2.0154514028690755, 2.0154514028690755, 0.2940397611237131, 0.2940397611237131, 0.2940397611237131, -2.6860029954113998, -2.6860029954113998, -2.6860029954113998, -2.6860029954113998, -2.6860029954113998, -2.6860029954113998, -2.6860029954113998, -2.6860029954113998, -2.6860029954113998, -2.6860029954113998, -2.6860029954113998, -2.6860029954113998, -2.6860029954113998, -2.6860029954113998, -2.6860029954113998, -2.6860029954113998, -2.6860029954113998, -2.6860029954113998, -2.6860029954113998, -2.6860029954113998, -2.6860029954113998, -2.6860029954113998, -2.6860029954113998, -2.6860029954113998, -2.6860029954113998, -2.6860029954113998, -2.6860029954113998, -2.6860029954113998, -2.6860029954113998, -2.6860029954113998, -2.6860029954113998, -2.6860029954113998, -2.6860029954113998, -2.6860029954113998, -2.6860029954113998]}