{"acq_vals": [124.56043666214848, 108.49749826031233, 101.85922842723545, 96.87839450871293, 90.89366582151217, 80.17393038456594, 81.93636816969874, 78.83225653153504, 79.79431599775411, 73.14105824389371, 75.70658044827313, 70.17952754763884, 73.62588345435819, 67.84186765215024, 71.4054379641091, 67.95583856991901, 60.74376179813622, 67.1129331493443, 70.45008767472844, 60.95142986362285, 63.833388637972114, 64.34459200344264, 69.16645739011476, 65.91326181627448, 63.68116760397542, 53.7501222392697, 63.440947826356954, 56.08894692606669, 57.72186132130921, 50.19313498182426, 58.27164174679853, 154.12137644340203, 113.50004569494405, 94.42554965728151, 84.51808549276471, 90.57694935660699, 81.19414170007411, 80.53935858089993, 73.957555193739, 77.72617816788976, 77.62536991470574, 77.0071782520022, 76.53454937088355, 76.44618316547664, 71.07283621630415, 72.9349531538052, 76.07221412258839, 74.83262450704484, 79.88671129701149, 68.13682130932797], "deepest_minima": [-1.1525255704764277, -1.1525255704764277, -1.1525255704764277, -1.1525255704764277, -1.1525255704764277, -1.1525255704764277, -1.1525255704764277, -1.1525255704764277, -1.1525255704764277, -1.1525255704764277, -1.1525255704764277, -1.1525255704764277, -1.1525255704764277, -1.1525255704764277, -1.1525255704764277, -1.1525255704764277, -1.354253581201192, -1.354253581201192, -1.354253581201192, -1.354253581201192, -1.354253581201192, -1.354253581201192, -1.354253581201192, -1.354253581201192, -1.354253581201192, -1.354253581201192, -1.354253581201192, -1.354253581201192, -1.354253581201192, -1.354253581201192, -1.354253581201192, -1.354253581201192, -1.354253581201192, -1.354253581201192, -1.354253581201192, -1.354253581201192, -1.354253581201192, -1.354253581201192, -1.354253581201192, -1.354253581201192, -1.354253581201192, -1.354253581201192, -1.354253581201192, -1.354253581201192, -1.354253581201192, -1.354253581201192, -1.354253581201192, -1.354253581201192, -1.354253581201192, -1.354253581201192], "norm_en": -335430.48746516433}