{"acq_vals": [42.2971832843751, 31.931511054647526, 38.98143531811344, 31.697814944136894, 209.51309414362922, 230.530083199707, 173.0462298829932, 1986.4878857100725, 706.4412055728513, 1147.319947820828, 904.5154803024235, 692.4411436532389, 564.2503941272694, 565.8351384600536, 568.275635898867, 320.19636054007816, 310.14695821928535, 450.4348204614246, 368.82193354856236, 519.2058505785066, 127.54612331989502, 293.20898357531973, 393.6415282241343, 241.1000411805483, 168.0206095966216, 149.50327275531328, 155.88452391576573, 394.7506633225912, 249.15267067702197, 1917.0455127913526, 397.87042763748366, 1482.4538118038208, 424.44619140617584, 1796.799148754879, 2775.3976028127568, 5558.016459443627, 377.9363038406893, 709.8921770693678, 2581.4253048317023, 2635.798720752284, 1798.6420223383368, 6201.341965256317, 2313.3540810520017, 1504.6186026232854, 1611.6422502109574, 4031.2927861567346, 130.694180774961, 2138.989169895127, 1196.5473358854874, 1242.0220958209497], "deepest_minima": [-2.3824189495062456, -2.4481585061294027, -2.5328350744675845, -2.5328350744675845, -2.5328350744675845, -2.541767668677494, -2.541767668677494, -2.5650745446328074, -2.5650745446328074, -2.5650745446328074, -2.5650745446328074, -2.5650745446328074, -2.5650745446328074, -2.5650745446328074, -2.5650745446328074, -2.5650745446328074, -2.5650745446328074, -2.5650745446328074, -2.5650745446328074, -2.5650745446328074, -2.5650745446328074, -2.5650745446328074, -2.5650745446328074, -2.5650745446328074, -2.5913549695396796, -2.5913549695396796, -2.5913549695396796, -2.5913549695396796, -2.5913549695396796, -2.5913549695396796, -2.5913549695396796, -2.5913549695396796, -2.5913549695396796, -2.5913549695396796, -2.5913549695396796, -2.5913549695396796, -2.5913549695396796, -2.5913549695396796, -2.5913549695396796, -2.5913549695396796, -2.5913549695396796, -2.5913549695396796, -2.5913549695396796, -2.5913549695396796, -2.5913549695396796, -2.5913549695396796, -2.5913549695396796, -2.5913549695396796, -2.5913549695396796, -2.5913549695396796], "norm_en": -493124.6701872513}