{"acq_vals": [30.292415468474847, 390.89483830521095, 591.7929948879122, 541.2894622880929, 559.5389875328844, 549.5074307904025, 517.4509917740022, 488.97906960564507, 478.0823350339696, 500.07961591291655, 459.0795021111411, 476.2989950701773, 485.37764994478147, 457.5699215466482, 446.3332018070016, 472.1088063860953, 452.5050442556446, 412.76842468923826, 418.9720293230514, 400.3343636152704, 457.4441644060981, 479.4225951174698, 443.30761367305143, 431.37209269158353, 415.28967486891656, 416.1391558934061, 416.4193369154047, 401.21943316035345, 188.43079512619838, 217.7233056150584, 178.56197049921101, 164.23402301566946, 171.12813646475064, 161.47633607142524, 188.01823077485057, 143.94088676726884, 153.50040782380196, 159.7359134898978, 163.49998754695284, 145.57165703888938, 140.99976521888075, 155.19829923721912, 147.61883350556352, 142.95921565676423, 143.69234450731548, 134.42909511491968, 140.15913338813422, 129.70062200962525, 146.29164417344606, 134.7783527712668], "deepest_minima": [0.5879173392895609, 0.5879173392895609, -0.550485608400777, -0.550485608400777, -2.0167691551614553, -2.0167691551614553, -2.0167691551614553, -2.0167691551614553, -2.0167691551614553, -2.0167691551614553, -2.0167691551614553, -2.0167691551614553, -2.0167691551614553, -4.096986290765926, -4.096986290765926, -4.096986290765926, -4.096986290765926, -4.096986290765926, -4.096986290765926, -4.096986290765926, -4.096986290765926, -4.096986290765926, -4.096986290765926, -4.096986290765926, -4.096986290765926, -4.096986290765926, -4.096986290765926, -4.096986290765926, -4.096986290765926, -4.096986290765926, -4.096986290765926, -4.096986290765926, -4.096986290765926, -4.096986290765926, -4.096986290765926, -4.096986290765926, -4.096986290765926, -4.096986290765926, -4.096986290765926, -4.096986290765926, -4.096986290765926, -4.096986290765926, -4.096986290765926, -4.096986290765926, -4.096986290765926, -4.096986290765926, -4.096986290765926, -4.096986290765926, -4.096986290765926, -4.096986290765926], "norm_en": -1056417.0631725974}