{"acq_vals": [5.7384242124929905, 3.4220532383615327, 2.433162913582809, 1.744849749184202, 1.2699147710467709, 0.7202642539667562, 0.7011387750718188, 0.6547432350148595, 0.4666473599674597, 0.41313710485333266], "deepest_minima": [0.16636363440193236, 0.16636363440193236, -0.015481908689253032, -0.015481908689253032, -0.015481908689253032, -0.015481908689253032, -0.015481908689253032, -0.016356280306354165, -0.016356280306354165, -0.016356280306354165], "norm_en": -715268.6969642891}