{"acq_vals": [20.152658335863613, 8.947429688317927, 30.894603712537833, 29.623719226660832, 12.607885940893127, 11.989370087984254, 5.379643522123514, 14.058000421403177, 23.034720147448688, 13.514197519300001, 27.05600884452307, 22.332359247904016, 12.18229675292655, 23.274132957390602, 5.313566825224233, 18.55991974052342, 13.505335336871866, 33.589765584007544, 42.331915585893164, 34.02292927803386, 18.956339899822105, 16.10273925933651, 22.90982861873417, 16.37778891402903, 11.279820571793516, 23.15030685356293, 13.267832643735337, 5.743548747202883, 8.744233736397247, 7.07579006733101, 12.173277181305007, 13.577084981328996, 11.054229852054203, 5.184866817042707, 9.363788604654376, 10.2363986560913, 287.9092252859078, 166.9430993289521, 419.44507006303394, 342.8281978065647, 965.7495529925952, 212.24090428598788, 20.592965756611292, 89.24361192586518, 5024.385608903376, 809.6343509741872, 1397.0190507803559, 1707.999260275649, 403.03856676539, 1970.1828363986256], "deepest_minima": [-2.5753465113812126, -2.5753465113812126, -2.5753465113812126, -2.5753465113812126, -2.5753465113812126, -2.5865604545688257, -2.5865604545688257, -2.5865604545688257, -2.5865604545688257, -2.5865604545688257, -2.5865604545688257, -2.5865604545688257, -2.5865604545688257, -2.5865604545688257, -2.5865604545688257, -2.5865604545688257, -2.5865604545688257, -2.5865604545688257, -2.588984342291951, -2.588984342291951, -2.588984342291951, -2.588984342291951, -2.588984342291951, -2.588984342291951, -2.588984342291951, -2.588984342291951, -2.588984342291951, -2.588984342291951, -2.594512734678574, -2.594512734678574, -2.594512734678574, -2.597372172982432, -2.597372172982432, -2.597372172982432, -2.597372172982432, -2.597372172982432, -2.597372172982432, -2.597372172982432, -2.597372172982432, -2.597372172982432, -2.597372172982432, -2.597372172982432, -2.597372172982432, -2.597372172982432, -2.597372172982432, -2.597372172982432, -2.597372172982432, -2.597372172982432, -2.597372172982432, -2.597372172982432], "norm_en": -493124.6701872513}