{"acq_vals": [692.3810653472136, 563.8288715929402, 505.9965085442846, 463.85391678290193, 462.1507352892163, 412.1844588001025, 392.28360750274106, 373.28367140042, 362.7262893565129, 350.3284400222194, 340.9305165903301, 340.1832393563553, 324.2042714102662, 385.0342466246385, 340.82978604053227, 313.2624322375664, 312.4878788522785, 339.99827328236864, 313.44635788002495, 297.12142784738387, 301.60604646835094, 295.3514548107321, 284.2614979470229, 298.51511903656296, 285.03218373251445, 272.4974609142086, 270.47903403131556, 269.64535191639794, 256.8488144135255, 258.33509095136185, 261.2672077371089, 271.7499170932909, 249.44055330057162, 245.89187766369776, 253.7697285290783, 245.43928961473878, 240.8319601561107, 235.9632746837345, 236.82435222973982, 232.0408099512179, 247.910146098864, 230.10565614059146, 234.25490879561121, 233.30923998313466, 229.86740737781085, 227.68741041858374, 233.34160294316013, 223.71672043753009, 222.98023733888613, 224.20323403011014], "deepest_minima": [-2.546886971918866, -2.5677427061018534, -2.5677427061018534, -2.5677427061018534, -2.5677427061018534, -2.5677427061018534, -2.5677427061018534, -2.5677427061018534, -2.5677427061018534, -2.5677427061018534, -2.5677427061018534, -2.5677427061018534, -2.5677427061018534, -2.5677427061018534, -2.5677427061018534, -2.5677427061018534, -2.5677427061018534, -2.5677427061018534, -2.5677427061018534, -2.5677427061018534, -2.5677427061018534, -2.5677427061018534, -2.5677427061018534, -2.5677427061018534, -2.5677427061018534, -2.5677427061018534, -2.5677427061018534, -2.5982463168911636, -2.5982463168911636, -2.5982463168911636, -2.5982463168911636, -2.5982463168911636, -2.5982463168911636, -2.5982463168911636, -2.5982463168911636, -2.5982463168911636, -2.5982463168911636, -2.5982463168911636, -2.5982463168911636, -2.5982463168911636, -2.5982463168911636, -2.5982463168911636, -2.5982463168911636, -2.5982463168911636, -2.5982463168911636, -2.5982463168911636, -2.5982463168911636, -2.5982463168911636, -2.5982463168911636, -2.5982463168911636], "norm_en": -493124.6701872513}