{"acq_vals": [833.4071284597838, 725.5353423524018, 337.76332739527845, 479.0703123342472, 428.6851951688739, 396.11504153610446, 339.70790009628644, 364.2198488665418, 368.69613685251176, 488.2882264262234, 236.5559207683729, 271.3563405255362, 213.79339862462322, 228.51366653182703, 328.5999402321466, 126.14334331966847, 221.87546168932786, 214.59140150087782, 138.34752631799327, 111.61703218847217, 91.57586703333469, 104.02412961130683, 142.04323659261678, 147.45379993384915, 103.63238019552726, 109.22559230770598, 71.2544683170913, 78.39657143236232, 178.73088281320452, 172.7427041712219, 231.92861265060787, 186.0811872076874, 112.02542426576342, 130.45391450210982, 133.0882804484542, 102.11440314050827, 36.339067652097334, 80.393864543067, 153.3371746977049, 151.49140115412146, 104.20358400986179, 135.2992195015418, 72.00030653738716, 102.76130905571635, 46.41011242928922, 74.30905289209268, 46.729686285045844, 66.46312934934697, 110.83824402598259, 132.41279779562183], "deepest_minima": [0.3622953226440586, 0.3622953226440586, -1.412416097766254, -1.412416097766254, -1.412416097766254, -1.412416097766254, -1.412416097766254, -1.412416097766254, -1.412416097766254, -1.412416097766254, -1.412416097766254, -1.412416097766254, -1.412416097766254, -1.412416097766254, -1.412416097766254, -1.412416097766254, -1.412416097766254, -1.412416097766254, -1.412416097766254, -1.412416097766254, -1.412416097766254, -1.412416097766254, -1.412416097766254, -1.412416097766254, -1.412416097766254, -1.412416097766254, -1.4495732034556568, -1.4495732034556568, -1.4495732034556568, -1.4495732034556568, -1.4495732034556568, -1.4495732034556568, -1.4495732034556568, -1.4495732034556568, -1.4495732034556568, -1.4495732034556568, -1.46555324801011, -1.46555324801011, -1.46555324801011, -1.46555324801011, -1.46555324801011, -1.46555324801011, -1.46555324801011, -1.46555324801011, -1.46555324801011, -1.46555324801011, -1.46555324801011, -1.46555324801011, -1.46555324801011, -1.46555324801011]}