{"acq_vals": [36.08177161357687, 34.83627980419087, 12.632103277111339, 9.693901007526572, 691.9264412597942, 468.7915866506464, 463.65121068431176, 326.43748055604493, 273.4038978277025, 232.86530079652746, 147.46781045915642, 147.97925826947773, 122.54900655383138, 99.32479256345562, 121.79802721461544, 121.63933326575788, 87.55085524840288, 100.91734233223312, 86.48315734692537, 68.82516016179702, 59.884788412704076, 68.17158960178834, 61.2688116613126, 53.021634441844235, 42.99698898054981, 51.131125155660854, 56.897056063524005, 44.336828113990386, 31.043452714543402, 31.46617107453346, 45.7635759566576, 35.50044587193954, 29.56062599841477, 27.91140916134038, 25.478437206772377, 26.535713888761553, 26.412210388607594, 33.765870434325905, 27.750760028657353, 25.981450522664293, 20.67004151893858, 18.558722147999063, 19.405880614129046, 18.57834658549139, 16.696062484721832, 23.63354806277187, 14.014898467856867, 18.744246219194103, 13.478313278672967, 12.331692587783527], "deepest_minima": [-6.092403282120358, -6.092403282120358, -6.092403282120358, -6.092403282120358, -6.092403282120358, -6.092403282120358, -6.092403282120358, -6.099872513499577, -6.099872513499577, -6.099872513499577, -6.099872513499577, -6.099872513499577, -6.099872513499577, -6.099872513499577, -6.099872513499577, -6.099872513499577, -6.099872513499577, -6.099872513499577, -6.099872513499577, -6.099872513499577, -6.099872513499577, -6.114955034456216, -6.114955034456216, -6.114955034456216, -6.114955034456216, -6.114955034456216, -6.114955034456216, -6.114955034456216, -6.114955034456216, -6.114955034456216, -6.114955034456216, -6.114955034456216, -6.114955034456216, -6.114955034456216, -6.114955034456216, -6.114955034456216, -6.114955034456216, -6.114955034456216, -6.114955034456216, -6.114955034456216, -6.114955034456216, -6.114955034456216, -6.114955034456216, -6.114955034456216, -6.114955034456216, -6.114955034456216, -6.114955034456216, -6.114955034456216, -6.7679507185239345, -6.7679507185239345], "norm_en": -499298.5107466433}