{"acq_vals": [15.396343524410819, 12.980507757820448, 13.30596997073193, 14.197831542272047, 21.902893384948896, 12.037408120294794, 9.111377675493491, 9.656913227127312, 6.838784905235419, 6.581730848688736, 5.562295180933915, 4.870827460647931, 5.393879385849252, 4.167834578648682, 3.3688646697742737, 2.888741742819138, 6.884864135933396, 6.699481792425943, 2.114874369548953, 2.234493548096133, 2.3755407392437036, 1.8119491470867268, 2.3626715720203175, 2.4767844077743417, 1.944073563760576, 1.9395054411131636, 1.747631562615432, 2.310453608286958, 3.281298775690602, 2.5549824792024585, 5.736518245677381, 2.4833113801424784, 2.390909659317003, 2.2104723049580364, 4.849663924344026, 2.7447189862657835, 2.351794425962508, 2.537092229068556, 3.4027453164446206, 7.664786117995116, 3.03958333248769, 2.11822101229949, 2.3767596132403943, 2.0084610685864805, 1.9302272025198886, 1.6988552789075815, 3.1677582010001397, 2.427717551253295, 2.7670118659715346, 1.6925649333942223], "deepest_minima": [-1.5906795803457499, -1.5906795803457499, -1.5906795803457499, -1.594734174432233, -1.594734174432233, -1.594734174432233, -1.594734174432233, -1.5962833791854791, -1.5962833791854791, -1.5962833791854791, -1.5962833791854791, -1.5962833791854791, -1.6361930890125223, -1.6361930890125223, -1.6361930890125223, -6.113345357764047, -6.113345357764047, -6.113345357764047, -6.113345357764047, -6.113345357764047, -6.113345357764047, -6.113345357764047, -6.113345357764047, -6.113345357764047, -6.113345357764047, -6.113345357764047, -6.113345357764047, -6.113345357764047, -6.113345357764047, -6.12650045263581, -6.12650045263581, -6.12650045263581, -6.12650045263581, -6.12650045263581, -6.12650045263581, -6.12650045263581, -6.12650045263581, -6.12650045263581, -6.12650045263581, -6.12650045263581, -6.12650045263581, -6.12650045263581, -6.12650045263581, -6.12650045263581, -6.12650045263581, -6.12650045263581, -6.12650045263581, -6.12650045263581, -6.12650045263581, -6.12650045263581], "norm_en": -499298.5107466433}