{"acq_vals": [363.28119876100124, 296.3978139919327, 1474.548477095355, 2027.6693271295949, 1015.3319283462546, 1320.2695744162722, 620.9851811753731, 473.06377527889555, 952.560272972236, 511.1129833580931, 305.6104933875435, 395.1368962910818, 442.6965404413975, 810.4565849785541, 382.9027393931045, 891.2434650330596, 825.9383315347592, 469.5330531710025, 643.1846947650299, 452.2452439076236, 583.7973134710459, 471.9851456691893, 659.7182776241156, 547.205865124521, 580.5730832569518, 578.6989893473946, 527.2424635904431, 221.488790390968, 137.97012895623206, 444.2492444752066, 239.9123086838089, 152.95447569314888, 346.56984401945, 193.8629756752494, 186.2161460817725, 292.1389928116888, 250.5508924025744, 158.01100390610657, 188.1671540363992, 109.36998472627758, 302.92773020314064, 233.66579911495697, 70.74010348670504, 252.7179606804701, 274.9219143775923, 493.2828112476485, 118.81142134005553, 532.4760781698303, 193.3262645125189, 75.42625472762508], "deepest_minima": [-8.940326598938555, -8.940326598938555, -8.940326598938555, -8.940326598938555, -8.967280155746266, -8.967280155746266, -8.967280155746266, -8.974903305992484, -8.974903305992484, -8.974903305992484, -8.974903305992484, -8.974903305992484, -9.005908370832913, -9.005908370832913, -9.005908370832913, -9.005908370832913, -9.005908370832913, -9.005908370832913, -9.005908370832913, -9.005908370832913, -9.005908370832913, -9.005908370832913, -10.735574629157782, -10.735574629157782, -10.735574629157782, -10.794590680394322, -10.794590680394322, -10.794590680394322, -10.794590680394322, -10.794590680394322, -10.794590680394322, -10.794590680394322, -10.794590680394322, -10.794590680394322, -10.794590680394322, -10.794590680394322, -10.794590680394322, -10.794590680394322, -10.794590680394322, -10.794590680394322, -10.794590680394322, -10.794590680394322, -10.794590680394322, -10.794590680394322, -10.794590680394322, -10.794590680394322, -10.794590680394322, -10.794590680394322, -10.794590680394322, -10.794590680394322], "norm_en": -717119.659190258}