{"acq_vals": [1537.4642820517222, 1318.1004236312954, 1226.4296818474033, 1154.5163599531534, 1150.9198965561832, 1146.8760591127595, 1120.122053480593, 1118.0626802612214, 1079.0436606065973, 1058.484260350159, 1044.0033811216608, 1028.1398723073783, 1008.5199360067254, 999.6012476156643, 962.6251005643642, 989.2318253104796, 940.3436258510118, 935.6930995957937, 925.104224953015, 912.3531055191922, 925.6116414111302, 953.8490455570837, 920.0821876177785, 903.5771517082482, 916.158951953975, 884.3195066502359, 901.6008402174471, 864.4797987953434, 899.6884615366779, 874.8712812552498, 807.9652434243651, 813.6173750708489, 804.9227919526362, 818.9894696337063, 820.1607217738539, 786.5457847507364, 809.7327913157126, 762.9917875124461, 771.0229695771613, 775.9212842891382, 750.1976838437472, 774.5642482093921, 753.2781374819773, 752.9165639418082, 755.1531708796414, 764.490709526989, 744.0107536862469, 738.5732577921098, 732.0462699134537, 729.050426433867], "deepest_minima": [6.9506234240252525, 5.37614647904411, 5.37614647904411, 5.37614647904411, 4.115508422022685, 4.115508422022685, 2.045060815755278, 2.045060815755278, 2.045060815755278, 2.045060815755278, 2.045060815755278, 0.54507617931813, 0.54507617931813, 0.54507617931813, 0.54507617931813, 0.54507617931813, 0.54507617931813, 0.54507617931813, 0.54507617931813, 0.54507617931813, 0.54507617931813, -0.10796517110429704, -0.10796517110429704, -0.10796517110429704, -0.10796517110429704, -0.10796517110429704, -0.10796517110429704, -0.10796517110429704, -4.405798807099927, -4.405798807099927, -4.405798807099927, -4.405798807099927, -4.405798807099927, -4.405798807099927, -4.405798807099927, -4.405798807099927, -4.405798807099927, -4.405798807099927, -4.405798807099927, -4.405798807099927, -4.405798807099927, -4.405798807099927, -4.405798807099927, -4.405798807099927, -4.405798807099927, -4.405798807099927, -4.405798807099927, -4.405798807099927, -4.405798807099927, -4.405798807099927]}