{"query_points": [[0.42826943240626747, 4.976712697461446], [1.2727475508009434, 5.283528830381385], [1.5749225878750979, 5.56656032971179], [0.7785270696401927, 5.111741540756495], [5.069423921348647, 2.6204217605915847], [3.517283688047361, 2.6465243130898113], [4.57708053703023, 2.6651946546069674], [3.9379558469595812, 2.7368124635779267], [5.50171752426774, 1.3705166339799018], [3.5391215140828485, 2.64213462446234], [4.421600618246292, 1.799548890370156], [3.5670611223986763, 2.205551591759084], [2.764752162275194, 2.5551911870002044], [2.904569671362106, 2.567004598459011], [3.487396642397158, 2.5812870256996856], [3.256214383158018, 2.559988009974381], [3.433240217616845, 5.494474773385059], [3.6621353759809234, 5.223000844907851], [3.526673239691784, 5.433981957022709], [3.618368120255698, 5.181847840063398], [3.4498214116132564, 4.122160894631344], [3.527598853443896, 4.355540373404859], [3.6385779969591905, 5.216074965766747], [3.505472104221768, 4.8406586375017495], [3.4554572079754142, 0.1330944090456576], [3.44026023665591, 6.256799314302799], [3.420078305763651, 0.016965944919725473], [3.4579630581232297, 6.064807022006413], [3.5639354669205017, 2.2485536980751313], [3.4970838750203597, 2.6200648450446558], [3.4318198782189997, 2.505415328738799], [3.5408162520937516, 2.2680242203103784], [3.5727048541240687, 2.301340633142848], [3.439729247484498, 2.5064867310259107], [3.496037863509735, 2.616926436648887], [3.54719319838945, 2.3197116233133777], [3.5767126004117102, 2.322439781490109], [3.4442896083512786, 2.5114778702469938], [3.4963453462019456, 2.6123339619785177], [3.55076862652286, 2.3407664010931892], [3.878695038947752, 5.24147231589343], [3.6238552563037483, 5.1734091469780985], [3.808153945954295, 5.241561638184373], [3.6391717898826315, 5.208359799655507], [3.4971645176722888, 5.200034730823865], [3.5367106812272056, 5.180036713640263], [3.609257745151828, 5.163169958445088], [3.5869027730525644, 5.155628592258902]], "observations": [[9.781560455914587], [5.877171463915147], [4.830666866386309], [7.261743688140996], [6.188751948298886], [0.17678753193467855], [3.630772237898782], [1.0512252044864], [8.74930411868263], [0.07813098875340074], [3.047656766138971], [0.471157212392427], [2.5835602609440684], [1.8795589883811772], [0.1212509066099301], [0.46851341833826154], [0.7785475983982906], [-0.0029498247895389795], [0.4051182565744966], [-0.01986981008667499], [2.308763461885974], [1.8228325347881764], [-0.01677663391456008], [0.6155496712308377], [2.4046288341050968], [2.281432307558134], [2.362592330900952], [2.303142126649618], [0.3998674863250926], [0.1797516382066533], [0.2107742620864883], [0.3675212988164276], [0.3710002765292302], [0.2070282909553498], [0.17703902709763497], [0.3358835424296558], [0.36086360400076956], [0.2034462986048311], [0.17566357390023768], [0.3250191181432456], [0.3879714560462162], [0.009785377769730985], [0.22307386936154217], [0.015270094270817935], [0.09449818904977292], [0.03779621468856931], [-0.0048280422342941165], [0.001380791305564344]]}