{"acq_vals": [21.62128602405833, 16.08750152002651, 19.89016082711751, 10.519557418502831, 11.866686317308934, 2.111416621614967, 8.26294307769809, 3.8616630029818246, 9.404145728614887, 5.016305985820023, 2.4451178651329117, 7.818673956434215, 4.708452521518503, 1.8160274841977186, 3.828265659149876, 1.5460493865794425, 6.674715880257222, 3.382360538524851, 0.7572447431978221, 1.9967851939902723, 2.0559192903118597, 3.5468683573812916, 1.6430803090377164, 1.3565277970397394, 1.6932829636892257, 1.3076331929315645, 1.7491778748633247, 1.5764946515117426, 1.0703977580481077, 1.057991690166015, 0.15341958637952016, 0.20072908618393467, 0.33709844254220983, 0.29011972536687464, 0.1708323840326847], "deepest_minima": [-1.6004644597996958, -1.6004644597996958, -1.6004644597996958, -1.6100676764617674, -1.6100676764617674, -1.6100676764617674, -1.6100676764617674, -1.6100676764617674, -1.6100676764617674, -1.6100676764617674, -1.6100676764617674, -1.6100676764617674, -1.6100676764617674, -1.6100676764617674, -1.6100676764617674, -1.6100676764617674, -1.6100676764617674, -1.6100676764617674, -1.6100676764617674, -1.6100676764617674, -1.6100676764617674, -1.6100676764617674, -1.622833137458656, -1.622833137458656, -1.622833137458656, -1.622833137458656, -1.622833137458656, -1.622833137458656, -1.622833137458656, -1.622833137458656, -1.622833137458656, -1.622833137458656, -1.622833137458656, -1.622833137458656, -1.622833137458656], "norm_en": -499298.5107466433}