{"query_points": [[0.9611356121771397, 5.8620111482537345], [1.6122569422594015, 5.547217219166131], [1.2779855733030514, 5.758633910903755], [1.5099728561795418, 5.57829635465959], [3.5858724724194713, 0.21648221185570993], [3.403075067290823, 0.44534430414658566], [3.3925002510780877, 0.30352332814974403], [3.5322128770123586, 0.21873732498931808], [1.4013872945199877, 3.939934174823372], [0.9677308042632724, 2.8781287356584926], [1.3296409929399093, 3.498555269420923], [1.1549822277528508, 3.1003437540783487], [4.7692366772576165, 2.3496034625455735], [3.5072484327433804, 2.5988543717146424], [4.29680511184758, 2.3492512645076786], [3.798521494073322, 2.3688203318442564], [2.1913440783067593, 1.5067220062560533], [2.310489963142164, 1.242808242935249], [3.3930602847980937, 1.331627475360377], [2.8154183165561477, 1.205718525864798], [3.684630932551412, 4.493681856093209], [3.6176678497740977, 5.186907349452573], [3.466169494537704, 5.055029475346199], [3.54881882258242, 4.737545966516339], [4.672457784582204, 5.236235785444043], [3.8492074678818633, 5.2533092287025775], [4.322888110741706, 5.238227315531006], [3.6196805479120866, 5.194742128188604], [2.8846354673714227, 3.2774336544701472], [3.518328718130308, 2.6388827767670833], [3.128211531681453, 3.0028719364715055], [3.363852790103244, 2.774531000147592], [4.008338777366852, 3.7234699888613303], [3.4562035305457637, 2.934272468351441], [3.3556542820080573, 2.7801308108452076], [3.6903602908574924, 3.405916704346279], [4.087327116339776, 1.3889438313041005], [3.399120548721507, 1.346709427370964], [3.8152726077190646, 1.4579784014098003], [3.4810485864058496, 1.5047266825548888], [2.6940071243035835, 5.277486274183443], [3.023046871195559, 4.890697565089059], [3.6129170047219894, 5.173020074423633], [3.432714298025593, 4.847265426830627], [0.09873957632321417, 1.5675236928671428], [0.8959597107288273, 1.2221305345063653], [1.2011703161403409, 1.2530048549606807], [0.4298097838364505, 1.4342413779422376], [2.6665976683120327, 2.213594691958262], [3.1597165939636844, 2.2856378673816113], [3.5200649271536575, 2.4552407659251365], [3.501268194947634, 2.620695868026509]], "observations": [[6.841942170984112], [4.841081093298271], [5.397030739230104], [4.921112023177557], [2.606633604853414], [2.1031925291754305], [2.2900921220425516], [2.4998808540403843], [7.4772284146165475], [4.816511265467852], [6.170537180034444], [5.457523442571983], [4.3628439859021455], [0.16636363440193236], [2.5157253622310236], [1.11907115788199], [4.497505139443092], [4.246469178586267], [0.3439747820375487], [2.349748419248499], [1.6583162160823122], [-0.015481908689253032], [0.1589481976116076], [0.7303245068760589], [4.540733256260864], [0.4212050969945267], [2.5685963889118284], [-0.002683870610781014], [5.140616143122315], [0.16186890087556094], [2.2846863275626674], [0.4465792721603066], [2.970462189754471], [0.7167031285353005], [0.6687193635152653], [1.6684724518563598], [2.1484774387208745], [0.34573574422392994], [1.1772838877514005], [0.436368998256512], [4.094192449818365], [1.425071578938514], [-0.016356280306354165], [0.3816053931368515], [9.445290143135935], [6.837994493893348], [5.937581336591393], [8.14687888789922], [3.558609502390027], [0.9831176064908504], [0.19459485716652125], [0.11274235311429948]]}