{"query_points": [[2.314297294981804, 4.788800310838584], [3.6351899810712616, 5.205874766996391], [2.8822990713092516, 5.019856482002976], [3.3555968335109068, 4.904766023537359], [1.9150783114087417, 4.506165150524879], [1.6101529269290005, 5.548058196604316], [1.8624458525299534, 4.820231268503082], [1.7504808409158308, 5.164527506140787], [3.807819513501061, 1.5358024903974625], [3.4142557236538416, 1.3546327701006664], [3.4366214501694947, 1.4729111345165808], [3.7308567391189675, 1.535212712451555], [3.5316901347953196, 6.283184819165997], [3.579155978201353, 5.669623734718939], [3.767314704719999, 5.348021880981236], [3.4276486680380795, 5.98224436651103], [6.145044818724189, 1.1449320424419014], [1.3845262518635897, 1.702225623365746], [6.249690782411564, 1.3467765880447207], [0.783981753955187, 1.4921146152009293], [3.4437823390269586, 2.4134463502990258], [3.4926994606356256, 2.577050684869967], [3.448085838218324, 2.4278944254492227], [3.500591358409408, 2.6129126596791075], [3.000087900660489, 1.804503566178317], [3.4128798560032036, 1.3573155973256794], [3.2988572514082013, 1.7701409767453438], [3.4716108377881936, 1.6378469330482233], [4.050344175849395, 4.118515168470964], [3.439618120563995, 4.455630666532439], [3.6094129095915752, 4.17043662946486], [3.2894742035997786, 4.49666754106776], [3.564131484621574, 2.1334353843340974], [3.5014665644787186, 2.6253381135460074], [3.406283271309772, 2.2916691683813273], [3.4523446382294125, 2.5245890992887894], [3.5949993506950104, 2.1486006909754316], [3.501256900569333, 2.6280668734635046], [3.4114862672232293, 2.304283413785516], [3.4516005082798, 2.5391421287400533], [3.560036604287314, 2.1466019750314125], [3.4477330490072866, 2.5352692756645023], [3.400112705023091, 2.318670857985822], [3.4994545699685746, 2.623545894030613], [3.5477743650911715, 2.156027938560312], [3.4449533110783377, 2.523382211465595], [3.391709477559987, 2.3470537123966118], [3.500364000840464, 2.6234095614255892], [3.5944088288682603, 5.248302281609897], [3.6211518461664665, 5.178202407943831], [3.6065235659511146, 5.2278826333377], [3.6165247919284824, 5.174450623202645]], "observations": [[6.491878924542107], [-0.02185054251458496], [2.3169831809354946], [0.4476188237313181], [10.686248606303707], [4.8376217453042045], [9.236817155382596], [6.445072532165796], [1.0491065185051411], [0.34070246620103717], [0.3651459777029231], [0.8309798539848998], [2.377555089769885], [0.8174556506564841], [0.15743910369928926], [1.9125103610567749], [10.996270697447471], [3.2413457938237116], [10.578641527914442], [5.741843204246834], [0.2209282695548609], [0.1587255885824561], [0.21313188422936946], [0.13394057820551097], [1.716194921405986], [0.32530562463216484], [0.6780716811772436], [0.4398077051155269], [3.573596761794761], [1.4862959339516237], [2.306679148459807], [1.4959095823578537], [0.4883502679876983], [0.18296826293226331], [0.35259836353361607], [0.2049628522945568], [0.5083569309208542], [0.18468102882616222], [0.34040389978326857], [0.20331534498836845], [0.4751046767923981], [0.2004634462064132], [0.3338578997645527], [0.18263613735325634], [0.457309651421383], [0.20146008499432355], [0.31701836735010147], [0.18156884738709778], [0.02622350607998669], [-0.007641667849384248], [0.00902214425150305], [-0.008134003030136228]]}