{"acq_vals": [12.904378123917448, 8.758136066250477, 18.517688068609026, 13.70779300328508, 11.273731801179455, 6.307317580678275, 6.070466384682572, 4.55355057927488, 5.308026966447003, 11.056271523667837, 8.359626211868315, 5.8275492043244395, 4.143541446327522, 4.189299656803688, 4.136892599656171, 2.844642516949672, 3.640946845429717, 2.937795758648723, 2.564743286665395, 3.19337524383859, 2.9554441341566267, 2.6598122710822913, 2.8871873566728103, 2.844269248726373, 4.31336841623624, 3.960973295742617, 4.287420297643388, 3.0620762622700513, 5.189541631834276, 4.842430823085494, 4.095393145769539, 5.031322436332473, 6.458097174386628, 4.17944907493591, 3.776490055929774, 3.7629981262432004, 4.453141574063895, 3.978760313740177, 3.4732941106051185, 4.548967856830057, 3.3054445995493613, 3.2547738466174967, 3.5355880280764, 2.887758646357644, 2.8953010246048527, 3.2329449695975923, 2.9376641468794227, 2.932439185524686, 3.0903748312906036, 3.0825467510105593], "deepest_minima": [-6.770363627409097, -6.804108158918098, -6.804108158918098, -8.135294154984877, -8.153089000261389, -8.153089000261389, -8.153089000261389, -8.153089000261389, -8.153089000261389, -8.153089000261389, -8.153089000261389, -8.164256402931642, -8.164256402931642, -8.164256402931642, -8.164256402931642, -8.164256402931642, -8.164256402931642, -8.164256402931642, -8.164256402931642, -8.16447367623914, -8.16447367623914, -8.16447367623914, -8.16447367623914, -8.16447367623914, -8.16447367623914, -8.16447367623914, -8.16447367623914, -8.16447367623914, -8.16447367623914, -8.16447367623914, -8.16447367623914, -8.16447367623914, -8.16447367623914, -8.16447367623914, -8.16447367623914, -8.16447367623914, -8.16447367623914, -8.16447367623914, -8.16447367623914, -8.16447367623914, -8.16447367623914, -8.16447367623914, -8.16447367623914, -8.16447367623914, -8.16447367623914, -8.16447367623914, -8.16447367623914, -8.16447367623914, -8.16447367623914, -8.16447367623914], "norm_en": -341603.9614621028}