{"acq_vals": [2.9839077793293254, 0.813072223413688, 1.0551491622680422, 0.2640243383782574, 0.16238949477767273, 0.28867759010363675, 0.4730690131977487, 0.10821335255403142], "deepest_minima": [0.028717968612909317, 0.028717968612909317, -0.01849763887003064, -0.01849763887003064, -0.01849763887003064, -0.027256881701759994, -0.027256881701759994, -0.027256881701759994], "norm_en": -715268.6969642891}