{"acq_vals": [21.754420627509262, 20.62887812991578, 16.368952159632745, 13.791949634967265, 13.953629702316404, 9.5953416983698, 10.147775580885856, 10.342870942105778, 9.636045425862855, 9.48890295012756, 9.351112800772182, 9.317938664524961, 9.20656975559887, 6.438835536687148, 6.833015181371241, 5.692793921334452, 6.305392738744504, 6.088038217008735, 6.466015851364015, 5.958296860669683, 5.687055835451569, 5.471109829428034, 5.425977074045174, 4.895678490177966, 4.852839628341546, 4.649020417895974, 5.095718616416275, 4.725069556529792, 4.568324615803168, 4.598642843898281, 5.546526641280956, 4.368612618662434, 4.180897147713818, 3.9306433296445196, 4.047220077231963, 4.0110394291633025, 3.958836940349059, 4.104142628198576, 4.340877582686932, 4.304334918765519, 3.7866545077132687, 3.784502978644403, 4.283933674491425, 3.8523275955220555, 3.7980287981338683, 3.778324790813775, 4.1104965530941735, 3.7413192992559066, 4.116139924745897, 3.499943351441336], "deepest_minima": [-2.406256708491128, -2.5159873656812124, -2.523334863362834, -2.523334863362834, -2.580453598871827, -2.580453598871827, -2.580453598871827, -2.5833186402451247, -2.5833186402451247, -2.59867760038469, -2.59867760038469, -2.59867760038469, -2.59867760038469, -2.59867760038469, -2.59867760038469, -2.59867760038469, -2.59867760038469, -2.59867760038469, -2.59867760038469, -2.59867760038469, -2.59867760038469, -2.59867760038469, -2.59867760038469, -2.59867760038469, -2.59867760038469, -2.59867760038469, -2.59867760038469, -2.59867760038469, -2.59867760038469, -2.59867760038469, -2.59867760038469, -2.59867760038469, -2.59867760038469, -2.59867760038469, -2.59867760038469, -2.59867760038469, -2.59867760038469, -2.59867760038469, -2.59867760038469, -2.59867760038469, -2.59867760038469, -2.59867760038469, -2.59867760038469, -2.59867760038469, -2.59867760038469, -2.59867760038469, -2.59867760038469, -2.59867760038469, -2.59867760038469, -2.59867760038469], "norm_en": -493124.6701872513}