{"acq_vals": [209.0055989073351, 261.99889917767894, 182.46051445421043, 180.32163697333874, 177.71272583761723, 135.28936328309948, 165.61039078332485, 137.39762109693083, 112.94108173639792, 106.68256362386123, 84.07368514437431, 88.9660793356599, 106.226646834218, 86.36471012807655, 70.05098916316608, 78.28831955816383, 56.15495440435039, 81.040586357691, 77.48152486688095, 69.64968797250447, 84.75590855267934, 12.376637984143871, 37.01619183234062, 51.71872808978405, 88.50452564315734, 45.55768399991194, 49.93831239692689, 34.058434379922325, 85.22968340656068, 62.069657776573, 45.15222286243923, 38.37469912864618, 65.36671817592345, 44.327081943717246, 78.51290237255363, 24.813388576715877, 73.36566161644663, 74.4180710251653, 35.21541051055441, 44.86958792631036, 45.673350931306736, 51.998464058632436, 46.10130291745736, 44.017710471324015, 49.24283545454628, 51.46165793123965, 47.90060283003247, 34.06598769422599, 29.903528365507192, 41.308682319658175], "deepest_minima": [3.985643914435059, 2.5591899427818134, 2.5591899427818134, 2.5591899427818134, 2.5591899427818134, 0.6810669853584841, 0.6810669853584841, 0.6810669853584841, 0.6810669853584841, 0.6810669853584841, 0.6810669853584841, 0.6810669853584841, -0.4160922294249758, -0.4160922294249758, -0.4160922294249758, -0.4160922294249758, -0.4160922294249758, -0.4160922294249758, -0.4160922294249758, -0.4160922294249758, -0.4160922294249758, -0.5303830543998629, -0.5303830543998629, -0.5303830543998629, -0.5303830543998629, -0.5303830543998629, -0.5303830543998629, -0.5303830543998629, -0.5303830543998629, -0.5303830543998629, -0.5303830543998629, -0.5303830543998629, -0.5303830543998629, -0.5303830543998629, -0.5303830543998629, -0.5303830543998629, -1.8028910862049088, -1.8028910862049088, -1.8028910862049088, -1.8028910862049088, -1.8028910862049088, -1.8028910862049088, -1.8028910862049088, -1.8028910862049088, -1.8028910862049088, -1.8028910862049088, -1.8028910862049088, -1.8028910862049088, -1.8028910862049088, -1.8028910862049088]}